cod_ibge,ente,capital,regiao,uf,esfera,exercicio,populacao,cnpj
3102050,Alto Caparaó,0  ,SE,MG,M,2026,6014,01616270000194
3102100,Alto Rio Doce,0  ,SE,MG,M,2026,10931,18094748000166
3102209,Alvarenga,0  ,SE,MG,M,2026,3983,19770288000101
3102308,Alvinópolis,0  ,SE,MG,M,2026,15358,16725392000196
3102407,Alvorada de Minas,0  ,SE,MG,M,2026,4359,18303164000153
3102506,Amparo do Serra,0  ,SE,MG,M,2026,4574,18316174000123
3102605,Andradas,0  ,SE,MG,M,2026,42501,17884412000134
3102704,Cachoeira de Pajeú,0  ,SE,MG,M,2026,9347,18414599000175
3102803,Andrelândia,0  ,SE,MG,M,2026,12163,18682930000138
3102852,Angelândia,0  ,SE,MG,M,2026,7849,01113937000136
3102902,Antônio Carlos,0  ,SE,MG,M,2026,11350,18094763000104
3103009,Antônio Dias,0  ,SE,MG,M,2026,9375,16796575000100
3103108,Antônio Prado de Minas,0  ,SE,MG,M,2026,1552,17947631000115
3103207,Araçaí,0  ,SE,MG,M,2026,2222,18116111000123
3103306,Aracitaba,0  ,SE,MG,M,2026,2095,17747940000141
3103405,Araçuaí,0  ,SE,MG,M,2026,35185,17963083000117
3103504,Araguari,0  ,SE,MG,M,2026,123432,16829640000149
3103603,Arantina,0  ,SE,MG,M,2026,2998,17952508000192
3103702,Araponga,0  ,SE,MG,M,2026,8218,18132167000171
3103751,Araporã,0  ,SE,MG,M,2026,9069,23098510000149
3103801,Arapuá,0  ,SE,MG,M,2026,2668,19942895000101
3103900,Araújos,0  ,SE,MG,M,2026,9634,18300996000116
3104007,Araxá,0  ,SE,MG,M,2026,118786,18140756000100
3104106,Arceburgo,0  ,SE,MG,M,2026,9335,17899717000110
3104205,Arcos,0  ,SE,MG,M,2026,43653,18306662000150
3104304,Areado,0  ,SE,MG,M,2026,14229,18243246000150
3104403,Argirita,0  ,SE,MG,M,2026,2715,17730011000120
3104452,Aricanduva,0  ,SE,MG,M,2026,4820,01608511000153
3104502,Arinos,0  ,SE,MG,M,2026,17586,18125120000180
3104601,Astolfo Dutra,0  ,SE,MG,M,2026,14633,17702507000190
3104700,Ataléia,0  ,SE,MG,M,2026,13936,16971376000183
3104809,Augusto de Lima,0  ,SE,MG,M,2026,4572,17694845000127
3104908,Baependi,0  ,SE,MG,M,2026,18782,18008862000126
3105004,Baldim,0  ,SE,MG,M,2026,7595,18116129000125
3105103,Bambuí,0  ,SE,MG,M,2026,24203,20920567000193
3105202,Bandeira,0  ,SE,MG,M,2026,4811,18349902000101
3105301,Bandeira do Sul,0  ,SE,MG,M,2026,6183,18175794000190
3105400,Barão de Cocais,0  ,SE,MG,M,2026,32264,18317685000160
3105509,Barão de Monte Alto,0  ,SE,MG,M,2026,4952,17947649000117
3105608,Barbacena,0  ,SE,MG,M,2026,129695,17095043000109
3105707,Barra Longa,0  ,SE,MG,M,2026,5717,18316182000170
3105905,Barroso,0  ,SE,MG,M,2026,20604,18094755000168
3106002,Bela Vista de Minas,0  ,SE,MG,M,2026,10427,18311043000153
3106101,Belmiro Braga,0  ,SE,MG,M,2026,3292,18338129000170
3106200,Belo Horizonte,1  ,SE,MG,M,2026,2415872,18715383000140
3106309,Belo Oriente,0  ,SE,MG,M,2026,24546,17005653000166
3106408,Belo Vale,0  ,SE,MG,M,2026,9012,18363937000197
3106507,Berilo,0  ,SE,MG,M,2026,9638,17700758000135
3106606,Bertópolis,0  ,SE,MG,M,2026,4546,18404897000184
3106655,Berizal,0  ,SE,MG,M,2026,4270,01614602000100
3106705,Betim,0  ,SE,MG,M,2026,431433,18715391000196
3106804,Bias Fortes,0  ,SE,MG,M,2026,3367,18094771000150
3106903,Bicas,0  ,SE,MG,M,2026,14358,17722935000184
3107000,Biquinhas,0  ,SE,MG,M,2026,2397,18296640000156
3107109,Boa Esperança,0  ,SE,MG,M,2026,41443,18239590000175
3107208,Bocaina de Minas,0  ,SE,MG,M,2026,5530,18194076000160
3107307,Bocaiúva,0  ,SE,MG,M,2026,49797,18803072000132
3107406,Bom Despacho,0  ,SE,MG,M,2026,54377,18301002000186
3107505,Bom Jardim de Minas,0  ,SE,MG,M,2026,6988,18684217000123
3107604,Bom Jesus da Penha,0  ,SE,MG,M,2026,4677,18187815000197
3107703,Bom Jesus do Amparo,0  ,SE,MG,M,2026,5786,18317693000106
3107802,Bom Jesus do Galho,0  ,SE,MG,M,2026,14719,18334276000171
3107901,Bom Repouso,0  ,SE,MG,M,2026,13312,18675892000196
3108008,Bom Sucesso,0  ,SE,MG,M,2026,17515,18244368000160
3108107,Bonfim,0  ,SE,MG,M,2026,7710,18363945000133
3108206,Bonfinópolis de Minas,0  ,SE,MG,M,2026,5600,18125138000182
3108255,Bonito de Minas,0  ,SE,MG,M,2026,10525,01612493000183
3108305,Borda da Mata,0  ,SE,MG,M,2026,17837,17912023000175
3108404,Botelhos,0  ,SE,MG,M,2026,15141,17847641000189
3108503,Botumirim,0  ,SE,MG,M,2026,5806,18017418000177
3108552,Brasilândia de Minas,0  ,SE,MG,M,2026,15485,01602009000135
3108602,Brasília de Minas,0  ,SE,MG,M,2026,33262,18017442000106
3108701,Brás Pires,0  ,SE,MG,M,2026,4296,18128272000137
3108800,Braúnas,0  ,SE,MG,M,2026,4445,18307389000188
3108909,Brazópolis,0  ,SE,MG,M,2026,14491,18025890000151
3109006,Brumadinho,0  ,SE,MG,M,2026,41090,18363929000140
3109105,Bueno Brandão,0  ,SE,MG,M,2026,11168,18940098000122
3109204,Buenópolis,0  ,SE,MG,M,2026,9171,17694852000129
3109253,Bugre,0  ,SE,MG,M,2026,4159,01613126000102
3109303,Buritis,0  ,SE,MG,M,2026,24779,18125146000129
3109402,Buritizeiro,0  ,SE,MG,M,2026,23908,18279067000172
3109451,Cabeceira Grande,0  ,SE,MG,M,2026,6811,01603707000155
3109501,Cabo Verde,0  ,SE,MG,M,2026,11269,17909599000183
3109600,Cachoeira da Prata,0  ,SE,MG,M,2026,3785,25004532000128
3109709,Cachoeira de Minas,0  ,SE,MG,M,2026,12302,18675959000192
3109808,Cachoeira Dourada,0  ,SE,MG,M,2026,2337,18457267000178
3109907,Caetanópolis,0  ,SE,MG,M,2026,11906,23221351000128
3110004,Caeté,0  ,SE,MG,M,2026,39775,18302299000102
3110103,Caiana,0  ,SE,MG,M,2026,5484,18114256000195
3110202,Cajuri,0  ,SE,MG,M,2026,4191,18132456000170
3110301,Caldas,0  ,SE,MG,M,2026,14628,18625129000150
3110400,Camacho,0  ,SE,MG,M,2026,2851,18308726000151
3110509,Camanducaia,0  ,SE,MG,M,2026,27860,17935396000161
3110608,Cambuí,0  ,SE,MG,M,2026,31066,18675975000185
3110707,Cambuquira,0  ,SE,MG,M,2026,12551,17955386000198
3110806,Campanário,0  ,SE,MG,M,2026,2884,18404905000192
3110905,Campanha,0  ,SE,MG,M,2026,16372,18712174000142
3111002,Campestre,0  ,SE,MG,M,2026,21155,18178400000157
3111101,Campina Verde,0  ,SE,MG,M,2026,18188,18457291000107
3111150,Campo Azul,0  ,SE,MG,M,2026,3806,01612551000179
3111200,Campo Belo,0  ,SE,MG,M,2026,54027,18659334000137
3111309,Campo do Meio,0  ,SE,MG,M,2026,11625,18239582000129
3111408,Campo Florido,0  ,SE,MG,M,2026,8931,18428862000185
3111507,Campos Altos,0  ,SE,MG,M,2026,13076,18298190000130
3111606,Campos Gerais,0  ,SE,MG,M,2026,26749,18245175000124
3111705,Canaã,0  ,SE,MG,M,2026,4839,18132712000120
3111804,Canápolis,0  ,SE,MG,M,2026,10716,18457200000133
3111903,Cana Verde,0  ,SE,MG,M,2026,5342,18244426000156
3112000,Candeias,0  ,SE,MG,M,2026,14211,17888090000100
3112059,Cantagalo,0  ,SE,MG,M,2026,4029,01617441000108
3112109,Caparaó,0  ,SE,MG,M,2026,5138,18114249000193
4201901,Aurora,0  ,SU,SC,M,2026,7241,83102624000147
4201950,Balneário Arroio do Silva,0  ,SU,SC,M,2026,17786,01605479000152
4202008,Balneário Camboriú,0  ,SU,SC,M,2026,151674,83102285000107
4202057,Balneário Barra do Sul,0  ,SU,SC,M,2026,16953,95954509000180
4202073,Balneário Gaivota,0  ,SU,SC,M,2026,17986,01511659000175
4202081,Bandeirante,0  ,SU,SC,M,2026,3265,01612528000184
4202099,Barra Bonita,0  ,SU,SC,M,2026,1642,01612527000130
4202107,Barra Velha,0  ,SU,SC,M,2026,52860,83102830000157
4202131,Bela Vista do Toldo,0  ,SU,SC,M,2026,5939,01612888000186
4202156,Belmonte,0  ,SU,SC,M,2026,2712,80912108000190
4202206,Benedito Novo,0  ,SU,SC,M,2026,10757,83102780000108
4202305,Biguaçu,0  ,SU,SC,M,2026,83756,82892308000153
4210852,Mirim Doce,0  ,SU,SC,M,2026,2554,95952248000169
4210902,Modelo,0  ,SU,SC,M,2026,4159,83021832000111
4211009,Mondaí,0  ,SU,SC,M,2026,10206,83028415000109
4211058,Monte Carlo,0  ,SU,SC,M,2026,9218,95996104000104
4211108,Monte Castelo,0  ,SU,SC,M,2026,7747,83102525000165
4211207,Morro da Fumaça,0  ,SU,SC,M,2026,19490,83000323000102
4211256,Morro Grande,0  ,SU,SC,M,2026,3097,95782785000108
4211306,Navegantes,0  ,SU,SC,M,2026,96046,83102855000150
4211405,Nova Erechim,0  ,SU,SC,M,2026,5490,83021840000168
4211454,Nova Itaberaba,0  ,SU,SC,M,2026,4672,95990131000170
4211504,Nova Trento,0  ,SU,SC,M,2026,14395,82925025000160
4211603,Nova Veneza,0  ,SU,SC,M,2026,14004,82916826000160
4211652,Novo Horizonte,0  ,SU,SC,M,2026,2661,95990115000187
4211702,Orleans,0  ,SU,SC,M,2026,24686,82926544000143
4211751,Otacílio Costa,0  ,SU,SC,M,2026,17873,75326066000175
4211801,Ouro,0  ,SU,SC,M,2026,7062,82777228000157
4211850,Ouro Verde,0  ,SU,SC,M,2026,2195,80913031000172
4211876,Paial,0  ,SU,SC,M,2026,2007,01614376000159
4211892,Painel,0  ,SU,SC,M,2026,2216,01608820000123
4211900,Palhoça,0  ,SU,SC,M,2026,253469,82892316000108
4212007,Palma Sola,0  ,SU,SC,M,2026,7696,83028639000102
4212056,Palmeira,0  ,SU,SC,M,2026,2658,01610566000106
4212106,Palmitos,0  ,SU,SC,M,2026,15781,85361863000147
4212205,Papanduva,0  ,SU,SC,M,2026,19769,83102533000101
4212239,Paraíso,0  ,SU,SC,M,2026,4394,80912009000108
4212254,Passo de Torres,0  ,SU,SC,M,2026,14859,95782793000154
4212270,Passos Maia,0  ,SU,SC,M,2026,3997,95993085000162
4212304,Paulo Lopes,0  ,SU,SC,M,2026,9879,82892365000132
4212403,Pedras Grandes,0  ,SU,SC,M,2026,4355,82928680000172
4212502,Penha,0  ,SU,SC,M,2026,36995,83102327000100
4212601,Peritiba,0  ,SU,SC,M,2026,3040,82815085000120
4212700,Petrolândia,0  ,SU,SC,M,2026,6996,83102673000180
4212809,Balneário Piçarras,0  ,SU,SC,M,2026,30593,83102335000148
4212908,Pinhalzinho,0  ,SU,SC,M,2026,23897,83021857000115
4213005,Pinheiro Preto,0  ,SU,SC,M,2026,3631,82827148000169
4213104,Piratuba,0  ,SU,SC,M,2026,6144,82815481000158
4213153,Planalto Alegre,0  ,SU,SC,M,2026,3081,95990255000155
4213203,Pomerode,0  ,SU,SC,M,2026,37003,83102251000104
4213302,Ponte Alta,0  ,SU,SC,M,2026,4390,83755850000127
4213351,Ponte Alta do Norte,0  ,SU,SC,M,2026,3241,95991287000175
4213401,Ponte Serrada,0  ,SU,SC,M,2026,10732,82777236000101
4213500,Porto Belo,0  ,SU,SC,M,2026,31557,82575812000120
4213609,Porto União,0  ,SU,SC,M,2026,33694,83102541000158
4213708,Pouso Redondo,0  ,SU,SC,M,2026,18051,83102681000126
4213807,Praia Grande,0  ,SU,SC,M,2026,8696,82913211000180
4213906,Presidente Castello Branco,0  ,SU,SC,M,2026,1707,82777244000140
4214003,Presidente Getúlio,0  ,SU,SC,M,2026,21764,83102434000120
4214102,Presidente Nereu,0  ,SU,SC,M,2026,2347,83102699000128
4214151,Princesa,0  ,SU,SC,M,2026,3073,01612836000100
4214201,Quilombo,0  ,SU,SC,M,2026,11433,83021865000161
4214300,Rancho Queimado,0  ,SU,SC,M,2026,3484,82892357000196
4214409,Rio das Antas,0  ,SU,SC,M,2026,6399,83074294000123
4214508,Rio do Campo,0  ,SU,SC,M,2026,6638,83102707000136
4214607,Rio do Oeste,0  ,SU,SC,M,2026,8071,83102715000182
4214706,Rio dos Cedros,0  ,SU,SC,M,2026,11218,83102806000118
4214805,Rio do Sul,0  ,SU,SC,M,2026,77451,83102574000106
4214904,Rio Fortuna,0  ,SU,SC,M,2026,5044,82926585000130
4215000,Rio Negrinho,0  ,SU,SC,M,2026,40132,83102756000179
4215059,Rio Rufino,0  ,SU,SC,M,2026,2429,95991071000100
4215075,Riqueza,0  ,SU,SC,M,2026,4828,95988309000148
4215109,Rodeio,0  ,SU,SC,M,2026,13491,83102814000164
4215208,Romelândia,0  ,SU,SC,M,2026,4684,82821182000126
4215307,Salete,0  ,SU,SC,M,2026,7656,83102723000129
4215356,Saltinho,0  ,SU,SC,M,2026,3604,01612844000156
4215406,Salto Veloso,0  ,SU,SC,M,2026,4495,82827353000124
4215455,Sangão,0  ,SU,SC,M,2026,13797,95780458000117
4215505,Santa Cecília,0  ,SU,SC,M,2026,15749,85997237000141
4215554,Santa Helena,0  ,SU,SC,M,2026,2476,80912140000175
4215604,Santa Rosa de Lima,0  ,SU,SC,M,2026,2131,82926593000186
4215653,Santa Rosa do Sul,0  ,SU,SC,M,2026,10450,80989965000198
4215679,Santa Terezinha,0  ,SU,SC,M,2026,8015,95951323000177
4215687,Santa Terezinha do Progresso,0  ,SU,SC,M,2026,2534,01612847000190
4215695,Santiago do Sul,0  ,SU,SC,M,2026,1732,01612781000138
4215703,Santo Amaro da Imperatriz,0  ,SU,SC,M,2026,30099,82892324000146
4215752,São Bernardino,0  ,SU,SC,M,2026,2715,01612812000150
4215802,São Bento do Sul,0  ,SU,SC,M,2026,87661,86051398000100
4215901,São Bonifácio,0  ,SU,SC,M,2026,2982,82892340000139
4216008,São Carlos,0  ,SU,SC,M,2026,10462,82945718000115
4216057,São Cristovão do Sul,0  ,SU,SC,M,2026,6489,95991261000127
4216107,São Domingos,0  ,SU,SC,M,2026,9343,83009894000108
4216206,São Francisco do Sul,0  ,SU,SC,M,2026,56726,83102269000106
4308102,Feliz,0  ,SU,RS,M,2026,13994,87838330000139
4308201,Flores da Cunha,0  ,SU,RS,M,2026,32015,87843819000107
4308250,Floriano Peixoto,0  ,SU,RS,M,2026,1690,01612289000162
4308300,Fontoura Xavier,0  ,SU,RS,M,2026,9710,87612768000102
4308409,Formigueiro,0  ,SU,RS,M,2026,6527,97228126000150
4308433,Forquetinha,0  ,SU,RS,M,2026,2441,04214401000103
4308458,Fortaleza dos Valos,0  ,SU,RS,M,2026,4569,89708051000186
4308508,Frederico Westphalen,0  ,SU,RS,M,2026,33726,87612917000125
4308607,Garibaldi,0  ,SU,RS,M,2026,35563,88594999000195
4308656,Garruchos,0  ,SU,RS,M,2026,2724,92891035000186
4308706,Gaurama,0  ,SU,RS,M,2026,5779,87613428000198
4308805,General Câmara,0  ,SU,RS,M,2026,7743,88117726000150
4308854,Gentil,0  ,SU,RS,M,2026,1784,92411875000102
4308904,Getúlio Vargas,0  ,SU,RS,M,2026,16955,87613410000196
4309001,Giruá,0  ,SU,RS,M,2026,16273,87613048000153
4309050,Glorinha,0  ,SU,RS,M,2026,7851,91338558000137
4309100,Gramado,0  ,SU,RS,M,2026,41705,88847082000155
4309126,Gramado dos Loureiros,0  ,SU,RS,M,2026,2047,94703964000140
4309159,Gramado Xavier,0  ,SU,RS,M,2026,3350,94577509000145
4309209,Gravataí,0  ,SU,RS,M,2026,275430,87890992000158
4309258,Guabiju,0  ,SU,RS,M,2026,1441,91566844000150
4309308,Guaíba,0  ,SU,RS,M,2026,95946,88811922000120
4309407,Guaporé,0  ,SU,RS,M,2026,26168,87862397000109
4309506,Guarani das Missões,0  ,SU,RS,M,2026,7547,87613030000151
4309555,Harmonia,0  ,SU,RS,M,2026,5535,91693283000150
4309571,Herveiras,0  ,SU,RS,M,2026,2604,01617873000100
4309605,Horizontina,0  ,SU,RS,M,2026,19252,87612834000136
4309654,Hulha Negra,0  ,SU,RS,M,2026,6102,94702784000143
4309704,Humaitá,0  ,SU,RS,M,2026,4772,87613139000199
4309753,Ibarama,0  ,SU,RS,M,2026,3787,92000231000113
4309803,Ibiaçá,0  ,SU,RS,M,2026,4617,87613592000103
4309902,Ibiraiaras,0  ,SU,RS,M,2026,6827,87613584000159
4309951,Ibirapuitã,0  ,SU,RS,M,2026,3789,92406263000113
4310009,Ibirubá,0  ,SU,RS,M,2026,22106,87564381000110
4310108,Igrejinha,0  ,SU,RS,M,2026,34776,88379763000136
4310207,Ijuí,0  ,SU,RS,M,2026,87848,90738196000109
4310306,Ilópolis,0  ,SU,RS,M,2026,4245,88186424000133
4310330,Imbé,0  ,SU,RS,M,2026,28027,90256652000184
4310363,Imigrante,0  ,SU,RS,M,2026,3149,92454776000108
4310405,Independência,0  ,SU,RS,M,2026,6557,87612826000190
4310413,Inhacorá,0  ,SU,RS,M,2026,2047,93244606000153
4310439,Ipê,0  ,SU,RS,M,2026,5490,90544511000167
4310462,Ipiranga do Sul,0  ,SU,RS,M,2026,1748,92453836000160
4310504,Iraí,0  ,SU,RS,M,2026,7619,87612941000164
4310538,Itaara,0  ,SU,RS,M,2026,5712,01605306000134
4310553,Itacurubi,0  ,SU,RS,M,2026,3038,91573048000144
4310579,Itapuca,0  ,SU,RS,M,2026,1963,93856862000100
4310652,Itati,0  ,SU,RS,M,2026,2696,04158995000174
4310702,Itatiba do Sul,0  ,SU,RS,M,2026,3240,87613402000140
4310751,Ivorá,0  ,SU,RS,M,2026,1962,92457175000140
4310801,Ivoti,0  ,SU,RS,M,2026,23566,88254909000117
4310850,Jaboticaba,0  ,SU,RS,M,2026,3847,92005560000157
4310876,Jacuizinho,0  ,SU,RS,M,2026,2066,04217901000190
4310900,Jacutinga,0  ,SU,RS,M,2026,3398,87613394000131
4311007,Jaguarão,0  ,SU,RS,M,2026,27396,88414552000197
4311106,Jaguari,0  ,SU,RS,M,2026,10771,87572046000163
4311122,Jaquirana,0  ,SU,RS,M,2026,3751,92401561000110
4311130,Jari,0  ,SU,RS,M,2026,3412,01609402000150
4311155,Jóia,0  ,SU,RS,M,2026,7294,89650121000192
4311205,Júlio de Castilhos,0  ,SU,RS,M,2026,18545,88227756000119
4311239,Lagoa Bonita do Sul,0  ,SU,RS,M,2026,2283,04215918000109
4311254,Lagoão,0  ,SU,RS,M,2026,5421,92406289000161
4311270,Lagoa dos Três Cantos,0  ,SU,RS,M,2026,1781,94704277000149
4311304,Lagoa Vermelha,0  ,SU,RS,M,2026,28622,87613626000151
4311403,Lajeado,0  ,SU,RS,M,2026,96879,87297982000103
4311429,Lajeado do Bugre,0  ,SU,RS,M,2026,2661,92410448000100
4311502,Lavras do Sul,0  ,SU,RS,M,2026,7290,88201298000149
4311601,Liberato Salzano,0  ,SU,RS,M,2026,4845,89030639000123
4311627,Lindolfo Collor,0  ,SU,RS,M,2026,6420,94707486000146
4311643,Linha Nova,0  ,SU,RS,M,2026,1721,92123900000144
4310603,Itaqui,0  ,SU,RS,M,2026,36811,88120662000146
4311700,Machadinho,0  ,SU,RS,M,2026,5867,87613576000102
4311718,Maçambará,0  ,SU,RS,M,2026,4485,01610568000197
4311734,Mampituba,0  ,SU,RS,M,2026,3203,01613501000106
4311759,Manoel Viana,0  ,SU,RS,M,2026,6915,91551762000131
4311775,Maquiné,0  ,SU,RS,M,2026,7593,94436342000100
4311791,Maratá,0  ,SU,RS,M,2026,2521,93235943000184
4311809,Marau,0  ,SU,RS,M,2026,46748,87599122000124
4311908,Marcelino Ramos,0  ,SU,RS,M,2026,4382,87613287000103
4311981,Mariana Pimentel,0  ,SU,RS,M,2026,4005,94068418000184
4312005,Mariano Moro,0  ,SU,RS,M,2026,1884,87613386000195
4312054,Marques de Souza,0  ,SU,RS,M,2026,4050,01607619000121
4312104,Mata,0  ,SU,RS,M,2026,4782,88485412000100
4312138,Mato Castelhano,0  ,SU,RS,M,2026,2611,92412808000102
4312153,Mato Leitão,0  ,SU,RS,M,2026,5001,94577590000163
4312179,Mato Queimado,0  ,SU,RS,M,2026,1833,04204318000145
4312203,Maximiliano de Almeida,0  ,SU,RS,M,2026,4251,87613279000167
4312252,Minas do Leão,0  ,SU,RS,M,2026,7661,91900381000110
4312302,Miraguaí,0  ,SU,RS,M,2026,4501,87613121000197
4312351,Montauri,0  ,SU,RS,M,2026,1530,90221565000191
4312377,Monte Alegre dos Campos,0  ,SU,RS,M,2026,3251,01615314000161
4312385,Monte Belo do Sul,0  ,SU,RS,M,2026,2608,91987669000174
4312401,Montenegro,0  ,SU,RS,M,2026,66352,90895905000160
4312427,Mormaço,0  ,SU,RS,M,2026,2815,92451038000107
4312443,Morrinhos do Sul,0  ,SU,RS,M,2026,3133,93317980000131
4312450,Morro Redondo,0  ,SU,RS,M,2026,6168,91558650000102
4312476,Morro Reuter,0  ,SU,RS,M,2026,6167,94707627000120
4312500,Mostardas,0  ,SU,RS,M,2026,12347,88000922000140
4312609,Muçum,0  ,SU,RS,M,2026,4692,88224712000135
4312617,Muitos Capões,0  ,SU,RS,M,2026,2937,01621714000180
4312625,Muliterno,0  ,SU,RS,M,2026,1754,92450998000144
4312658,Não-Me-Toque,0  ,SU,RS,M,2026,18335,87613519000123
4312674,Nicolau Vergueiro,0  ,SU,RS,M,2026,1982,92411974000186
4312708,Nonoai,0  ,SU,RS,M,2026,14074,91567974000107
4312757,Nova Alvorada,0  ,SU,RS,M,2026,3229,92402502000167
4312807,Nova Araçá,0  ,SU,RS,M,2026,5098,87502902000104
4312906,Nova Bassano,0  ,SU,RS,M,2026,9867,87502894000104
4312955,Nova Boa Vista,0  ,SU,RS,M,2026,2089,94704061000183
4313003,Nova Bréscia,0  ,SU,RS,M,2026,3104,88600655000141
4313011,Nova Candelária,0  ,SU,RS,M,2026,3138,01602258000120
4313037,Nova Esperança do Sul,0  ,SU,RS,M,2026,4976,92455393000146
4313060,Nova Hartz,0  ,SU,RS,M,2026,20558,91995365000159
4313086,Nova Pádua,0  ,SU,RS,M,2026,2389,92871532000112
4313102,Nova Palma,0  ,SU,RS,M,2026,5676,88488358000156
3202306,Guaçuí,0  ,SE,ES,M,2026,31418,27174135000120
3202405,Guarapari,0  ,SE,ES,M,2026,136311,27165190000153
3202454,Ibatiba,0  ,SE,ES,M,2026,27543,27744150000166
4216255,São João do Oeste,0  ,SU,SC,M,2026,6467,80911936000103
4216305,São João Batista,0  ,SU,SC,M,2026,35336,82925652000100
4216354,São João do Itaperiú,0  ,SU,SC,M,2026,4827,95954442000183
4216404,São João do Sul,0  ,SU,SC,M,2026,9278,82547274000160
4216503,São Joaquim,0  ,SU,SC,M,2026,26982,82561093000198
4216602,São José,0  ,SU,SC,M,2026,295658,82892274000105
4216701,São José do Cedro,0  ,SU,SC,M,2026,14538,83026781000110
4216800,São José do Cerrito,0  ,SU,SC,M,2026,8706,82777327000139
4216909,São Lourenço do Oeste,0  ,SU,SC,M,2026,26056,83021873000108
4217006,São Ludgero,0  ,SU,SC,M,2026,14444,82926536000105
4217105,São Martinho,0  ,SU,SC,M,2026,3520,82836818000103
4217154,São Miguel da Boa Vista,0  ,SU,SC,M,2026,1777,80912124000182
4217204,São Miguel do Oeste,0  ,SU,SC,M,2026,47724,82821174000180
4217253,São Pedro de Alcântara,0  ,SU,SC,M,2026,6175,01613101000109
4217303,Saudades,0  ,SU,SC,M,2026,10799,83021881000154
4217402,Schroeder,0  ,SU,SC,M,2026,21710,83102491000109
4217501,Seara,0  ,SU,SC,M,2026,19399,83024505000113
4217550,Serra Alta,0  ,SU,SC,M,2026,3370,80622319000198
4217600,Siderópolis,0  ,SU,SC,M,2026,14156,82929407000162
4217709,Sombrio,0  ,SU,SC,M,2026,31722,82963216000117
4217758,Sul Brasil,0  ,SU,SC,M,2026,2900,95990107000130
4217808,Taió,0  ,SU,SC,M,2026,18909,82765488000102
4217907,Tangará,0  ,SU,SC,M,2026,8144,82827999000101
4217956,Tigrinhos,0  ,SU,SC,M,2026,2535,01566620000155
4218004,Tijucas,0  ,SU,SC,M,2026,58695,82577636000165
4218103,Timbé do Sul,0  ,SU,SC,M,2026,5503,82915232000134
4218202,Timbó,0  ,SU,SC,M,2026,49768,83102764000115
4218251,Timbó Grande,0  ,SU,SC,M,2026,7521,78497492000160
4218301,Três Barras,0  ,SU,SC,M,2026,20525,83102400000135
4218350,Treviso,0  ,SU,SC,M,2026,3920,01614019000190
4218400,Treze de Maio,0  ,SU,SC,M,2026,7633,82928672000126
4218509,Treze Tílias,0  ,SU,SC,M,2026,9531,82777251000141
4218608,Trombudo Central,0  ,SU,SC,M,2026,7599,83102731000175
4218707,Tubarão,0  ,SU,SC,M,2026,116725,82928656000133
4218756,Tunápolis,0  ,SU,SC,M,2026,5081,78486198000152
4218806,Turvo,0  ,SU,SC,M,2026,13604,82548983000160
4218855,União do Oeste,0  ,SU,SC,M,2026,2791,78505591000146
4218905,Urubici,0  ,SU,SC,M,2026,11064,82843582000132
4218954,Urupema,0  ,SU,SC,M,2026,2751,78492576000100
4219002,Urussanga,0  ,SU,SC,M,2026,21464,82930181000110
4219101,Vargeão,0  ,SU,SC,M,2026,3726,83009928000164
4219150,Vargem,0  ,SU,SC,M,2026,2613,95995130000118
4219176,Vargem Bonita,0  ,SU,SC,M,2026,4597,95996187000131
4219200,Vidal Ramos,0  ,SU,SC,M,2026,6266,83102376000134
4219309,Videira,0  ,SU,SC,M,2026,59074,83039842000184
4219358,Vitor Meireles,0  ,SU,SC,M,2026,5507,79372520000185
4219408,Witmarsum,0  ,SU,SC,M,2026,4513,83102442000176
4219507,Xanxerê,0  ,SU,SC,M,2026,54891,83009860000113
4219606,Xavantina,0  ,SU,SC,M,2026,3583,83009878000115
4219705,Xaxim,0  ,SU,SC,M,2026,34485,82854670000130
4219853,Zortéa,0  ,SU,SC,M,2026,4257,01612387000108
4300034,Aceguá,0  ,SU,RS,M,2026,4251,04217437000132
4300059,Água Santa,0  ,SU,RS,M,2026,4003,92406495000171
4300109,Agudo,0  ,SU,RS,M,2026,16341,87531976000179
4300208,Ajuricaba,0  ,SU,RS,M,2026,6843,87613253000119
4300307,Alecrim,0  ,SU,RS,M,2026,6219,87612784000197
4300406,Alegrete,0  ,SU,RS,M,2026,74285,87896874000157
4300455,Alegria,0  ,SU,RS,M,2026,3705,92465228000175
4300471,Almirante Tamandaré do Sul,0  ,SU,RS,M,2026,2007,04215782000137
4300505,Alpestre,0  ,SU,RS,M,2026,7235,87612933000118
4300554,Alto Alegre,0  ,SU,RS,M,2026,1837,92406057000103
4300570,Alto Feliz,0  ,SU,RS,M,2026,3145,92123926000192
4300604,Alvorada,0  ,SU,RS,M,2026,194062,88000906000157
4300638,Amaral Ferrador,0  ,SU,RS,M,2026,5384,90152299000192
4300646,Ametista do Sul,0  ,SU,RS,M,2026,7826,92411156000183
4300661,André da Rocha,0  ,SU,RS,M,2026,1156,90483066000172
4300703,Anta Gorda,0  ,SU,RS,M,2026,6080,87261509000176
4300802,Antônio Prado,0  ,SU,RS,M,2026,13332,87842233000110
4300851,Arambaré,0  ,SU,RS,M,2026,4215,90152950000124
4300877,Araricá,0  ,SU,RS,M,2026,8831,01612918000154
4300901,Aratiba,0  ,SU,RS,M,2026,6618,87613469000184
4301008,Arroio do Meio,0  ,SU,RS,M,2026,22523,87297271000139
4301057,Arroio do Sal,0  ,SU,RS,M,2026,11418,91103093000135
4301073,Arroio do Padre,0  ,SU,RS,M,2026,2650,04218960000183
4301107,Arroio dos Ratos,0  ,SU,RS,M,2026,14934,88363072000144
4301206,Arroio do Tigre,0  ,SU,RS,M,2026,12291,87590998000100
4301305,Arroio Grande,0  ,SU,RS,M,2026,17879,88860366000181
4301404,Arvorezinha,0  ,SU,RS,M,2026,10547,87612750000100
4301503,Augusto Pestana,0  ,SU,RS,M,2026,7303,87613246000117
4301552,Áurea,0  ,SU,RS,M,2026,3458,92453802000175
4301602,Bagé,0  ,SU,RS,M,2026,121928,88073291000199
4301636,Balneário Pinhal,0  ,SU,RS,M,2026,15413,01611339000197
4301651,Barão,0  ,SU,RS,M,2026,6496,91693325000152
4301701,Barão de Cotegipe,0  ,SU,RS,M,2026,7320,87613451000182
4301750,Barão do Triunfo,0  ,SU,RS,M,2026,5972,91900365000128
4301800,Barracão,0  ,SU,RS,M,2026,4915,87613618000105
4301859,Barra do Guarita,0  ,SU,RS,M,2026,3231,94726312000120
4301875,Barra do Quaraí,0  ,SU,RS,M,2026,4340,01610910000159
4301909,Barra do Ribeiro,0  ,SU,RS,M,2026,12473,88811930000176
4301925,Barra do Rio Azul,0  ,SU,RS,M,2026,1721,93539153000192
4301958,Barra Funda,0  ,SU,RS,M,2026,2557,94704004000102
4302006,Barros Cassal,0  ,SU,RS,M,2026,9425,87612735000154
4302055,Benjamin Constant do Sul,0  ,SU,RS,M,2026,2118,01612292000186
4302105,Bento Gonçalves,0  ,SU,RS,M,2026,127977,87849923000109
4302154,Boa Vista das Missões,0  ,SU,RS,M,2026,1968,92410562000121
4302204,Boa Vista do Buricá,0  ,SU,RS,M,2026,7129,87612867000186
4302220,Boa Vista do Cadeado,0  ,SU,RS,M,2026,2269,04216132000106
4302238,Boa Vista do Incra,0  ,SU,RS,M,2026,2314,04215199000126
4302253,Boa Vista do Sul,0  ,SU,RS,M,2026,2815,01602022000194
4302303,Bom Jesus,0  ,SU,RS,M,2026,11429,87851200000136
4302352,Bom Princípio,0  ,SU,RS,M,2026,13665,90873787000199
4302378,Bom Progresso,0  ,SU,RS,M,2026,2132,94726353000117
4302402,Bom Retiro do Sul,0  ,SU,RS,M,2026,12587,87242707000192
4302451,Boqueirão do Leão,0  ,SU,RS,M,2026,6202,92454818000100
4302501,Bossoroca,0  ,SU,RS,M,2026,5978,87613014000169
4302584,Bozano,0  ,SU,RS,M,2026,2195,04216419000136
4302600,Braga,0  ,SU,RS,M,2026,3322,87613170000120
4302659,Brochier,0  ,SU,RS,M,2026,5083,91693309000160
3547007,Santa Maria da Serra,0  ,SE,SP,M,2026,5308,44720530000180
3547106,Santa Mercedes,0  ,SE,SP,M,2026,3017,44919066000155
3547205,Santana da Ponte Pensa,0  ,SE,SP,M,2026,1699,45138088000140
3547304,Santana de Parnaíba,0  ,SE,SP,M,2026,163787,46522983000127
3547403,Santa Rita d'Oeste,0  ,SE,SP,M,2026,2796,45138336000153
3547502,Santa Rita do Passa Quatro,0  ,SE,SP,M,2026,24996,45749819000194
3547601,Santa Rosa de Viterbo,0  ,SE,SP,M,2026,23710,45368545000193
3547650,Santa Salete,0  ,SE,SP,M,2026,1692,01611211000123
3547700,Santo Anastácio,0  ,SE,SP,M,2026,17960,54279666000150
3547809,Santo André,0  ,SE,SP,M,2026,782048,46522942000130
3547908,Santo Antônio da Alegria,0  ,SE,SP,M,2026,6933,45302130000117
3548005,Santo Antônio de Posse,0  ,SE,SP,M,2026,23867,45331196000135
3548054,Santo Antônio do Aracanguá,0  ,SE,SP,M,2026,8593,59764399000120
3548104,Santo Antônio do Jardim,0  ,SE,SP,M,2026,6243,45739091000110
3548203,Santo Antônio do Pinhal,0  ,SE,SP,M,2026,7314,45701455000172
3548302,Santo Expedito,0  ,SE,SP,M,2026,3069,46439113000199
3548401,Santópolis do Aguapeí,0  ,SE,SP,M,2026,3921,44445054000136
3548500,Santos,0  ,SE,SP,M,2026,429547,58200015000183
3548609,São Bento do Sapucaí,0  ,SE,SP,M,2026,11989,45195823000158
3548708,São Bernardo do Campo,0  ,SE,SP,M,2026,841154,46523239000147
3548807,São Caetano do Sul,0  ,SE,SP,M,2026,172693,59307595000175
3548906,São Carlos,0  ,SE,SP,M,2026,266427,45358249000101
3549003,São Francisco,0  ,SE,SP,M,2026,2623,46603395000118
3549102,São João da Boa Vista,0  ,SE,SP,M,2026,96080,46429379000150
3549201,São João das Duas Pontes,0  ,SE,SP,M,2026,2623,45116712000109
3549250,São João de Iracema,0  ,SE,SP,M,2026,1882,59764472000163
3549300,São João do Pau d'Alho,0  ,SE,SP,M,2026,2293,44919314000168
3549409,São Joaquim da Barra,0  ,SE,SP,M,2026,49885,59851543000165
3549508,São José da Bela Vista,0  ,SE,SP,M,2026,7664,59851600000106
3549607,São José do Barreiro,0  ,SE,SP,M,2026,3888,45200623000146
3549706,São José do Rio Pardo,0  ,SE,SP,M,2026,53427,45741659000137
3549805,São José do Rio Preto,0  ,SE,SP,M,2026,504166,46588950000180
3549904,São José dos Campos,0  ,SE,SP,M,2026,727078,46643466000106
3549953,São Lourenço da Serra,0  ,SE,SP,M,2026,16479,59058131000172
3550001,São Luís do Paraitinga,0  ,SE,SP,M,2026,10487,46631248000151
3550100,São Manuel,0  ,SE,SP,M,2026,38131,46634523000190
3550209,São Miguel Arcanjo,0  ,SE,SP,M,2026,32924,46634333000173
3550308,São Paulo,1  ,SE,SP,M,2026,11904961,46395000000139
3550407,São Pedro,0  ,SE,SP,M,2026,39855,46415998000196
3550506,São Pedro do Turvo,0  ,SE,SP,M,2026,7333,44567014000167
3550605,São Roque,0  ,SE,SP,M,2026,81366,70946009000175
3550704,São Sebastião,0  ,SE,SP,M,2026,84280,46482832000192
3550803,São Sebastião da Grama,0  ,SE,SP,M,2026,10428,45741527000105
3550902,São Simão,0  ,SE,SP,M,2026,13560,45369220000125
3551009,São Vicente,0  ,SE,SP,M,2026,338326,46177523000109
3551108,Sarapuí,0  ,SE,SP,M,2026,10677,46634341000110
3551207,Sarutaiá,0  ,SE,SP,M,2026,3772,46223731000105
3551306,Sebastianópolis do Sul,0  ,SE,SP,M,2026,3191,52879780000195
3551405,Serra Azul,0  ,SE,SP,M,2026,13108,44229839000171
3551504,Serrana,0  ,SE,SP,M,2026,45580,44229813000123
3551603,Serra Negra,0  ,SE,SP,M,2026,31047,44847663000111
3551702,Sertãozinho,0  ,SE,SP,M,2026,132176,45371820000128
3551801,Sete Barras,0  ,SE,SP,M,2026,12903,46587275000174
3551900,Severínia,0  ,SE,SP,M,2026,14693,46596235000199
3552007,Silveiras,0  ,SE,SP,M,2026,6329,45192564000101
4202404,Blumenau,0  ,SU,SC,M,2026,385558,83108357000115
4202438,Bocaina do Sul,0  ,SU,SC,M,2026,3639,01606852000190
4202453,Bombinhas,0  ,SU,SC,M,2026,28738,95815379000102
4202503,Bom Jardim da Serra,0  ,SU,SC,M,2026,3995,82844754000192
4202537,Bom Jesus,0  ,SU,SC,M,2026,2896,01551148000187
4202578,Bom Jesus do Oeste,0  ,SU,SC,M,2026,2240,01594009000130
4202602,Bom Retiro,0  ,SU,SC,M,2026,8422,82777343000121
4202701,Botuverá,0  ,SU,SC,M,2026,5705,83102350000196
4202800,Braço do Norte,0  ,SU,SC,M,2026,35985,82926551000145
4202859,Braço do Trombudo,0  ,SU,SC,M,2026,4256,95952230000167
4202875,Brunópolis,0  ,SU,SC,M,2026,2433,01613853000161
4202909,Brusque,0  ,SU,SC,M,2026,155307,83102343000194
4203006,Caçador,0  ,SU,SC,M,2026,76298,83074302000131
4203105,Caibi,0  ,SU,SC,M,2026,6441,82940776000156
4203154,Calmon,0  ,SU,SC,M,2026,3519,95949806000137
4203204,Camboriú,0  ,SU,SC,M,2026,117324,83102293000145
4203253,Capão Alto,0  ,SU,SC,M,2026,2636,01599409000139
4203303,Campo Alegre,0  ,SU,SC,M,2026,12886,83102749000177
4203402,Campo Belo do Sul,0  ,SU,SC,M,2026,7324,82777319000192
4203501,Campo Erê,0  ,SU,SC,M,2026,9864,83026765000128
4203600,Campos Novos,0  ,SU,SC,M,2026,39049,82939232000174
4203709,Canelinha,0  ,SU,SC,M,2026,13618,82562893000123
4203808,Canoinhas,0  ,SU,SC,M,2026,56948,83102384000180
4203907,Capinzal,0  ,SU,SC,M,2026,24414,82939406000107
4203956,Capivari de Baixo,0  ,SU,SC,M,2026,25015,95780441000160
4204004,Catanduvas,0  ,SU,SC,M,2026,11033,82939414000145
4204103,Caxambu do Sul,0  ,SU,SC,M,2026,4752,83021816000129
4204152,Celso Ramos,0  ,SU,SC,M,2026,2864,78493343000122
4204178,Cerro Negro,0  ,SU,SC,M,2026,3303,95991097000158
4204194,Chapadão do Lageado,0  ,SU,SC,M,2026,3053,01613120000127
4204202,Chapecó,0  ,SU,SC,M,2026,282648,83021808000182
4204251,Cocal do Sul,0  ,SU,SC,M,2026,18106,95778056000188
4204301,Concórdia,0  ,SU,SC,M,2026,87206,83024257000100
4204350,Cordilheira Alta,0  ,SU,SC,M,2026,5192,95990198000104
4204400,Coronel Freitas,0  ,SU,SC,M,2026,10604,83021824000175
4204459,Coronel Martins,0  ,SU,SC,M,2026,1993,95993093000109
4204509,Corupá,0  ,SU,SC,M,2026,15912,83102467000170
4204558,Correia Pinto,0  ,SU,SC,M,2026,16253,75438655000145
4204608,Criciúma,0  ,SU,SC,M,2026,227438,82916818000113
4204707,Cunha Porã,0  ,SU,SC,M,2026,11242,83021147000195
4204756,Cunhataí,0  ,SU,SC,M,2026,2026,01612116000144
4204806,Curitibanos,0  ,SU,SC,M,2026,41741,83754044000134
4204905,Descanso,0  ,SU,SC,M,2026,8652,83026138000197
4205001,Dionísio Cerqueira,0  ,SU,SC,M,2026,15316,83026773000174
4205100,Dona Emma,0  ,SU,SC,M,2026,4435,83102426000183
4205159,Doutor Pedrinho,0  ,SU,SC,M,2026,3729,79373775000162
4205175,Entre Rios,0  ,SU,SC,M,2026,3561,01612698000169
4205191,Ermo,0  ,SU,SC,M,2026,2354,01608905000101
4205209,Erval Velho,0  ,SU,SC,M,2026,5137,82939422000191
4205308,Faxinal dos Guedes,0  ,SU,SC,M,2026,11537,83009910000162
4205357,Flor do Sertão,0  ,SU,SC,M,2026,1868,01566621000108
4205407,Florianópolis,1  ,SU,SC,M,2026,587486,82892282000143
4205431,Formosa do Sul,0  ,SU,SC,M,2026,2752,80637424000109
4205456,Forquilhinha,0  ,SU,SC,M,2026,34771,81531162000158
4205506,Fraiburgo,0  ,SU,SC,M,2026,34065,82947979000174
4205555,Frei Rogério,0  ,SU,SC,M,2026,2437,01616039000109
4205605,Galvão,0  ,SU,SC,M,2026,3168,83009902000116
4205704,Garopaba,0  ,SU,SC,M,2026,34070,82836057000190
4205803,Garuva,0  ,SU,SC,M,2026,19970,83102848000159
4205902,Gaspar,0  ,SU,SC,M,2026,78344,83102244000102
4206009,Governador Celso Ramos,0  ,SU,SC,M,2026,18280,82892373000189
4206108,Grão Pará,0  ,SU,SC,M,2026,6403,82558149000155
4206207,Gravatal,0  ,SU,SC,M,2026,13158,82926569000147
4206306,Guabiruba,0  ,SU,SC,M,2026,26645,83102368000198
4206405,Guaraciaba,0  ,SU,SC,M,2026,11071,82821216000182
4206504,Guaramirim,0  ,SU,SC,M,2026,51009,83102475000116
4206603,Guarujá do Sul,0  ,SU,SC,M,2026,4893,83027045000187
4206652,Guatambú,0  ,SU,SC,M,2026,9611,95990206000112
4206702,Herval d'Oeste,0  ,SU,SC,M,2026,22222,82939430000138
4206751,Ibiam,0  ,SU,SC,M,2026,2061,01612745000174
4206801,Ibicaré,0  ,SU,SC,M,2026,3295,82939448000130
4206900,Ibirama,0  ,SU,SC,M,2026,20900,83102418000137
4207007,Içara,0  ,SU,SC,M,2026,63489,82916800000111
4207106,Ilhota,0  ,SU,SC,M,2026,18627,83102301000153
4207205,Imaruí,0  ,SU,SC,M,2026,12150,82538851000157
4207304,Imbituba,0  ,SU,SC,M,2026,57256,82909409000190
4207403,Imbuia,0  ,SU,SC,M,2026,6166,83102632000193
4207502,Indaial,0  ,SU,SC,M,2026,77888,83102798000100
4207577,Iomerê,0  ,SU,SC,M,2026,2967,01612744000120
4207601,Ipira,0  ,SU,SC,M,2026,4622,82814260000165
4207650,Iporã do Oeste,0  ,SU,SC,M,2026,9759,78485554000113
4207684,Ipuaçu,0  ,SU,SC,M,2026,8133,95993028000183
4207700,Ipumirim,0  ,SU,SC,M,2026,8121,82814575000102
4207759,Iraceminha,0  ,SU,SC,M,2026,3981,80623606000112
4207809,Irani,0  ,SU,SC,M,2026,10560,82939455000131
4207858,Irati,0  ,SU,SC,M,2026,2098,95990230000151
4207908,Irineópolis,0  ,SU,SC,M,2026,10427,83102558000105
4208005,Itá,0  ,SU,SC,M,2026,7370,83024240000153
4208104,Itaiópolis,0  ,SU,SC,M,2026,22906,83102517000119
4208203,Itajaí,0  ,SU,SC,M,2026,294850,83102277000152
4208302,Itapema,0  ,SU,SC,M,2026,86116,82572207000103
4208401,Itapiranga,0  ,SU,SC,M,2026,17268,82821208000136
4208450,Itapoá,0  ,SU,SC,M,2026,36033,81140303000101
4208500,Ituporanga,0  ,SU,SC,M,2026,28461,83102640000130
4208609,Jaborá,0  ,SU,SC,M,2026,4461,82939463000188
4208708,Jacinto Machado,0  ,SU,SC,M,2026,10818,82960758000136
4208807,Jaguaruna,0  ,SU,SC,M,2026,21570,82928698000174
4208906,Jaraguá do Sul,0  ,SU,SC,M,2026,199519,83102459000123
4208955,Jardinópolis,0  ,SU,SC,M,2026,1810,80637457000140
4209003,Joaçaba,0  ,SU,SC,M,2026,31809,82939380000199
4209102,Joinville,0  ,SU,SC,M,2026,664541,83169623000110
4209151,José Boiteux,0  ,SU,SC,M,2026,6415,79372553000125
4209177,Jupiá,0  ,SU,SC,M,2026,2713,01593132000137
4209201,Lacerdópolis,0  ,SU,SC,M,2026,2302,82939471000124
4209300,Lages,0  ,SU,SC,M,2026,172458,82777301000190
4209409,Laguna,0  ,SU,SC,M,2026,44060,82928706000182
4209458,Lajeado Grande,0  ,SU,SC,M,2026,1791,95993077000116
4209508,Laurentino,0  ,SU,SC,M,2026,8605,83102657000197
4209607,Lauro Muller,0  ,SU,SC,M,2026,14628,82558909000124
4209706,Lebon Régis,0  ,SU,SC,M,2026,11575,83074310000188
4209805,Leoberto Leal,0  ,SU,SC,M,2026,3379,82924390000150
4209854,Lindóia do Sul,0  ,SU,SC,M,2026,4604,78510112000180
4209904,Lontras,0  ,SU,SC,M,2026,13829,83102665000133
4210001,Luiz Alves,0  ,SU,SC,M,2026,12246,83102319000155
4210035,Luzerna,0  ,SU,SC,M,2026,5951,01613428000172
4210050,Macieira,0  ,SU,SC,M,2026,1796,95992020000100
4210100,Mafra,0  ,SU,SC,M,2026,57262,83102509000172
4210209,Major Gercino,0  ,SU,SC,M,2026,3253,82845744000171
4210308,Major Vieira,0  ,SU,SC,M,2026,7543,83102392000127
4210407,Maracajá,0  ,SU,SC,M,2026,8344,82915026000124
4210506,Maravilha,0  ,SU,SC,M,2026,30743,82821190000172
4210555,Marema,0  ,SU,SC,M,2026,2218,78509072000156
4210605,Massaranduba,0  ,SU,SC,M,2026,18122,83102483000162
4210704,Matos Costa,0  ,SU,SC,M,2026,2789,83102566000151
4210803,Meleiro,0  ,SU,SC,M,2026,7128,82837741000196
4305587,Colinas,0  ,SU,RS,M,2026,2474,94706140000123
4305603,Colorado,0  ,SU,RS,M,2026,3316,87613527000170
4305702,Condor,0  ,SU,RS,M,2026,6538,88437926000190
4305801,Constantina,0  ,SU,RS,M,2026,10631,87708889000144
4305835,Coqueiro Baixo,0  ,SU,RS,M,2026,1308,04217860000132
4305850,Coqueiros do Sul,0  ,SU,RS,M,2026,2248,94703980000132
4305871,Coronel Barros,0  ,SU,RS,M,2026,2896,94721388000163
4305900,Coronel Bicaco,0  ,SU,RS,M,2026,6214,87613154000137
4305934,Coronel Pilar,0  ,SU,RS,M,2026,1637,04215013000139
4305959,Cotiporã,0  ,SU,RS,M,2026,3926,90898487000164
4305975,Coxilha,0  ,SU,RS,M,2026,2718,92411933000190
4306007,Crissiumal,0  ,SU,RS,M,2026,13116,87613147000135
4306056,Cristal,0  ,SU,RS,M,2026,7455,90152240000102
4306072,Cristal do Sul,0  ,SU,RS,M,2026,2745,01610515000176
4306106,Cruz Alta,0  ,SU,RS,M,2026,60454,88775390000112
4306130,Cruzaltense,0  ,SU,RS,M,2026,1650,04213529000144
4306205,Cruzeiro do Sul,0  ,SU,RS,M,2026,12574,87297990000150
4306304,David Canabarro,0  ,SU,RS,M,2026,4400,88203088000190
4306320,Derrubadas,0  ,SU,RS,M,2026,2793,94442282000120
4306353,Dezesseis de Novembro,0  ,SU,RS,M,2026,2540,91553966000101
4306379,Dilermando de Aguiar,0  ,SU,RS,M,2026,2856,01609404000140
4306403,Dois Irmãos,0  ,SU,RS,M,2026,31804,88254891000153
4306429,Dois Irmãos das Missões,0  ,SU,RS,M,2026,2132,92411115000197
4306452,Dois Lajeados,0  ,SU,RS,M,2026,3156,90221524000103
4306502,Dom Feliciano,0  ,SU,RS,M,2026,13280,88601943000110
4306551,Dom Pedro de Alcântara,0  ,SU,RS,M,2026,2617,01640339000115
4306601,Dom Pedrito,0  ,SU,RS,M,2026,38080,87482535000124
4306700,Dona Francisca,0  ,SU,RS,M,2026,3133,87488938000180
4306734,Doutor Maurício Cardoso,0  ,SU,RS,M,2026,4534,92465210000173
4306759,Doutor Ricardo,0  ,SU,RS,M,2026,1924,01613360000121
4306767,Eldorado do Sul,0  ,SU,RS,M,2026,41012,92324706000127
4306809,Encantado,0  ,SU,RS,M,2026,23520,88349238000178
4306908,Encruzilhada do Sul,0  ,SU,RS,M,2026,24275,89363642000169
4306924,Engenho Velho,0  ,SU,RS,M,2026,1315,94704129000124
4306932,Entre-Ijuís,0  ,SU,RS,M,2026,9367,89971782000110
4306957,Entre Rios do Sul,0  ,SU,RS,M,2026,2727,92453927000103
4306973,Erebango,0  ,SU,RS,M,2026,3122,92453828000113
4307005,Erechim,0  ,SU,RS,M,2026,109609,87613477000120
4307054,Ernestina,0  ,SU,RS,M,2026,3097,92406180000124
4307104,Herval,0  ,SU,RS,M,2026,6302,88080379000138
4307203,Erval Grande,0  ,SU,RS,M,2026,5027,87613436000134
4307302,Erval Seco,0  ,SU,RS,M,2026,6892,87613212000122
4307401,Esmeralda,0  ,SU,RS,M,2026,3264,88225149000110
4307450,Esperança do Sul,0  ,SU,RS,M,2026,3293,01613464000136
4307500,Espumoso,0  ,SU,RS,M,2026,15478,87612743000109
4307559,Estação,0  ,SU,RS,M,2026,5685,92406248000175
4307609,Estância Velha,0  ,SU,RS,M,2026,49499,88254883000107
4307708,Esteio,0  ,SU,RS,M,2026,78144,88150495000186
4307807,Estrela,0  ,SU,RS,M,2026,33263,87246120000151
4307815,Estrela Velha,0  ,SU,RS,M,2026,3115,01601857000120
4307831,Eugênio de Castro,0  ,SU,RS,M,2026,2683,89971766000127
4307864,Fagundes Varela,0  ,SU,RS,M,2026,2620,91566893000192
4307906,Farroupilha,0  ,SU,RS,M,2026,72552,89848949000150
4308003,Faxinal do Soturno,0  ,SU,RS,M,2026,6846,88488341000107
4308052,Faxinalzinho,0  ,SU,RS,M,2026,2572,92453851000108
4308078,Fazenda Vilanova,0  ,SU,RS,M,2026,4405,01607509000160
4220000,Balneário Rincão,0  ,SU,SC,M,2026,17697,17243084000197
5209150,Gouvelândia,0  ,CO,GO,M,2026,4313,25040122000132
5209200,Guapó,0  ,CO,GO,M,2026,20985,01373497000156
5209291,Guaraíta,0  ,CO,GO,M,2026,2170,26873059000188
5209408,Guarani de Goiás,0  ,CO,GO,M,2026,4091,01740588000182
5209457,Guarinos,0  ,CO,GO,M,2026,2154,01494178000107
5209606,Heitoraí,0  ,CO,GO,M,2026,3342,02296002000103
5209705,Hidrolândia,0  ,CO,GO,M,2026,30587,01105329000180
3112208,Capela Nova,0  ,SE,MG,M,2026,4397,19259951000108
3112307,Capelinha,0  ,SE,MG,M,2026,41858,19229921000159
3112406,Capetinga,0  ,SE,MG,M,2026,6627,17894031000136
3112505,Capim Branco,0  ,SE,MG,M,2026,11210,18314617000147
3112604,Capinópolis,0  ,SE,MG,M,2026,14872,18457234000128
3112653,Capitão Andrade,0  ,SE,MG,M,2026,4634,66229105000125
3112703,Capitão Enéas,0  ,SE,MG,M,2026,14403,18017426000113
3112802,Capitólio,0  ,SE,MG,M,2026,10991,16726028000140
3112901,Caputira,0  ,SE,MG,M,2026,9128,18385138000111
3113008,Caraí,0  ,SE,MG,M,2026,19511,18404848000141
3113107,Caranaíba,0  ,SE,MG,M,2026,2942,18094789000152
3113206,Carandaí,0  ,SE,MG,M,2026,24403,18094797000107
3113305,Carangola,0  ,SE,MG,M,2026,32134,19279827000104
3113404,Caratinga,0  ,SE,MG,M,2026,90890,18334268000125
3113503,Carbonita,0  ,SE,MG,M,2026,8603,21154174000189
3113602,Careaçu,0  ,SE,MG,M,2026,7062,17935388000115
3113701,Carlos Chagas,0  ,SE,MG,M,2026,18783,18477315000190
3113800,Carmésia,0  ,SE,MG,M,2026,2693,18303172000108
3113909,Carmo da Cachoeira,0  ,SE,MG,M,2026,11767,18240135000190
3114006,Carmo da Mata,0  ,SE,MG,M,2026,11291,18312967000174
3114105,Carmo de Minas,0  ,SE,MG,M,2026,14125,18188243000160
3114204,Carmo do Cajuru,0  ,SE,MG,M,2026,24581,18291377000102
3114303,Carmo do Paranaíba,0  ,SE,MG,M,2026,29885,18602029000109
3114402,Carmo do Rio Claro,0  ,SE,MG,M,2026,21506,18243287000146
3114501,Carmópolis de Minas,0  ,SE,MG,M,2026,18561,18312983000167
3114550,Carneirinho,0  ,SE,MG,M,2026,9633,26042515000148
3114600,Carrancas,0  ,SE,MG,M,2026,4161,17953332000193
3114709,Carvalhópolis,0  ,SE,MG,M,2026,3419,18242800000184
3114808,Carvalhos,0  ,SE,MG,M,2026,4503,18194217000145
3114907,Casa Grande,0  ,SE,MG,M,2026,2260,18667477000190
3115003,Cascalho Rico,0  ,SE,MG,M,2026,2751,18259374000191
3115102,Cássia,0  ,SE,MG,M,2026,17491,17894049000138
3115201,Conceição da Barra de Minas,0  ,SE,MG,M,2026,3576,18557587000108
3115300,Cataguases,0  ,SE,MG,M,2026,67732,17702499000181
3115359,Catas Altas,0  ,SE,MG,M,2026,5706,01612370000142
3115409,Catas Altas da Noruega,0  ,SE,MG,M,2026,3124,19718378000153
3115458,Catuji,0  ,SE,MG,M,2026,7248,26218636000106
3115474,Catuti,0  ,SE,MG,M,2026,4788,01612502000136
3115508,Caxambu,0  ,SE,MG,M,2026,21412,18008870000172
3115607,Cedro do Abaeté,0  ,SE,MG,M,2026,1084,18296657000103
3115706,Central de Minas,0  ,SE,MG,M,2026,6213,17990714000197
3115805,Centralina,0  ,SE,MG,M,2026,10447,18260497000142
3115904,Chácara,0  ,SE,MG,M,2026,3194,18338137000116
3116001,Chalé,0  ,SE,MG,M,2026,6289,18392548000190
3116100,Chapada do Norte,0  ,SE,MG,M,2026,9763,16886608000103
3116159,Chapada Gaúcha,0  ,SE,MG,M,2026,12904,01612489000115
3116209,Chiador,0  ,SE,MG,M,2026,2868,18338145000162
3116308,Cipotânea,0  ,SE,MG,M,2026,5549,18094805000107
3116407,Claraval,0  ,SE,MG,M,2026,4786,17894056000130
3116506,Claro dos Poções,0  ,SE,MG,M,2026,7230,21498274000122
3116605,Cláudio,0  ,SE,MG,M,2026,31936,18308775000194
3116704,Coimbra,0  ,SE,MG,M,2026,7293,18132464000117
3116803,Coluna,0  ,SE,MG,M,2026,8206,18307397000124
3116902,Comendador Gomes,0  ,SE,MG,M,2026,2804,18449173000157
3117009,Comercinho,0  ,SE,MG,M,2026,6540,18414615000120
3117108,Conceição da Aparecida,0  ,SE,MG,M,2026,10705,18243295000192
3117207,Conceição das Pedras,0  ,SE,MG,M,2026,2840,18025908000115
3117702,Conceição do Rio Verde,0  ,SE,MG,M,2026,12765,18008888000174
3117801,Conceição dos Ouros,0  ,SE,MG,M,2026,11218,18677609000165
3117836,Cônego Marinho,0  ,SE,MG,M,2026,7433,01612492000139
3117876,Confins,0  ,SE,MG,M,2026,7758,01006232000110
3117900,Congonhal,0  ,SE,MG,M,2026,11444,18675967000139
3118007,Congonhas,0  ,SE,MG,M,2026,55272,16752446000102
3118106,Congonhas do Norte,0  ,SE,MG,M,2026,4924,18303180000146
3118205,Conquista,0  ,SE,MG,M,2026,6878,18428888000123
3118304,Conselheiro Lafaiete,0  ,SE,MG,M,2026,138946,19718360000151
3118403,Conselheiro Pena,0  ,SE,MG,M,2026,21052,19769660000160
3118502,Consolação,0  ,SE,MG,M,2026,1569,18025916000161
3118601,Contagem,0  ,SE,MG,M,2026,651718,18715508000131
3118700,Coqueiral,0  ,SE,MG,M,2026,9188,18239624000121
3118809,Coração de Jesus,0  ,SE,MG,M,2026,26138,22680672000128
3118908,Cordisburgo,0  ,SE,MG,M,2026,7535,18116137000171
3119005,Cordislândia,0  ,SE,MG,M,2026,3236,18712166000104
3119104,Corinto,0  ,SE,MG,M,2026,23988,17695016000169
3119203,Coroaci,0  ,SE,MG,M,2026,11240,18085647000129
3119302,Coromandel,0  ,SE,MG,M,2026,30114,18591149000158
3119401,Coronel Fabriciano,0  ,SE,MG,M,2026,108708,19875046000182
3119500,Coronel Murta,0  ,SE,MG,M,2026,8237,18348722000105
3119609,Coronel Pacheco,0  ,SE,MG,M,2026,2789,18338152000164
3119708,Coronel Xavier Chaves,0  ,SE,MG,M,2026,3599,18557546000103
3119807,Córrego Danta,0  ,SE,MG,M,2026,2956,18298174000148
3119906,Córrego do Bom Jesus,0  ,SE,MG,M,2026,4462,18677633000102
3119955,Córrego Fundo,0  ,SE,MG,M,2026,6333,01614862000177
3120003,Córrego Novo,0  ,SE,MG,M,2026,2900,18334284000118
3120102,Couto de Magalhães de Minas,0  ,SE,MG,M,2026,4351,17754177000186
3120151,Crisólita,0  ,SE,MG,M,2026,5256,01614283000124
3120201,Cristais,0  ,SE,MG,M,2026,12634,17888082000155
3120300,Cristália,0  ,SE,MG,M,2026,5133,18017434000160
3120409,Cristiano Otoni,0  ,SE,MG,M,2026,4719,19718402000154
3120508,Cristina,0  ,SE,MG,M,2026,10643,18188250000162
3120607,Crucilândia,0  ,SE,MG,M,2026,5674,18313007000129
3120706,Cruzeiro da Fortaleza,0  ,SE,MG,M,2026,3616,18468041000172
3120805,Cruzília,0  ,SE,MG,M,2026,15831,18008904000129
3120839,Cuparaque,0  ,SE,MG,M,2026,3958,01615422000134
3120870,Curral de Dentro,0  ,SE,MG,M,2026,7662,01613076000155
3120904,Curvelo,0  ,SE,MG,M,2026,84297,17695024000105
3121001,Datas,0  ,SE,MG,M,2026,5635,17754193000179
3121100,Delfim Moreira,0  ,SE,MG,M,2026,8133,18025924000108
3121209,Delfinópolis,0  ,SE,MG,M,2026,8851,17894064000186
3121258,Delta,0  ,SE,MG,M,2026,11143,01020881000175
3117306,Conceição das Alagoas,0  ,SE,MG,M,2026,30278,18428854000139
3117405,Conceição de Ipanema,0  ,SE,MG,M,2026,4503,18334300000172
3117504,Conceição do Mato Dentro,0  ,SE,MG,M,2026,24559,18303156000107
3117603,Conceição do Pará,0  ,SE,MG,M,2026,5584,18315200000107
3121308,Descoberto,0  ,SE,MG,M,2026,5070,18558098000162
3121407,Desterro de Entre Rios,0  ,SE,MG,M,2026,7941,20356762000132
3121506,Desterro do Melo,0  ,SE,MG,M,2026,3060,18094813000153
3121605,Diamantina,0  ,SE,MG,M,2026,49493,17754136000190
3121704,Diogo de Vasconcelos,0  ,SE,MG,M,2026,3581,18295311000190
3121803,Dionísio,0  ,SE,MG,M,2026,6689,20126439000172
3121902,Divinésia,0  ,SE,MG,M,2026,4481,18128280000183
3122009,Divino,0  ,SE,MG,M,2026,21428,18114272000188
3122108,Divino das Laranjeiras,0  ,SE,MG,M,2026,4147,18357079000178
3122207,Divinolândia de Minas,0  ,SE,MG,M,2026,6583,18307405000132
3122306,Divinópolis,0  ,SE,MG,M,2026,243583,18291351000164
3122355,Divisa Alegre,0  ,SE,MG,M,2026,6541,01613073000111
3122405,Divisa Nova,0  ,SE,MG,M,2026,6002,18243279000108
3122454,Divisópolis,0  ,SE,MG,M,2026,10659,66234311000123
3122470,Dom Bosco,0  ,SE,MG,M,2026,3763,01602782000100
3122504,Dom Cavati,0  ,SE,MG,M,2026,4967,18080283000194
3122603,Dom Joaquim,0  ,SE,MG,M,2026,5074,18303198000148
3122702,Dom Silvério,0  ,SE,MG,M,2026,5355,18297226000161
3122801,Dom Viçoso,0  ,SE,MG,M,2026,3184,18188268000164
3122900,Dona Euzébia,0  ,SE,MG,M,2026,6250,17706656000127
3123007,Dores de Campos,0  ,SE,MG,M,2026,10359,18094821000108
3123106,Dores de Guanhães,0  ,SE,MG,M,2026,5114,18307413000189
3123205,Dores do Indaiá,0  ,SE,MG,M,2026,12730,18301010000122
3123304,Dores do Turvo,0  ,SE,MG,M,2026,5192,18128249000142
3123403,Doresópolis,0  ,SE,MG,M,2026,1498,18306647000101
3123502,Douradoquara,0  ,SE,MG,M,2026,1869,18158261000108
3123528,Durandé,0  ,SE,MG,M,2026,8065,66232547000120
3123601,Elói Mendes,0  ,SE,MG,M,2026,27429,20347225000126
3123700,Engenheiro Caldas,0  ,SE,MG,M,2026,14501,18080655000182
3123809,Engenheiro Navarro,0  ,SE,MG,M,2026,6373,17697152000198
3123858,Entre Folhas,0  ,SE,MG,M,2026,5295,66229626000182
3123908,Entre Rios de Minas,0  ,SE,MG,M,2026,15157,20356747000194
3124005,Ervália,0  ,SE,MG,M,2026,21091,18133306000181
3124104,Esmeraldas,0  ,SE,MG,M,2026,93103,18715466000139
3124203,Espera Feliz,0  ,SE,MG,M,2026,24844,18114264000131
3124302,Espinosa,0  ,SE,MG,M,2026,31375,18650952000116
3124401,Espírito Santo do Dourado,0  ,SE,MG,M,2026,7132,18675900000102
3124500,Estiva,0  ,SE,MG,M,2026,11880,18675918000104
3124609,Estrela Dalva,0  ,SE,MG,M,2026,2189,17710096000184
3124708,Estrela do Indaiá,0  ,SE,MG,M,2026,2711,18301028000124
3124807,Estrela do Sul,0  ,SE,MG,M,2026,6897,18592162000121
3124906,Eugenópolis,0  ,SE,MG,M,2026,11096,17947656000119
3125002,Ewbank da Câmara,0  ,SE,MG,M,2026,3986,17747932000103
3125101,Extrema,0  ,SE,MG,M,2026,59336,18677591000100
3125200,Fama,0  ,SE,MG,M,2026,2676,18243253000151
3125309,Faria Lemos,0  ,SE,MG,M,2026,3230,18114280000124
3125408,Felício dos Santos,0  ,SE,MG,M,2026,5251,17754201000187
3125507,São Gonçalo do Rio Preto,0  ,SE,MG,M,2026,3099,17754151000138
3125606,Felisburgo,0  ,SE,MG,M,2026,6575,18083071000160
3125705,Felixlândia,0  ,SE,MG,M,2026,14280,17695032000151
3125804,Fernandes Tourinho,0  ,SE,MG,M,2026,2814,18080887000130
3125903,Ferros,0  ,SE,MG,M,2026,9603,18299529000113
3125952,Fervedouro,0  ,SE,MG,M,2026,10705,26139790000184
3126000,Florestal,0  ,SE,MG,M,2026,8469,18313833000178
3126109,Formiga,0  ,SE,MG,M,2026,70897,16784720000125
3126208,Formoso,0  ,SE,MG,M,2026,8095,18125153000120
3126307,Fortaleza de Minas,0  ,SE,MG,M,2026,3453,18241760000156
3126406,Fortuna de Minas,0  ,SE,MG,M,2026,3230,18116145000118
3126505,Francisco Badaró,0  ,SE,MG,M,2026,7053,18051524000177
3126604,Francisco Dumont,0  ,SE,MG,M,2026,4547,16885485000188
3126703,Francisco Sá,0  ,SE,MG,M,2026,23753,22681423000157
3126752,Franciscópolis,0  ,SE,MG,M,2026,5023,01613394000116
3126802,Frei Gaspar,0  ,SE,MG,M,2026,5731,18404913000139
3126901,Frei Inocêncio,0  ,SE,MG,M,2026,8301,16945990000170
3126950,Frei Lagonegro,0  ,SE,MG,M,2026,3481,01615008000125
3127008,Fronteira,0  ,SE,MG,M,2026,14946,18449140000107
3127057,Fronteira dos Vales,0  ,SE,MG,M,2026,4389,18404954000125
3127073,Fruta de Leite,0  ,SE,MG,M,2026,4538,01612483000148
3127107,Frutal,0  ,SE,MG,M,2026,61275,18449132000160
3127206,Funilândia,0  ,SE,MG,M,2026,4934,18062414000100
3127305,Galiléia,0  ,SE,MG,M,2026,6244,17005000000187
3127339,Gameleiras,0  ,SE,MG,M,2026,4847,01612482000101
3127354,Glaucilândia,0  ,SE,MG,M,2026,2991,01612496000117
3127370,Goiabeira,0  ,SE,MG,M,2026,2859,01615421000190
3127388,Goianá,0  ,SE,MG,M,2026,4214,01611137000145
3127404,Gonçalves,0  ,SE,MG,M,2026,4922,18025932000154
3127503,Gonzaga,0  ,SE,MG,M,2026,5235,18307421000125
3127602,Gouveia,0  ,SE,MG,M,2026,11536,17754144000136
3127701,Governador Valadares,0  ,SE,MG,M,2026,266561,20622890000180
3127800,Grão Mogol,0  ,SE,MG,M,2026,14037,20716627000150
3127909,Grupiara,0  ,SE,MG,M,2026,1428,17827858000127
3128006,Guanhães,0  ,SE,MG,M,2026,33517,18307439000127
3128105,Guapé,0  ,SE,MG,M,2026,14076,18239616000185
3128204,Guaraciaba,0  ,SE,MG,M,2026,9901,19382647000153
3128253,Guaraciama,0  ,SE,MG,M,2026,5224,01612549000108
3128303,Guaranésia,0  ,SE,MG,M,2026,19646,17900473000148
3128402,Guarani,0  ,SE,MG,M,2026,7731,18338160000100
3128501,Guarará,0  ,SE,MG,M,2026,3091,17723172000196
3128600,Guarda-Mor,0  ,SE,MG,M,2026,6687,18277947000100
3128709,Guaxupé,0  ,SE,MG,M,2026,52744,18663401000197
3128808,Guidoval,0  ,SE,MG,M,2026,7285,18128215000158
3128907,Guimarânia,0  ,SE,MG,M,2026,8880,18602052000101
3129004,Guiricema,0  ,SE,MG,M,2026,7803,18137943000126
3129103,Gurinhatã,0  ,SE,MG,M,2026,5154,18457192000125
3129202,Heliodora,0  ,SE,MG,M,2026,6278,18712133000156
3129301,Iapu,0  ,SE,MG,M,2026,12583,18338830000199
3129400,Ibertioga,0  ,SE,MG,M,2026,5346,18094839000100
3129509,Ibiá,0  ,SE,MG,M,2026,22554,18584961000156
3129608,Ibiaí,0  ,SE,MG,M,2026,6172,16899700000108
3129657,Ibiracatu,0  ,SE,MG,M,2026,5113,01612477000190
3129707,Ibiraci,0  ,SE,MG,M,2026,10996,17894072000122
3129806,Ibirité,0  ,SE,MG,M,2026,179582,18715490000178
3129905,Ibitiúra de Minas,0  ,SE,MG,M,2026,3440,18178962000109
3130002,Ibituruna,0  ,SE,MG,M,2026,2733,18244418000100
3130051,Icaraí de Minas,0  ,SE,MG,M,2026,10914,25224304000163
3130101,Igarapé,0  ,SE,MG,M,2026,49120,18715474000185
3130200,Igaratinga,0  ,SE,MG,M,2026,11345,18313825000121
3130309,Iguatama,0  ,SE,MG,M,2026,6782,18306688000106
3130408,Ijaci,0  ,SE,MG,M,2026,7358,18244400000108
3130507,Ilicínea,0  ,SE,MG,M,2026,13248,18239608000139
3130556,Imbé de Minas,0  ,SE,MG,M,2026,7244,01613233000122
3130606,Inconfidentes,0  ,SE,MG,M,2026,7537,18028829000168
3130655,Indaiabira,0  ,SE,MG,M,2026,6328,01614599000116
3130705,Indianópolis,0  ,SE,MG,M,2026,6311,18259390000184
3130804,Ingaí,0  ,SE,MG,M,2026,2632,18244319000128
3130903,Inhapim,0  ,SE,MG,M,2026,22925,20905865000104
3131000,Inhaúma,0  ,SE,MG,M,2026,6465,18116152000110
3131109,Inimutaba,0  ,SE,MG,M,2026,7615,17694860000175
3131158,Ipaba,0  ,SE,MG,M,2026,17587,66229543000193
3131208,Ipanema,0  ,SE,MG,M,2026,20181,18334292000164
3131307,Ipatinga,0  ,SE,MG,M,2026,235311,19876424000142
3131406,Ipiaçu,0  ,SE,MG,M,2026,3807,18457259000121
3131505,Ipuiúna,0  ,SE,MG,M,2026,9283,18179226000167
3131604,Iraí de Minas,0  ,SE,MG,M,2026,7467,18158642000189
3131703,Itabira,0  ,SE,MG,M,2026,118053,18299446000124
3131802,Itabirinha,0  ,SE,MG,M,2026,10548,17125444000156
3131901,Itabirito,0  ,SE,MG,M,2026,56369,18307835000154
3132008,Itacambira,0  ,SE,MG,M,2026,4227,18017400000175
3132107,Itacarambi,0  ,SE,MG,M,2026,17502,18283101000182
3132206,Itaguara,0  ,SE,MG,M,2026,14415,18313015000175
3132305,Itaipé,0  ,SE,MG,M,2026,10482,18404756000161
3132404,Itajubá,0  ,SE,MG,M,2026,96855,18025940000109
3132503,Itamarandiba,0  ,SE,MG,M,2026,34210,16886871000194
3132602,Itamarati de Minas,0  ,SE,MG,M,2026,3710,17706813000102
3132701,Itambacuri,0  ,SE,MG,M,2026,21210,18404855000143
3132800,Itambé do Mato Dentro,0  ,SE,MG,M,2026,2168,18299537000160
3132909,Itamogi,0  ,SE,MG,M,2026,11092,18241380000111
3133006,Itamonte,0  ,SE,MG,M,2026,15245,18666750000162
3133105,Itanhandu,0  ,SE,MG,M,2026,15751,18186718000180
3133204,Itanhomi,0  ,SE,MG,M,2026,11264,18493239000106
3133303,Itaobim,0  ,SE,MG,M,2026,19263,18414573000127
3133402,Itapagipe,0  ,SE,MG,M,2026,14014,21226840000147
3133501,Itapecerica,0  ,SE,MG,M,2026,21456,18308742000144
3133600,Itapeva,0  ,SE,MG,M,2026,13561,18677625000158
3133709,Itatiaiuçu,0  ,SE,MG,M,2026,13779,18691766000125
3133758,Itaú de Minas,0  ,SE,MG,M,2026,14634,23767031000178
3133808,Itaúna,0  ,SE,MG,M,2026,103272,18309724000187
3133907,Itaverava,0  ,SE,MG,M,2026,5747,19718386000108
3134004,Itinga,0  ,SE,MG,M,2026,13954,18348748000145
3134103,Itueta,0  ,SE,MG,M,2026,6234,18413179000174
3134202,Ituiutaba,0  ,SE,MG,M,2026,106775,18457218000135
3134301,Itumirim,0  ,SE,MG,M,2026,6876,18244392000108
3134400,Iturama,0  ,SE,MG,M,2026,40259,18457242000174
3134509,Itutinga,0  ,SE,MG,M,2026,4366,18244384000153
3134608,Jaboticatubas,0  ,SE,MG,M,2026,21407,18715417000104
3134707,Jacinto,0  ,SE,MG,M,2026,11115,18349910000140
3134806,Jacuí,0  ,SE,MG,M,2026,7668,18186056000148
3134905,Jacutinga,0  ,SE,MG,M,2026,26888,17914128000163
3135001,Jaguaraçu,0  ,SE,MG,M,2026,3181,16816522000104
3135050,Jaíba,0  ,SE,MG,M,2026,39639,25209149000106
3135076,Jampruca,0  ,SE,MG,M,2026,4266,66230384000147
3135100,Janaúba,0  ,SE,MG,M,2026,73555,18017392000167
3135209,Januária,0  ,SE,MG,M,2026,67123,21461546000110
3135308,Japaraíba,0  ,SE,MG,M,2026,4706,18306654000103
3135357,Japonvar,0  ,SE,MG,M,2026,8385,01612476000146
3135407,Jeceaba,0  ,SE,MG,M,2026,6476,20356739000148
3135456,Jenipapo de Minas,0  ,SE,MG,M,2026,6072,01613376000134
3135506,Jequeri,0  ,SE,MG,M,2026,12636,18316166000187
3135605,Jequitaí,0  ,SE,MG,M,2026,6379,18279083000165
3135704,Jequitibá,0  ,SE,MG,M,2026,6142,18062208000109
3135803,Jequitinhonha,0  ,SE,MG,M,2026,24516,18083659000114
3135902,Jesuânia,0  ,SE,MG,M,2026,5320,18188227000178
3136009,Joaíma,0  ,SE,MG,M,2026,14035,18495812000110
3136108,Joanésia,0  ,SE,MG,M,2026,4246,17111626000178
3136207,João Monlevade,0  ,SE,MG,M,2026,83791,18401059000157
3136306,João Pinheiro,0  ,SE,MG,M,2026,48725,16930299000113
3136405,Joaquim Felício,0  ,SE,MG,M,2026,3868,17694878000177
3136504,Jordânia,0  ,SE,MG,M,2026,10541,18349928000141
3136520,José Gonçalves de Minas,0  ,SE,MG,M,2026,3963,01613372000156
3136553,José Raydan,0  ,SE,MG,M,2026,4349,01613072000177
3136579,Josenópolis,0  ,SE,MG,M,2026,3557,01612503000180
3136603,Nova União,0  ,SE,MG,M,2026,6107,18302307000102
3136652,Juatuba,0  ,SE,MG,M,2026,33249,64487614000122
3136702,Juiz de Fora,0  ,SE,MG,M,2026,567730,18338178000102
3136801,Juramento,0  ,SE,MG,M,2026,3798,18017368000128
3136900,Juruaia,0  ,SE,MG,M,2026,11652,18668368000198
3136959,Juvenília,0  ,SE,MG,M,2026,5937,01612485000137
3137007,Ladainha,0  ,SE,MG,M,2026,14263,18404863000190
3137106,Lagamar,0  ,SE,MG,M,2026,6622,18192260000171
3137205,Lagoa da Prata,0  ,SE,MG,M,2026,53927,18318618000160
3137304,Lagoa dos Patos,0  ,SE,MG,M,2026,3237,16901381000110
3137403,Lagoa Dourada,0  ,SE,MG,M,2026,13152,18557595000146
3137502,Lagoa Formosa,0  ,SE,MG,M,2026,19614,18602078000141
3137536,Lagoa Grande,0  ,SE,MG,M,2026,9235,23097454000128
3137601,Lagoa Santa,0  ,SE,MG,M,2026,81299,73357469000156
3137700,Lajinha,0  ,SE,MG,M,2026,21502,18392522000141
3137809,Lambari,0  ,SE,MG,M,2026,21010,17877200000120
3137908,Lamim,0  ,SE,MG,M,2026,3213,24179426000112
3138005,Laranjal,0  ,SE,MG,M,2026,6018,17947615000122
3138104,Lassance,0  ,SE,MG,M,2026,7398,18279125000168
3138203,Lavras,0  ,SE,MG,M,2026,110682,18244376000107
3138302,Leandro Ferreira,0  ,SE,MG,M,2026,3272,18315218000109
3138351,Leme do Prado,0  ,SE,MG,M,2026,4364,01587109000130
3138401,Leopoldina,0  ,SE,MG,M,2026,52739,17733643000147
3138500,Liberdade,0  ,SE,MG,M,2026,4744,18029165000151
3138609,Lima Duarte,0  ,SE,MG,M,2026,17782,18338186000159
3138625,Limeira do Oeste,0  ,SE,MG,M,2026,9191,26042556000134
3138658,Lontra,0  ,SE,MG,M,2026,8963,25223009000192
3138674,Luisburgo,0  ,SE,MG,M,2026,7239,01615423000189
3138682,Luislândia,0  ,SE,MG,M,2026,6323,01612887000131
3138708,Luminárias,0  ,SE,MG,M,2026,5744,18244301000126
3138807,Luz,0  ,SE,MG,M,2026,18336,18301036000170
3138906,Machacalis,0  ,SE,MG,M,2026,6556,18404921000185
3139003,Machado,0  ,SE,MG,M,2026,38809,18242784000120
3139102,Madre de Deus de Minas,0  ,SE,MG,M,2026,5360,18029371000161
3139201,Malacacheta,0  ,SE,MG,M,2026,17691,18404871000136
3139250,Mamonas,0  ,SE,MG,M,2026,6082,25212242000170
3139300,Manga,0  ,SE,MG,M,2026,19148,18270447000146
3139409,Manhuaçu,0  ,SE,MG,M,2026,97328,18385088000172
3139508,Manhumirim,0  ,SE,MG,M,2026,20939,18392530000198
3139607,Mantena,0  ,SE,MG,M,2026,27350,18504167000155
3139706,Maravilhas,0  ,SE,MG,M,2026,7532,18313841000114
3139805,Mar de Espanha,0  ,SE,MG,M,2026,13180,18535658000163
2807501,Tomar do Geru,0  ,NE,SE,M,2026,12094,13099205000118
2807600,Umbaúba,0  ,NE,SE,M,2026,24618,13099395000173
2900108,Abaíra,0  ,NE,BA,M,2026,7407,13670021000166
2900207,Abaré,0  ,NE,BA,M,2026,18269,13915657000120
2900306,Acajutiba,0  ,NE,BA,M,2026,14200,13696521000177
2900355,Adustina,0  ,NE,BA,M,2026,14510,16298929000189
2900405,Água Fria,0  ,NE,BA,M,2026,14833,13606702000165
2900504,Érico Cardoso,0  ,NE,BA,M,2026,10947,13670203000137
2900603,Aiquara,0  ,NE,BA,M,2026,4583,13769609000171
2900702,Alagoinhas,0  ,NE,BA,M,2026,161196,13646005000138
2900801,Alcobaça,0  ,NE,BA,M,2026,25601,13761721000166
2900900,Almadina,0  ,NE,BA,M,2026,5296,14147466000129
2901007,Amargosa,0  ,NE,BA,M,2026,38585,13825484000150
2901106,Amélia Rodrigues,0  ,NE,BA,M,2026,24830,13607213000128
2901155,América Dourada,0  ,NE,BA,M,2026,15572,13891536000196
2901205,Anagé,0  ,NE,BA,M,2026,26745,13906409000113
2901304,Andaraí,0  ,NE,BA,M,2026,13545,13922570000180
2901353,Andorinha,0  ,NE,BA,M,2026,15491,16448870000168
2901403,Angical,0  ,NE,BA,M,2026,14178,13654421000188
2901502,Anguera,0  ,NE,BA,M,2026,11490,13607346000102
2901601,Antas,0  ,NE,BA,M,2026,14984,13808217000174
2901700,Antônio Cardoso,0  ,NE,BA,M,2026,11498,13607494000119
2901809,Antônio Gonçalves,0  ,NE,BA,M,2026,11248,13908728000168
2901908,Aporá,0  ,NE,BA,M,2026,16361,13646542000188
2901957,Apuarema,0  ,NE,BA,M,2026,7101,16434292000100
2902005,Aracatu,0  ,NE,BA,M,2026,14440,14105712000180
2902054,Araças,0  ,NE,BA,M,2026,11953,16131088000110
2902104,Araci,0  ,NE,BA,M,2026,50308,14232086000192
2902203,Aramari,0  ,NE,BA,M,2026,10106,13646740000141
2902252,Arataca,0  ,NE,BA,M,2026,10433,13658158000103
2902302,Aratuípe,0  ,NE,BA,M,2026,8993,13796073000183
2902401,Aurelino Leal,0  ,NE,BA,M,2026,11339,16137291000102
2902500,Baianópolis,0  ,NE,BA,M,2026,14138,13654413000131
2902609,Baixa Grande,0  ,NE,BA,M,2026,18628,13794912000124
2902708,Barra,0  ,NE,BA,M,2026,53642,13880703000101
2902807,Barra da Estiva,0  ,NE,BA,M,2026,27743,13670658000152
2902906,Barra do Choça,0  ,NE,BA,M,2026,38581,13906789000196
2903003,Barra do Mendes,0  ,NE,BA,M,2026,14376,13702238000100
2903102,Barra do Rocha,0  ,NE,BA,M,2026,5898,14234850000169
2903201,Barreiras,0  ,NE,BA,M,2026,171634,13654405000195
2903235,Barro Alto,0  ,NE,BA,M,2026,13922,13234349000130
2903276,Barrocas,0  ,NE,BA,M,2026,15780,04216287000142
2903300,Barro Preto,0  ,NE,BA,M,2026,5936,14147458000182
2903409,Belmonte,0  ,NE,BA,M,2026,20527,13634977000102
2903508,Belo Campo,0  ,NE,BA,M,2026,19074,14237333000143
2903607,Biritinga,0  ,NE,BA,M,2026,15603,13835558000139
2903706,Boa Nova,0  ,NE,BA,M,2026,14008,13894894000152
2903805,Boa Vista do Tupim,0  ,NE,BA,M,2026,17262,13718176000125
2903904,Bom Jesus da Lapa,0  ,NE,BA,M,2026,68866,14105183000114
2903953,Bom Jesus da Serra,0  ,NE,BA,M,2026,10018,16418709000141
2904001,Boninal,0  ,NE,BA,M,2026,14125,13922612000183
2904050,Bonito,0  ,NE,BA,M,2026,16425,16245375000151
2904100,Boquira,0  ,NE,BA,M,2026,19782,13780770000146
2904209,Botuporã,0  ,NE,BA,M,2026,11427,13782479000107
2904308,Brejões,0  ,NE,BA,M,2026,13224,14197768000101
2904407,Brejolândia,0  ,NE,BA,M,2026,9363,13654439000180
2904506,Brotas de Macaúbas,0  ,NE,BA,M,2026,12180,13797600000174
2904605,Brumado,0  ,NE,BA,M,2026,74368,14105704000133
2904704,Buerarema,0  ,NE,BA,M,2026,14950,13721188000109
2904753,Buritirama,0  ,NE,BA,M,2026,20221,13234000000106
2904803,Caatiba,0  ,NE,BA,M,2026,6128,13856372000166
2904852,Cabaceiras do Paraguaçu,0  ,NE,BA,M,2026,17024,13866892000150
2904902,Cachoeira,0  ,NE,BA,M,2026,30498,13828397000156
2905008,Caculé,0  ,NE,BA,M,2026,23293,13676788000100
2905107,Caém,0  ,NE,BA,M,2026,10733,13913348000111
2905156,Caetanos,0  ,NE,BA,M,2026,11432,16418717000198
2905206,Caetité,0  ,NE,BA,M,2026,54730,13811476000154
2905305,Cafarnaum,0  ,NE,BA,M,2026,18057,13714142000162
2905404,Cairu,0  ,NE,BA,M,2026,18578,14235907000144
2905503,Caldeirão Grande,0  ,NE,BA,M,2026,13597,13913355000113
2905602,Camacan,0  ,NE,BA,M,2026,22485,13682398000135
2905701,Camaçari,0  ,NE,BA,M,2026,321636,14109763000180
2905800,Camamu,0  ,NE,BA,M,2026,31694,13753306000160
2905909,Campo Alegre de Lourdes,0  ,NE,BA,M,2026,32500,14117329000141
2906006,Campo Formoso,0  ,NE,BA,M,2026,75112,13908702000110
2906105,Canápolis,0  ,NE,BA,M,2026,10641,13812144000194
2906204,Canarana,0  ,NE,BA,M,2026,25007,13714464000101
2906303,Canavieiras,0  ,NE,BA,M,2026,34392,13817804000120
2906402,Candeal,0  ,NE,BA,M,2026,7940,13607635000101
2906501,Candeias,0  ,NE,BA,M,2026,74854,13830336000123
2906600,Candiba,0  ,NE,BA,M,2026,13417,13982608000100
2906709,Cândido Sales,0  ,NE,BA,M,2026,26469,13857123000195
2906808,Cansanção,0  ,NE,BA,M,2026,39725,13806567000100
2906824,Canudos,0  ,NE,BA,M,2026,16693,13343967000118
2906857,Capela do Alto Alegre,0  ,NE,BA,M,2026,11035,13897111000194
2906873,Capim Grosso,0  ,NE,BA,M,2026,35437,13230982000150
2906899,Caraíbas,0  ,NE,BA,M,2026,10259,16418766000120
2906907,Caravelas,0  ,NE,BA,M,2026,21384,13761689000119
2907004,Cardeal da Silva,0  ,NE,BA,M,2026,8633,14126254000165
2907103,Carinhanha,0  ,NE,BA,M,2026,30439,14105209000124
2907202,Casa Nova,0  ,NE,BA,M,2026,76131,13691811000128
2907301,Castro Alves,0  ,NE,BA,M,2026,25470,13693122000152
2907400,Catolândia,0  ,NE,BA,M,2026,3567,13654447000126
2907509,Catu,0  ,NE,BA,M,2026,50109,13800685000100
2907558,Caturama,0  ,NE,BA,M,2026,9108,16257719000142
2907608,Central,0  ,NE,BA,M,2026,16847,14136816000151
2907707,Chorrochó,0  ,NE,BA,M,2026,10933,13915665000177
2907806,Cícero Dantas,0  ,NE,BA,M,2026,32292,13808613000100
2907905,Cipó,0  ,NE,BA,M,2026,17875,13808936000195
2908002,Coaraci,0  ,NE,BA,M,2026,17557,14147474000175
2908101,Cocos,0  ,NE,BA,M,2026,19865,14222012000175
2908200,Conceição da Feira,0  ,NE,BA,M,2026,21529,13828371000108
2908309,Conceição do Almeida,0  ,NE,BA,M,2026,16134,13695028000132
2908408,Conceição do Coité,0  ,NE,BA,M,2026,71601,13843842000157
2908507,Conceição do Jacuípe,0  ,NE,BA,M,2026,37622,14222574000119
2908606,Conde,0  ,NE,BA,M,2026,24460,14126692000123
2908705,Condeúba,0  ,NE,BA,M,2026,17567,13694138000180
2908804,Contendas do Sincorá,0  ,NE,BA,M,2026,4499,14106553000138
2908903,Coração de Maria,0  ,NE,BA,M,2026,28408,13883996000172
2909000,Cordeiros,0  ,NE,BA,M,2026,7748,13694468000175
2909109,Coribe,0  ,NE,BA,M,2026,14463,13912084000181
2909208,Coronel João Sá,0  ,NE,BA,M,2026,17598,14215818000136
2909307,Correntina,0  ,NE,BA,M,2026,34266,14221741000107
2909406,Cotegipe,0  ,NE,BA,M,2026,13463,13654892000196
2909505,Cravolândia,0  ,NE,BA,M,2026,4491,13763396000170
2909604,Crisópolis,0  ,NE,BA,M,2026,20346,13646922000112
2909703,Cristópolis,0  ,NE,BA,M,2026,14549,13655089000176
2909802,Cruz das Almas,0  ,NE,BA,M,2026,63326,14006977000120
2909901,Curaçá,0  ,NE,BA,M,2026,36127,13915640000173
2910008,Dário Meira,0  ,NE,BA,M,2026,11054,13700174000109
2910057,Dias d'Ávila,0  ,NE,BA,M,2026,75296,13394044000195
2910107,Dom Basílio,0  ,NE,BA,M,2026,12329,13673314000105
2910206,Dom Macedo Costa,0  ,NE,BA,M,2026,4608,13827019000158
2910305,Elísio Medrado,0  ,NE,BA,M,2026,8069,13693379000104
2910404,Encruzilhada,0  ,NE,BA,M,2026,19450,13907373000192
2910503,Entre Rios,0  ,NE,BA,M,2026,39890,14126981000122
2910602,Esplanada,0  ,NE,BA,M,2026,34163,13885231000171
2910701,Euclides da Cunha,0  ,NE,BA,M,2026,64768,13698774000180
2910727,Eunápolis,0  ,NE,BA,M,2026,121067,16233439000102
2910750,Fátima,0  ,NE,BA,M,2026,18480,13393152000143
2910776,Feira da Mata,0  ,NE,BA,M,2026,5831,16416125000137
2910800,Feira de Santana,0  ,NE,BA,M,2026,660806,14043574000151
2910859,Filadélfia,0  ,NE,BA,M,2026,18637,13232996000102
2910909,Firmino Alves,0  ,NE,BA,M,2026,4993,13752415000163
2911006,Floresta Azul,0  ,NE,BA,M,2026,11455,14147904000159
2911105,Formosa do Rio Preto,0  ,NE,BA,M,2026,27567,13654454000128
2911204,Gandu,0  ,NE,BA,M,2026,34051,14195358000121
2911253,Gavião,0  ,NE,BA,M,2026,4489,13233036000167
2911303,Gentio do Ouro,0  ,NE,BA,M,2026,11276,13879390000163
2911402,Glória,0  ,NE,BA,M,2026,16107,14217335000170
2911501,Gongogi,0  ,NE,BA,M,2026,5479,14235048000193
2911600,Governador Mangabeira,0  ,NE,BA,M,2026,21353,13828496000138
2911659,Guajeru,0  ,NE,BA,M,2026,8177,13284658000114
2911709,Guanambi,0  ,NE,BA,M,2026,93488,13982640000196
2911808,Guaratinga,0  ,NE,BA,M,2026,19413,13634985000159
2911857,Heliópolis,0  ,NE,BA,M,2026,13055,13393178000191
2911907,Iaçu,0  ,NE,BA,M,2026,25315,13889993000146
2912004,Ibiassucê,0  ,NE,BA,M,2026,10746,13676986000166
2912103,Ibicaraí,0  ,NE,BA,M,2026,22131,14147896000140
2912202,Ibicoara,0  ,NE,BA,M,2026,21827,13922588000182
2912301,Ibicuí,0  ,NE,BA,M,2026,14264,13857701000193
2912400,Ibipeba,0  ,NE,BA,M,2026,17134,13714803000150
2912509,Ibipitanga,0  ,NE,BA,M,2026,14317,13781364000106
2912608,Ibiquera,0  ,NE,BA,M,2026,3833,13718671000134
2912707,Ibirapitanga,0  ,NE,BA,M,2026,26917,13846753000164
2912806,Ibirapuã,0  ,NE,BA,M,2026,9297,14210389000104
2912905,Ibirataia,0  ,NE,BA,M,2026,19377,14131569000109
2913002,Ibitiara,0  ,NE,BA,M,2026,15049,13781828000176
2913101,Ibititá,0  ,NE,BA,M,2026,17517,13715057000119
2913200,Ibotirama,0  ,NE,BA,M,2026,27723,13798152000123
2913309,Ichu,0  ,NE,BA,M,2026,6428,13906151000155
2913408,Igaporã,0  ,NE,BA,M,2026,16069,13811484000109
2913457,Igrapiúna,0  ,NE,BA,M,2026,13501,13071212000101
2913507,Iguaí,0  ,NE,BA,M,2026,21763,13858303000191
2913606,Ilhéus,0  ,NE,BA,M,2026,189149,13672597000162
2913705,Inhambupe,0  ,NE,BA,M,2026,35390,13647185000172
2913804,Ipecaetá,0  ,NE,BA,M,2026,14016,13621735000184
2913903,Ipiaú,0  ,NE,BA,M,2026,42429,13701651000150
2914000,Ipirá,0  ,NE,BA,M,2026,59222,14042659000115
2914109,Ipupiara,0  ,NE,BA,M,2026,10349,13798384000181
2914208,Irajuba,0  ,NE,BA,M,2026,6232,13763479000160
2914307,Iramaia,0  ,NE,BA,M,2026,11038,13894902000160
2914406,Iraquara,0  ,NE,BA,M,2026,24833,13922596000129
2914505,Irará,0  ,NE,BA,M,2026,29572,13626205000129
2914604,Irecê,0  ,NE,BA,M,2026,78781,13715891000104
2914653,Itabela,0  ,NE,BA,M,2026,29588,16234429000183
2914703,Itaberaba,0  ,NE,BA,M,2026,68425,13719646000175
2914802,Itabuna,0  ,NE,BA,M,2026,196344,14147490000168
2914901,Itacaré,0  ,NE,BA,M,2026,29496,13846902000195
2915007,Itaeté,0  ,NE,BA,M,2026,13775,13922620000120
2915106,Itagi,0  ,NE,BA,M,2026,14347,14200406000122
2915205,Itagibá,0  ,NE,BA,M,2026,15796,13701966000106
2915304,Itagimirim,0  ,NE,BA,M,2026,6490,13634969000166
2915353,Itaguaçu da Bahia,0  ,NE,BA,M,2026,12669,16445843000131
2915403,Itaju do Colônia,0  ,NE,BA,M,2026,6118,14147920000141
2915502,Itajuípe,0  ,NE,BA,M,2026,19191,14147946000190
2915601,Itamaraju,0  ,NE,BA,M,2026,61999,13761697000165
2915700,Itamari,0  ,NE,BA,M,2026,7187,13753959000140
2915809,Itambé,0  ,NE,BA,M,2026,25088,13743760000130
2915908,Itanagra,0  ,NE,BA,M,2026,6078,14757157000170
2916005,Itanhém,0  ,NE,BA,M,2026,18203,14210512000197
2916104,Itaparica,0  ,NE,BA,M,2026,20353,13882949000104
2916203,Itapé,0  ,NE,BA,M,2026,10649,14147938000143
2916302,Itapebi,0  ,NE,BA,M,2026,9464,13634993000103
2916401,Itapetinga,0  ,NE,BA,M,2026,68724,13751102000190
2916500,Itapicuru,0  ,NE,BA,M,2026,33284,13647557000160
2916609,Itapitanga,0  ,NE,BA,M,2026,10640,14147482000111
2916708,Itaquara,0  ,NE,BA,M,2026,8464,13763735000119
2916807,Itarantim,0  ,NE,BA,M,2026,17485,13751276000153
2916856,Itatim,0  ,NE,BA,M,2026,16454,13866843000117
2916906,Itiruçu,0  ,NE,BA,M,2026,11211,14198543000170
2917003,Itiúba,0  ,NE,BA,M,2026,35490,13988324000121
2917102,Itororó,0  ,NE,BA,M,2026,16849,13752993000108
2917201,Ituaçu,0  ,NE,BA,M,2026,18506,14106280000121
2917300,Ituberá,0  ,NE,BA,M,2026,22154,14195333000128
2917334,Iuiú,0  ,NE,BA,M,2026,11559,16416158000187
2917359,Jaborandi,0  ,NE,BA,M,2026,9600,13245568000114
2917409,Jacaraci,0  ,NE,BA,M,2026,14910,13677109000100
2917508,Jacobina,0  ,NE,BA,M,2026,86896,14197586000130
2917607,Jaguaquara,0  ,NE,BA,M,2026,47624,13910211000103
2917706,Jaguarari,0  ,NE,BA,M,2026,34528,13988316000185
2917805,Jaguaripe,0  ,NE,BA,M,2026,18349,13796289000149
2917904,Jandaíra,0  ,NE,BA,M,2026,9508,13697206000164
2918001,Jequié,0  ,NE,BA,M,2026,169201,13894878000160
2918100,Jeremoabo,0  ,NE,BA,M,2026,39539,13809041000175
2918209,Jiquiriçá,0  ,NE,BA,M,2026,14063,13764659000166
2918308,Jitaúna,0  ,NE,BA,M,2026,14824,14205686000161
2918357,João Dourado,0  ,NE,BA,M,2026,25892,13891510000148
2918407,Juazeiro,0  ,NE,BA,M,2026,256122,13915632000127
2918456,Jucuruçu,0  ,NE,BA,M,2026,9930,16412025000132
2918506,Jussara,0  ,NE,BA,M,2026,17007,13717277000181
2918555,Jussari,0  ,NE,BA,M,2026,6048,13657937000186
2918605,Jussiape,0  ,NE,BA,M,2026,7567,13674148000153
2918704,Lafaiete Coutinho,0  ,NE,BA,M,2026,4228,14205959000178
2918753,Lagoa Real,0  ,NE,BA,M,2026,14550,16416117000190
2918803,Laje,0  ,NE,BA,M,2026,21705,13825492000104
2918902,Lajedão,0  ,NE,BA,M,2026,3994,13785670000102
2919009,Lajedinho,0  ,NE,BA,M,2026,3610,13810544000160
2919058,Lajedo do Tabocal,0  ,NE,BA,M,2026,7683,16434441000131
2512101,Pombal,0  ,NE,PB,M,2026,33866,08948697000139
2512200,Prata,0  ,NE,PB,M,2026,4032,09074113000106
2512309,Princesa Isabel,0  ,NE,PB,M,2026,21674,08888968000108
2512408,Puxinanã,0  ,NE,PB,M,2026,14942,09001744000103
2512507,Queimadas,0  ,NE,PB,M,2026,50698,08742264000122
2512606,Quixaba,0  ,NE,PB,M,2026,1803,08881567000126
2512705,Remígio,0  ,NE,PB,M,2026,18399,09048976000109
2512721,Pedro Régis,0  ,NE,PB,M,2026,5932,01612967000197
2512747,Riachão,0  ,NE,PB,M,2026,2945,01612770000158
2512754,Riachão do Bacamarte,0  ,NE,PB,M,2026,4911,01612343000170
2512762,Riachão do Poço,0  ,NE,PB,M,2026,4989,01612366000184
2512788,Riacho de Santo Antônio,0  ,NE,PB,M,2026,2063,01612637000100
2512804,Riacho dos Cavalos,0  ,NE,PB,M,2026,8788,08921876000182
2512903,Rio Tinto,0  ,NE,PB,M,2026,25500,08899940000176
2513000,Salgadinho,0  ,NE,PB,M,2026,3435,08881666000108
2513109,Salgado de São Félix,0  ,NE,PB,M,2026,11741,09072463000133
2513158,Santa Cecília,0  ,NE,PB,M,2026,8113,01612643000159
2513208,Santa Cruz,0  ,NE,PB,M,2026,6013,08999690000146
2513307,Santa Helena,0  ,NE,PB,M,2026,6023,08764284000102
2513356,Santa Inês,0  ,NE,PB,M,2026,3256,01612693000136
2513406,Santa Luzia,0  ,NE,PB,M,2026,15418,09090689000167
2513505,Santana de Mangueira,0  ,NE,PB,M,2026,5090,09150087000158
2513604,Santana dos Garrotes,0  ,NE,PB,M,2026,6618,08942211000155
2513653,Joca Claudino,0  ,NE,PB,M,2026,2607,01613283000100
2513703,Santa Rita,0  ,NE,PB,M,2026,160852,09159666000161
2513802,Santa Teresinha,0  ,NE,PB,M,2026,4492,08882524000165
2513851,Santo André,0  ,NE,PB,M,2026,2708,01612511000127
2513901,São Bento,0  ,NE,PB,M,2026,33845,09069709000118
2513927,São Bentinho,0  ,NE,PB,M,2026,4490,01612690000100
2513943,São Domingos do Cariri,0  ,NE,PB,M,2026,2688,01612650000150
2513968,São Domingos,0  ,NE,PB,M,2026,2624,01612691000147
2513984,São Francisco,0  ,NE,PB,M,2026,3176,01613323000113
2514008,São João do Cariri,0  ,NE,PB,M,2026,4345,09074345000164
2514107,São João do Tigre,0  ,NE,PB,M,2026,4359,09074592000160
2514206,São José da Lagoa Tapada,0  ,NE,PB,M,2026,7251,08999682000108
2514305,São José de Caiana,0  ,NE,PB,M,2026,4966,08891541000169
2514404,São José de Espinharas,0  ,NE,PB,M,2026,4056,08882730000175
2514453,São José dos Ramos,0  ,NE,PB,M,2026,6137,01612384000166
2514503,São José de Piranhas,0  ,NE,PB,M,2026,19561,08924052000166
2514552,São José de Princesa,0  ,NE,PB,M,2026,3323,01612684000145
2514602,São José do Bonfim,0  ,NE,PB,M,2026,3337,08882862000105
2514651,São José do Brejo do Cruz,0  ,NE,PB,M,2026,1750,01612692000191
2514701,São José do Sabugi,0  ,NE,PB,M,2026,4283,08883217000107
2514800,São José dos Cordeiros,0  ,NE,PB,M,2026,3462,08873226000109
2514909,São Mamede,0  ,NE,PB,M,2026,7629,08922718000147
2515005,São Miguel de Taipu,0  ,NE,PB,M,2026,7307,08868515000110
2515104,São Sebastião de Lagoa de Roça,0  ,NE,PB,M,2026,11387,08742439000100
2515203,São Sebastião do Umbuzeiro,0  ,NE,PB,M,2026,3382,09074998000143
2515302,Sapé,0  ,NE,PB,M,2026,53457,08917080000156
2515401,São Vicente do Seridó,0  ,NE,PB,M,2026,10652,08916124000123
2515500,Serra Branca,0  ,NE,PB,M,2026,14131,08874695000142
2515609,Serra da Raiz,0  ,NE,PB,M,2026,3156,08789737000147
2515708,Serra Grande,0  ,NE,PB,M,2026,3056,08891830000168
2515807,Serra Redonda,0  ,NE,PB,M,2026,6975,08868937000195
2515906,Serraria,0  ,NE,PB,M,2026,4754,08790172000118
2515930,Sertãozinho,0  ,NE,PB,M,2026,5332,01612771000100
2515971,Sobrado,0  ,NE,PB,M,2026,8646,01612553000168
2516003,Solânea,0  ,NE,PB,M,2026,27748,08787236000121
2516102,Soledade,0  ,NE,PB,M,2026,14409,08919425000100
2516151,Sossêgo,0  ,NE,PB,M,2026,3476,01613663000144
2516201,Sousa,0  ,NE,PB,M,2026,70066,08999674000153
2516300,Sumé,0  ,NE,PB,M,2026,17852,08874935000109
2516409,Tacima,0  ,NE,PB,M,2026,7794,08787392000192
2516508,Taperoá,0  ,NE,PB,M,2026,14358,08749525000136
2516607,Tavares,0  ,NE,PB,M,2026,14473,08944092000170
2516706,Teixeira,0  ,NE,PB,M,2026,15129,08883951000168
2516755,Tenório,0  ,NE,PB,M,2026,3082,01612649000126
2516805,Triunfo,0  ,NE,PB,M,2026,10315,08924060000102
2516904,Uiraúna,0  ,NE,PB,M,2026,15431,08924078000104
2517001,Umbuzeiro,0  ,NE,PB,M,2026,9274,08869489000144
2517100,Várzea,0  ,NE,PB,M,2026,2777,08884066000101
2517209,Vieirópolis,0  ,NE,PB,M,2026,4967,01613339000126
2517407,Zabelê,0  ,NE,PB,M,2026,2323,01612642000104
2600054,Abreu e Lima,0  ,NE,PE,M,2026,104248,08637373000180
2600104,Afogados da Ingazeira,0  ,NE,PE,M,2026,42672,10346096000106
2600203,Afrânio,0  ,NE,PE,M,2026,19409,10358174000184
2600302,Agrestina,0  ,NE,PE,M,2026,24680,10091494000110
2600401,Água Preta,0  ,NE,PE,M,2026,26981,10183929000157
2600500,Águas Belas,0  ,NE,PE,M,2026,43822,11286341000191
2600609,Alagoinha,0  ,NE,PE,M,2026,14460,11043981000170
2600708,Aliança,0  ,NE,PE,M,2026,37349,10164028000118
2600807,Altinho,0  ,NE,PE,M,2026,21134,10091502000129
2600906,Amaraji,0  ,NE,PE,M,2026,18335,11294360000160
2601003,Angelim,0  ,NE,PE,M,2026,10591,10130755000164
2601052,Araçoiaba,0  ,NE,PE,M,2026,19996,01613860000163
2601102,Araripina,0  ,NE,PE,M,2026,90504,11040854000118
2601201,Arcoverde,0  ,NE,PE,M,2026,82487,10105955000167
2601300,Barra de Guabiraba,0  ,NE,PE,M,2026,12601,10120962000138
2601409,Barreiros,0  ,NE,PE,M,2026,42083,10110989000140
2601508,Belém de Maria,0  ,NE,PE,M,2026,10798,10184703000170
2601607,Belém do São Francisco,0  ,NE,PE,M,2026,18648,10113728000183
2601706,Belo Jardim,0  ,NE,PE,M,2026,84033,10260222000105
2601805,Betânia,0  ,NE,PE,M,2026,11961,10287373000149
2601904,Bezerros,0  ,NE,PE,M,2026,65007,10091510000175
2602001,Bodocó,0  ,NE,PE,M,2026,36145,11040862000164
2602100,Bom Conselho,0  ,NE,PE,M,2026,46202,11285954000104
2602209,Bom Jardim,0  ,NE,PE,M,2026,39289,10293074000117
2602308,Bonito,0  ,NE,PE,M,2026,39212,10121515000101
2602407,Brejão,0  ,NE,PE,M,2026,9417,10131076000100
2602506,Brejinho,0  ,NE,PE,M,2026,8033,11358173000100
2602605,Brejo da Madre de Deus,0  ,NE,PE,M,2026,51308,10091528000177
2602704,Buenos Aires,0  ,NE,PE,M,2026,13276,10165165000177
2602803,Buíque,0  ,NE,PE,M,2026,53489,10105963000103
2602902,Cabo de Santo Agostinho,0  ,NE,PE,M,2026,218049,11294402000162
2603009,Cabrobó,0  ,NE,PE,M,2026,31762,10113710000181
2603108,Cachoeirinha,0  ,NE,PE,M,2026,20673,10091619000102
2603207,Caetés,0  ,NE,PE,M,2026,30571,10131720000140
2603306,Calçado,0  ,NE,PE,M,2026,11453,11034741000100
3158201,Santa Maria do Suaçuí,0  ,SE,MG,M,2026,12817,18409219000104
3158300,Santana da Vargem,0  ,SE,MG,M,2026,6756,18245183000170
3158409,Santana de Cataguases,0  ,SE,MG,M,2026,3548,17702515000136
3158508,Santana de Pirapama,0  ,SE,MG,M,2026,7030,18116178000168
3158607,Santana do Deserto,0  ,SE,MG,M,2026,3815,18338277000194
3158706,Santana do Garambéu,0  ,SE,MG,M,2026,2171,18338285000130
3158805,Santana do Jacaré,0  ,SE,MG,M,2026,4246,17888116000101
3158904,Santana do Manhuaçu,0  ,SE,MG,M,2026,9264,18385146000168
3158953,Santana do Paraíso,0  ,SE,MG,M,2026,49025,38515573000120
3159001,Santana do Riacho,0  ,SE,MG,M,2026,5654,18715458000192
3159100,Santana dos Montes,0  ,SE,MG,M,2026,3490,19718394000146
3159209,Santa Rita de Caldas,0  ,SE,MG,M,2026,8561,17857442000151
3159308,Santa Rita de Jacutinga,0  ,SE,MG,M,2026,4826,18338269000148
3159357,Santa Rita de Minas,0  ,SE,MG,M,2026,6969,66229584000180
3159407,Santa Rita de Ibitipoca,0  ,SE,MG,M,2026,3331,18094862000196
3159506,Santa Rita do Itueto,0  ,SE,MG,M,2026,5984,18413187000110
3159605,Santa Rita do Sapucaí,0  ,SE,MG,M,2026,42517,18192898000102
3159704,Santa Rosa da Serra,0  ,SE,MG,M,2026,3487,18192252000125
3159803,Santa Vitória,0  ,SE,MG,M,2026,21914,18457226000181
3159902,Santo Antônio do Amparo,0  ,SE,MG,M,2026,17657,18244335000110
3160009,Santo Antônio do Aventureiro,0  ,SE,MG,M,2026,3896,17710476000119
3160108,Santo Antônio do Grama,0  ,SE,MG,M,2026,4352,18836973000120
3160207,Santo Antônio do Itambé,0  ,SE,MG,M,2026,3969,18303222000149
3160306,Santo Antônio do Jacinto,0  ,SE,MG,M,2026,10324,18349951000136
3160405,Santo Antônio do Monte,0  ,SE,MG,M,2026,28456,16870974000166
3160454,Santo Antônio do Retiro,0  ,SE,MG,M,2026,6729,01612484000192
3160504,Santo Antônio do Rio Abaixo,0  ,SE,MG,M,2026,1856,18303248000197
3160603,Santo Hipólito,0  ,SE,MG,M,2026,2692,17694886000113
3160702,Santos Dumont,0  ,SE,MG,M,2026,43218,17747924000159
3160801,São Bento Abade,0  ,SE,MG,M,2026,4846,17877176000129
3160900,São Brás do Suaçuí,0  ,SE,MG,M,2026,4161,20356754000196
3160959,São Domingos das Dores,0  ,SE,MG,M,2026,5793,01613129000138
3161007,São Domingos do Prata,0  ,SE,MG,M,2026,17783,18401018000160
3161056,São Félix de Minas,0  ,SE,MG,M,2026,3244,01613121000171
3161106,São Francisco,0  ,SE,MG,M,2026,54223,22679153000140
3161205,São Francisco de Paula,0  ,SE,MG,M,2026,6281,18312975000110
3161304,São Francisco de Sales,0  ,SE,MG,M,2026,5858,18457283000160
3161403,São Francisco do Glória,0  ,SE,MG,M,2026,4848,18114231000191
3161502,São Geraldo,0  ,SE,MG,M,2026,10524,18137935000180
3161601,São Geraldo da Piedade,0  ,SE,MG,M,2026,3200,18307470000168
3161650,São Geraldo do Baixio,0  ,SE,MG,M,2026,3158,01613075000100
3161700,São Gonçalo do Abaeté,0  ,SE,MG,M,2026,7515,18602086000198
3161809,São Gonçalo do Pará,0  ,SE,MG,M,2026,12275,18291369000166
3161908,São Gonçalo do Rio Abaixo,0  ,SE,MG,M,2026,12475,24380651000112
3162005,São Gonçalo do Sapucaí,0  ,SE,MG,M,2026,24497,18712158000150
3162104,São Gotardo,0  ,SE,MG,M,2026,43851,18602037000155
3162203,São João Batista do Glória,0  ,SE,MG,M,2026,7959,18241778000158
3162252,São João da Lagoa,0  ,SE,MG,M,2026,4962,01612494000128
3162302,São João da Mata,0  ,SE,MG,M,2026,3012,17935206000106
3162401,São João da Ponte,0  ,SE,MG,M,2026,24197,16928483000129
3162450,São João das Missões,0  ,SE,MG,M,2026,13547,01612486000181
3162500,São João del Rei,0  ,SE,MG,M,2026,94468,17749896000109
3162559,São João do Manhuaçu,0  ,SE,MG,M,2026,11676,66232521000182
3162575,São João do Manteninha,0  ,SE,MG,M,2026,5479,22705248000190
3162609,São João do Oriente,0  ,SE,MG,M,2026,7099,18338848000190
3162658,São João do Pacuí,0  ,SE,MG,M,2026,4050,01612474000157
3162708,São João do Paraíso,0  ,SE,MG,M,2026,24706,24791154000107
3162807,São João Evangelista,0  ,SE,MG,M,2026,15613,18307488000160
3162906,São João Nepomuceno,0  ,SE,MG,M,2026,26529,18558072000114
3162922,São Joaquim de Bicas,0  ,SE,MG,M,2026,37017,01612516000150
3162948,São José da Barra,0  ,SE,MG,M,2026,8145,01616458000132
3162955,São José da Lapa,0  ,SE,MG,M,2026,28087,42774281000180
3163003,São José da Safira,0  ,SE,MG,M,2026,3849,18409235000105
3163102,São José da Varginha,0  ,SE,MG,M,2026,4698,18313882000100
3163201,São José do Alegre,0  ,SE,MG,M,2026,4252,18025999000199
3163300,São José do Divino,0  ,SE,MG,M,2026,3482,18404988000110
3163409,São José do Goiabal,0  ,SE,MG,M,2026,5482,18402552000191
3163508,São José do Jacuri,0  ,SE,MG,M,2026,6282,18409201000102
3163607,São José do Mantimento,0  ,SE,MG,M,2026,2844,18392514000103
3163706,São Lourenço,0  ,SE,MG,M,2026,46868,18188219000121
3163805,São Miguel do Anta,0  ,SE,MG,M,2026,6410,18133926000110
3163904,São Pedro da União,0  ,SE,MG,M,2026,4973,18666172000164
3164001,São Pedro dos Ferros,0  ,SE,MG,M,2026,7132,19243500000182
3164100,São Pedro do Suaçuí,0  ,SE,MG,M,2026,5143,18409243000143
3164209,São Romão,0  ,SE,MG,M,2026,10562,24891418000102
3164308,São Roque de Minas,0  ,SE,MG,M,2026,7370,18306670000104
3164407,São Sebastião da Bela Vista,0  ,SE,MG,M,2026,6778,17935370000113
3164431,São Sebastião da Vargem Alegre,0  ,SE,MG,M,2026,3239,01616854000160
3164472,São Sebastião do Anta,0  ,SE,MG,M,2026,6415,01613123000160
3164506,São Sebastião do Maranhão,0  ,SE,MG,M,2026,10218,18409177000101
3164605,São Sebastião do Oeste,0  ,SE,MG,M,2026,9527,18308734000106
3164704,São Sebastião do Paraíso,0  ,SE,MG,M,2026,75179,18241349000180
3164803,São Sebastião do Rio Preto,0  ,SE,MG,M,2026,1229,18303263000135
3164902,São Sebastião do Rio Verde,0  ,SE,MG,M,2026,2385,17906314000150
3165008,São Tiago,0  ,SE,MG,M,2026,11559,17749904000117
3165107,São Tomás de Aquino,0  ,SE,MG,M,2026,6837,18241364000129
3165206,São Tomé das Letras,0  ,SE,MG,M,2026,7107,18008920000111
3165305,São Vicente de Minas,0  ,SE,MG,M,2026,6928,17954546000184
3165404,Sapucaí-Mirim,0  ,SE,MG,M,2026,6469,18026005000159
3165503,Sardoá,0  ,SE,MG,M,2026,5140,18307496000106
3165537,Sarzedo,0  ,SE,MG,M,2026,39974,01612509000158
3165552,Setubinha,0  ,SE,MG,M,2026,9985,01613375000190
3165560,Sem-Peixe,0  ,SE,MG,M,2026,2420,01625189000170
3165578,Senador Amaral,0  ,SE,MG,M,2026,6517,41778556000190
3165602,Senador Cortes,0  ,SE,MG,M,2026,2335,17724576000102
3165701,Senador Firmino,0  ,SE,MG,M,2026,7977,18128231000140
3165800,Senador José Bento,0  ,SE,MG,M,2026,2149,18675926000142
2927408,Salvador,1  ,NE,BA,M,2026,2564204,13927801000149
2927507,Santa Bárbara,0  ,NE,BA,M,2026,21787,13626908000157
2927606,Santa Brígida,0  ,NE,BA,M,2026,15417,14217368000110
2927705,Santa Cruz Cabrália,0  ,NE,BA,M,2026,31007,13635008000176
2927804,Santa Cruz da Vitória,0  ,NE,BA,M,2026,4663,14147912000103
2927903,Santa Inês,0  ,NE,BA,M,2026,10625,14199921000130
2928000,Santaluz,0  ,NE,BA,M,2026,40066,13807870000119
2928059,Santa Luzia,0  ,NE,BA,M,2026,14392,13269634000196
2928109,Santa Maria da Vitória,0  ,NE,BA,M,2026,40474,13912506000119
2928208,Santana,0  ,NE,BA,M,2026,25521,13913140000100
2928307,Santanópolis,0  ,NE,BA,M,2026,9035,13627062000170
2928406,Santa Rita de Cássia,0  ,NE,BA,M,2026,28890,13880711000140
2928505,Santa Teresinha,0  ,NE,BA,M,2026,10882,13693650000101
2928604,Santo Amaro,0  ,NE,BA,M,2026,58398,14222566000172
2928703,Santo Antônio de Jesus,0  ,NE,BA,M,2026,109791,13825476000103
2928802,Santo Estêvão,0  ,NE,BA,M,2026,55146,14042667000161
2928901,São Desidério,0  ,NE,BA,M,2026,34982,13655436000160
2928950,São Domingos,0  ,NE,BA,M,2026,8690,16435547000150
2929008,São Félix,0  ,NE,BA,M,2026,11102,13828389000100
2929057,São Félix do Coribe,0  ,NE,BA,M,2026,15780,16430951000130
2929107,São Felipe,0  ,NE,BA,M,2026,20923,13827027000102
2929206,São Francisco do Conde,0  ,NE,BA,M,2026,41110,13830823000196
2929255,São Gabriel,0  ,NE,BA,M,2026,19229,13891544000132
2929305,São Gonçalo dos Campos,0  ,NE,BA,M,2026,42171,14060602000149
2929354,São José da Vitória,0  ,NE,BA,M,2026,5432,16429268000183
2929370,São José do Jacuípe,0  ,NE,BA,M,2026,10576,16443632000160
2929404,São Miguel das Matas,0  ,NE,BA,M,2026,10615,13825500000104
2929503,São Sebastião do Passé,0  ,NE,BA,M,2026,42944,13831441000187
2929602,Sapeaçu,0  ,NE,BA,M,2026,18656,13696257000171
2929701,Sátiro Dias,0  ,NE,BA,M,2026,16476,13648480000143
2929750,Saubara,0  ,NE,BA,M,2026,11859,13040233000160
2929800,Saúde,0  ,NE,BA,M,2026,10661,14197628000133
2929909,Seabra,0  ,NE,BA,M,2026,48721,13922604000137
2930006,Sebastião Laranjeiras,0  ,NE,BA,M,2026,9581,13982616000157
2930105,Senhor do Bonfim,0  ,NE,BA,M,2026,78090,13988308000139
2930154,Serra do Ramalho,0  ,NE,BA,M,2026,36252,16417784000198
2930204,Sento Sé,0  ,NE,BA,M,2026,40232,13692736000110
2930303,Serra Dourada,0  ,NE,BA,M,2026,17574,14222277000173
2930402,Serra Preta,0  ,NE,BA,M,2026,18754,13627823000193
2930501,Serrinha,0  ,NE,BA,M,2026,84690,13845086000103
2930600,Serrolândia,0  ,NE,BA,M,2026,13863,14196703000141
2930709,Simões Filho,0  ,NE,BA,M,2026,120419,13927827000197
2930758,Sítio do Mato,0  ,NE,BA,M,2026,13982,16417792000134
2930766,Sítio do Quinto,0  ,NE,BA,M,2026,14435,13452958000165
2930774,Sobradinho,0  ,NE,BA,M,2026,27097,16444804000110
2930808,Souto Soares,0  ,NE,BA,M,2026,17724,13922554000198
2930907,Tabocas do Brejo Velho,0  ,NE,BA,M,2026,12368,13655659000128
2931004,Tanhaçu,0  ,NE,BA,M,2026,21787,13676309000148
2931053,Tanque Novo,0  ,NE,BA,M,2026,17812,13225131000119
2931103,Tanquinho,0  ,NE,BA,M,2026,7991,13627997000156
2931202,Taperoá,0  ,NE,BA,M,2026,18556,13850342000142
2931301,Tapiramutá,0  ,NE,BA,M,2026,16226,13796016000102
2931350,Teixeira de Freitas,0  ,NE,BA,M,2026,153738,13650403000128
2931400,Teodoro Sampaio,0  ,NE,BA,M,2026,7280,13824248000119
2931509,Teofilândia,0  ,NE,BA,M,2026,21825,13845466000130
2931608,Teolândia,0  ,NE,BA,M,2026,15978,14196042000154
2931707,Terra Nova,0  ,NE,BA,M,2026,10976,13824511000170
2931806,Tremedal,0  ,NE,BA,M,2026,16646,14243463000199
2931905,Tucano,0  ,NE,BA,M,2026,51016,13810312000102
2932002,Uauá,0  ,NE,BA,M,2026,25449,13698758000197
2932101,Ubaíra,0  ,NE,BA,M,2026,19142,13910690000168
2932200,Ubaitaba,0  ,NE,BA,M,2026,17878,16137309000168
2932309,Ubatã,0  ,NE,BA,M,2026,15839,14235253000159
2932408,Uibaí,0  ,NE,BA,M,2026,13886,14140701000130
2932457,Umburanas,0  ,NE,BA,M,2026,13785,16449902000140
2932507,Una,0  ,NE,BA,M,2026,18254,13672605000170
2932606,Urandi,0  ,NE,BA,M,2026,15776,13982632000140
2932705,Uruçuca,0  ,NE,BA,M,2026,22155,14160378000167
2932804,Utinga,0  ,NE,BA,M,2026,16645,13811807000156
2932903,Valença,0  ,NE,BA,M,2026,90053,14235899000136
2933000,Valente,0  ,NE,BA,M,2026,25132,13845896000151
2933059,Várzea da Roça,0  ,NE,BA,M,2026,14294,13896758000100
2933109,Várzea do Poço,0  ,NE,BA,M,2026,8334,13913389000108
2933158,Várzea Nova,0  ,NE,BA,M,2026,13866,13231006000111
2933174,Varzedo,0  ,NE,BA,M,2026,10328,13460266000169
2933208,Vera Cruz,0  ,NE,BA,M,2026,45191,13891130000103
2933257,Vereda,0  ,NE,BA,M,2026,6157,16412017000196
2933307,Vitória da Conquista,0  ,NE,BA,M,2026,396613,14239578000100
2933406,Wagner,0  ,NE,BA,M,2026,9866,14694517000132
2933455,Wanderley,0  ,NE,BA,M,2026,13460,13348479000101
2933505,Wenceslau Guimarães,0  ,NE,BA,M,2026,25535,13758842000159
2933604,Xique-Xique,0  ,NE,BA,M,2026,47019,13880257000127
3100104,Abadia dos Dourados,0  ,SE,MG,M,2026,6345,18593111000114
3100203,Abaeté,0  ,SE,MG,M,2026,23173,18296632000100
3100302,Abre Campo,0  ,SE,MG,M,2026,14354,18837278000183
3100401,Acaiaca,0  ,SE,MG,M,2026,3998,18295287000190
3100500,Açucena,0  ,SE,MG,M,2026,8926,17005216000142
3100609,Água Boa,0  ,SE,MG,M,2026,12391,18085563000195
3100708,Água Comprida,0  ,SE,MG,M,2026,2171,18428953000110
3100807,Aguanil,0  ,SE,MG,M,2026,4509,17888108000165
3100906,Águas Formosas,0  ,SE,MG,M,2026,18850,18404749000160
3101003,Águas Vermelhas,0  ,SE,MG,M,2026,14567,18414581000173
3101102,Aimorés,0  ,SE,MG,M,2026,26212,18348094000150
3101201,Aiuruoca,0  ,SE,MG,M,2026,6389,18008896000110
3101300,Alagoa,0  ,SE,MG,M,2026,2820,18186346000191
3101409,Albertina,0  ,SE,MG,M,2026,3027,17912015000129
3101508,Além Paraíba,0  ,SE,MG,M,2026,31159,17709197000135
3101607,Alfenas,0  ,SE,MG,M,2026,82303,18243220000101
3101631,Alfredo Vasconcelos,0  ,SE,MG,M,2026,7236,26130617000115
3101706,Almenara,0  ,SE,MG,M,2026,42019,18349894000195
3101805,Alpercata,0  ,SE,MG,M,2026,7019,18332627000105
3101904,Alpinópolis,0  ,SE,MG,M,2026,18673,18241752000100
3102001,Alterosa,0  ,SE,MG,M,2026,14272,18243238000103
2204352,Geminiano,0  ,NE,PI,M,2026,5604,01499149000120
2204402,Gilbués,0  ,NE,PI,M,2026,11193,06554216000185
2204501,Guadalupe,0  ,NE,PI,M,2026,10480,06554083000147
2204550,Guaribas,0  ,NE,PI,M,2026,4344,01612576000172
2204600,Hugo Napoleão,0  ,NE,PI,M,2026,3550,06554927000150
2204659,Ilha Grande,0  ,NE,PI,M,2026,9522,01612581000185
2204709,Inhuma,0  ,NE,PI,M,2026,15268,06553739000107
2204808,Ipiranga do Piauí,0  ,NE,PI,M,2026,9627,06553747000153
2204907,Isaías Coelho,0  ,NE,PI,M,2026,7867,06553986000103
2205003,Itainópolis,0  ,NE,PI,M,2026,10969,06553754000155
2205102,Itaueira,0  ,NE,PI,M,2026,10477,06554091000193
2205151,Jacobina do Piauí,0  ,NE,PI,M,2026,5711,41522368000105
2205201,Jaicós,0  ,NE,PI,M,2026,17789,06553762000100
2205250,Jardim do Mulato,0  ,NE,PI,M,2026,4235,41522343000101
2205276,Jatobá do Piauí,0  ,NE,PI,M,2026,4560,01612557000146
2205300,Jerumenha,0  ,NE,PI,M,2026,4606,06554109000157
2205359,João Costa,0  ,NE,PI,M,2026,3033,01612580000130
2205409,Joaquim Pires,0  ,NE,PI,M,2026,14265,06554208000139
2205458,Joca Marques,0  ,NE,PI,M,2026,5552,01612677000143
2205508,José de Freitas,0  ,NE,PI,M,2026,44689,06554786000175
2205516,Juazeiro do Piauí,0  ,NE,PI,M,2026,5308,01612582000120
2205524,Júlio Borges,0  ,NE,PI,M,2026,5501,01612619000110
2205532,Jurema,0  ,NE,PI,M,2026,4501,01612585000163
2205540,Lagoinha do Piauí,0  ,NE,PI,M,2026,3044,01612587000152
2205557,Lagoa Alegre,0  ,NE,PI,M,2026,8464,41522327000100
2205565,Lagoa do Barro do Piauí,0  ,NE,PI,M,2026,5171,41522301000162
2205573,Lagoa de São Francisco,0  ,NE,PI,M,2026,6446,01612584000119
2205581,Lagoa do Piauí,0  ,NE,PI,M,2026,5017,01612583000174
2205599,Lagoa do Sítio,0  ,NE,PI,M,2026,4559,01612588000105
2205607,Landri Sales,0  ,NE,PI,M,2026,5309,06554117000101
2205706,Luís Correia,0  ,NE,PI,M,2026,31901,06554448000133
2205805,Luzilândia,0  ,NE,PI,M,2026,26143,06554190000175
2205854,Madeiro,0  ,NE,PI,M,2026,8231,01612586000108
2205904,Manoel Emídio,0  ,NE,PI,M,2026,5315,06554125000140
2205953,Marcolândia,0  ,NE,PI,M,2026,8822,41522269000115
2206001,Marcos Parente,0  ,NE,PI,M,2026,4863,06554133000196
2206050,Massapê do Piauí,0  ,NE,PI,M,2026,5165,01612591000110
2206100,Matias Olímpio,0  ,NE,PI,M,2026,10886,06554182000129
2206209,Miguel Alves,0  ,NE,PI,M,2026,33074,06553614000187
2206308,Miguel Leão,0  ,NE,PI,M,2026,1355,06554935000104
2206357,Milton Brandão,0  ,NE,PI,M,2026,6681,01612590000176
2206407,Monsenhor Gil,0  ,NE,PI,M,2026,10513,06554877000100
2206506,Monsenhor Hipólito,0  ,NE,PI,M,2026,7762,06553770000148
2206605,Monte Alegre do Piauí,0  ,NE,PI,M,2026,10928,06554232000178
2206654,Morro Cabeça no Tempo,0  ,NE,PI,M,2026,4456,01612594000154
2206670,Morro do Chapéu do Piauí,0  ,NE,PI,M,2026,6548,01612593000100
2206696,Murici dos Portelas,0  ,NE,PI,M,2026,10210,01612596000143
2206704,Nazaré do Piauí,0  ,NE,PI,M,2026,6697,06554141000132
2206720,Nazária,0  ,NE,PI,M,2026,10821,10560403000149
2206753,Nossa Senhora de Nazaré,0  ,NE,PI,M,2026,5442,01612592000165
2206803,Nossa Senhora dos Remédios,0  ,NE,PI,M,2026,8751,06554422000195
2206902,Novo Oriente do Piauí,0  ,NE,PI,M,2026,6158,06554836000114
2206951,Novo Santo Antônio,0  ,NE,PI,M,2026,2888,01612598000132
2207009,Oeiras,0  ,NE,PI,M,2026,39687,06553937000170
2207108,Olho D'Água do Piauí,0  ,NE,PI,M,2026,2730,01612595000107
2207207,Padre Marcos,0  ,NE,PI,M,2026,6468,06553788000140
2207306,Paes Landim,0  ,NE,PI,M,2026,4176,06553663000110
2207355,Pajeú do Piauí,0  ,NE,PI,M,2026,3032,01612602000162
2207405,Palmeira do Piauí,0  ,NE,PI,M,2026,5047,06554372000146
2207504,Palmeirais,0  ,NE,PI,M,2026,13458,06554851000162
2207553,Paquetá,0  ,NE,PI,M,2026,3873,01612601000118
2207603,Parnaguá,0  ,NE,PI,M,2026,10282,06554265000118
2207702,Parnaíba,0  ,NE,PI,M,2026,170491,06554430000131
2207751,Passagem Franca do Piauí,0  ,NE,PI,M,2026,4222,41522186000126
2207777,Patos do Piauí,0  ,NE,PI,M,2026,5427,41522285000108
2207793,Pau D'Arco do Piauí,0  ,NE,PI,M,2026,3979,04218211000156
2207801,Paulistana,0  ,NE,PI,M,2026,21633,06553796000196
2207850,Pavussu,0  ,NE,PI,M,2026,3697,01612679000132
2207900,Pedro II,0  ,NE,PI,M,2026,39072,06553929000124
2207934,Pedro Laurentino,0  ,NE,PI,M,2026,2517,01612600000173
2207959,Nova Santa Rita,0  ,NE,PI,M,2026,4142,01612599000187
2208007,Picos,0  ,NE,PI,M,2026,86701,06553804000102
2208106,Pimenteiras,0  ,NE,PI,M,2026,11487,06554893000101
2208205,Pio IX,0  ,NE,PI,M,2026,17948,06553812000140
2208304,Piracuruca,0  ,NE,PI,M,2026,29721,06553887000121
2208403,Piripiri,0  ,NE,PI,M,2026,67887,06553861000183
2208502,Porto,0  ,NE,PI,M,2026,12323,06554414000149
2208551,Porto Alegre do Piauí,0  ,NE,PI,M,2026,2382,01613513000130
2208601,Prata do Piauí,0  ,NE,PI,M,2026,3096,06636807000100
2208650,Queimada Nova,0  ,NE,PI,M,2026,8948,41522202000180
2208700,Redenção do Gurguéia,0  ,NE,PI,M,2026,8565,06554380000192
2208809,Regeneração,0  ,NE,PI,M,2026,17400,06554943000142
2208858,Riacho Frio,0  ,NE,PI,M,2026,4238,01612606000140
2208874,Ribeira do Piauí,0  ,NE,PI,M,2026,4105,01612604000151
2208908,Ribeiro Gonçalves,0  ,NE,PI,M,2026,6182,06728240000193
2209005,Rio Grande do Piauí,0  ,NE,PI,M,2026,5845,06554166000136
2209104,Santa Cruz do Piauí,0  ,NE,PI,M,2026,5872,06553960000165
2209153,Santa Cruz dos Milagres,0  ,NE,PI,M,2026,3448,41522228000129
2209203,Santa Filomena,0  ,NE,PI,M,2026,6210,06554240000114
2209302,Santa Luz,0  ,NE,PI,M,2026,5418,06554398000194
2209351,Santana do Piauí,0  ,NE,PI,M,2026,4159,41522137000193
2209377,Santa Rosa do Piauí,0  ,NE,PI,M,2026,4666,41522244000111
2209401,Santo Antônio de Lisboa,0  ,NE,PI,M,2026,5930,06553820000197
2209450,Santo Antônio dos Milagres,0  ,NE,PI,M,2026,2169,01612603000107
2209500,Santo Inácio do Piauí,0  ,NE,PI,M,2026,3682,06553945000117
2209559,São Braz do Piauí,0  ,NE,PI,M,2026,4454,41522145000130
2209609,São Félix do Piauí,0  ,NE,PI,M,2026,2879,06554968000146
2209658,São Francisco de Assis do Piauí,0  ,NE,PI,M,2026,5713,01612678000198
1718659,Rio da Conceição,0  ,NO,TO,M,2026,1827,33262536000134
1718709,Rio dos Bois,0  ,NO,TO,M,2026,2845,37420932000101
1718758,Rio Sono,0  ,NO,TO,M,2026,4718,00000729000168
1718808,Sampaio,0  ,NO,TO,M,2026,4397,25086828000135
1718840,Sandolândia,0  ,NO,TO,M,2026,3900,37344355000108
1718865,Santa Fé do Araguaia,0  ,NO,TO,M,2026,7533,25063918000100
1718881,Santa Maria do Tocantins,0  ,NO,TO,M,2026,2716,37421039000192
1718899,Santa Rita do Tocantins,0  ,NO,TO,M,2026,2299,01613127000149
1718907,Santa Rosa do Tocantins,0  ,NO,TO,M,2026,4799,24851503000139
1719004,Santa Tereza do Tocantins,0  ,NO,TO,M,2026,2907,25086844000128
2504405,Conceição,0  ,NE,PB,M,2026,18731,08943227000182
2504504,Condado,0  ,NE,PB,M,2026,6629,09151473000164
2504603,Conde,0  ,NE,PB,M,2026,30007,08916645000180
2504702,Congo,0  ,NE,PB,M,2026,5124,08870164000181
2504801,Coremas,0  ,NE,PB,M,2026,14987,08939936000194
2504850,Coxixola,0  ,NE,PB,M,2026,1888,01612757000107
2504900,Cruz do Espírito Santo,0  ,NE,PB,M,2026,17821,08902934000120
2505006,Cubati,0  ,NE,PB,M,2026,7842,08732182000105
2505105,Cuité,0  ,NE,PB,M,2026,20208,08732174000150
2505204,Cuitegi,0  ,NE,PB,M,2026,6890,08781791000146
2505238,Cuité de Mamanguape,0  ,NE,PB,M,2026,6441,01612341000180
2505279,Curral de Cima,0  ,NE,PB,M,2026,5415,01612372000131
2505303,Curral Velho,0  ,NE,PB,M,2026,2316,08886947000153
2505352,Damião,0  ,NE,PB,M,2026,5141,01612636000157
2505402,Desterro,0  ,NE,PB,M,2026,8314,08925968000130
2505501,Vista Serrana,0  ,NE,PB,M,2026,3772,09151598000194
2505600,Diamante,0  ,NE,PB,M,2026,6416,08942229000157
2505709,Dona Inês,0  ,NE,PB,M,2026,10638,08782146000148
2505808,Duas Estradas,0  ,NE,PB,M,2026,3360,08787012000110
2505907,Emas,0  ,NE,PB,M,2026,3036,08944084000123
2506004,Esperança,0  ,NE,PB,M,2026,32599,08993909000108
2506103,Fagundes,0  ,NE,PB,M,2026,11307,08737694000156
2506202,Frei Martinho,0  ,NE,PB,M,2026,2911,08737785000191
2506251,Gado Bravo,0  ,NE,PB,M,2026,8398,01612651000103
2506301,Guarabira,0  ,NE,PB,M,2026,60057,08785479000120
2506400,Gurinhém,0  ,NE,PB,M,2026,14141,08809444000184
2506509,Gurjão,0  ,NE,PB,M,2026,3352,09073685000170
2506608,Ibiara,0  ,NE,PB,M,2026,5713,08943268000179
2506707,Imaculada,0  ,NE,PB,M,2026,10497,08883969000160
2506806,Ingá,0  ,NE,PB,M,2026,18234,08810350000125
2506905,Itabaiana,0  ,NE,PB,M,2026,23558,09072430000193
2507002,Itaporanga,0  ,NE,PB,M,2026,24766,08940694000159
2507101,Itapororoca,0  ,NE,PB,M,2026,19165,09165176000178
2507200,Itatuba,0  ,NE,PB,M,2026,10840,08865628000161
2507309,Jacaraú,0  ,NE,PB,M,2026,14969,08947699000103
2507408,Jericó,0  ,NE,PB,M,2026,7728,08931495000184
2507507,João Pessoa,1  ,NE,PB,M,2026,897633,08778326000156
2507606,Juarez Távora,0  ,NE,PB,M,2026,8088,08919490000136
2507705,Juazeirinho,0  ,NE,PB,M,2026,17520,08996886000187
2507804,Junco do Seridó,0  ,NE,PB,M,2026,7019,09084054000157
2507903,Juripiranga,0  ,NE,PB,M,2026,10255,08865933000153
2508000,Juru,0  ,NE,PB,M,2026,9380,08888950000106
2508109,Lagoa,0  ,NE,PB,M,2026,4489,09151796000158
2508208,Lagoa de Dentro,0  ,NE,PB,M,2026,8123,09071622000185
2508307,Lagoa Seca,0  ,NE,PB,M,2026,29209,08997611000168
2508406,Lastro,0  ,NE,PB,M,2026,3316,08999716000156
2508505,Livramento,0  ,NE,PB,M,2026,7041,08738916000155
2508554,Logradouro,0  ,NE,PB,M,2026,5107,01612986000113
2508604,Lucena,0  ,NE,PB,M,2026,13088,08924813000180
2508703,Mãe d'Água,0  ,NE,PB,M,2026,3599,09084088000141
2508802,Malta,0  ,NE,PB,M,2026,6288,09151861000145
2508901,Mamanguape,0  ,NE,PB,M,2026,46966,08898124000148
2509008,Manaíra,0  ,NE,PB,M,2026,10699,09148131000195
2509057,Marcação,0  ,NE,PB,M,2026,9537,01612351000116
2509107,Mari,0  ,NE,PB,M,2026,22170,08917106000166
2509156,Marizópolis,0  ,NE,PB,M,2026,7001,01612941000149
2509206,Massaranduba,0  ,NE,PB,M,2026,14756,08739138000119
2509305,Mataraca,0  ,NE,PB,M,2026,8650,08898256000170
2509339,Matinhas,0  ,NE,PB,M,2026,4759,01612641000160
2509370,Mato Grosso,0  ,NE,PB,M,2026,2584,01613316000111
2509396,Maturéia,0  ,NE,PB,M,2026,6717,01612689000178
2509404,Mogeiro,0  ,NE,PB,M,2026,14435,08866501000167
2509503,Montadas,0  ,NE,PB,M,2026,6144,08739351000120
2509602,Monte Horebe,0  ,NE,PB,M,2026,4429,08924011000170
2509701,Monteiro,0  ,NE,PB,M,2026,33886,09073628000191
2509800,Mulungu,0  ,NE,PB,M,2026,8909,08786865000137
2509909,Natuba,0  ,NE,PB,M,2026,8935,09072448000195
2510006,Nazarezinho,0  ,NE,PB,M,2026,7394,08999708000100
2510105,Nova Floresta,0  ,NE,PB,M,2026,9840,08739625000181
2510204,Nova Olinda,0  ,NE,PB,M,2026,5897,08889297000108
2510303,Nova Palmeira,0  ,NE,PB,M,2026,4359,08739930000173
2510402,Olho d'Água,0  ,NE,PB,M,2026,6059,08944076000187
2510501,Olivedos,0  ,NE,PB,M,2026,3675,08740102000155
2510600,Ouro Velho,0  ,NE,PB,M,2026,3000,08872459000197
2510659,Parari,0  ,NE,PB,M,2026,1745,01612532000142
2510709,Passagem,0  ,NE,PB,M,2026,2580,08876104000176
2510808,Patos,0  ,NE,PB,M,2026,108104,09084815000170
2510907,Paulista,0  ,NE,PB,M,2026,12172,08945727000153
2511004,Pedra Branca,0  ,NE,PB,M,2026,3851,08889826000165
2511103,Pedra Lavrada,0  ,NE,PB,M,2026,6980,08740466000135
2511202,Pedras de Fogo,0  ,NE,PB,M,2026,31356,09072455000197
2511301,Piancó,0  ,NE,PB,M,2026,17088,09148727000195
2511400,Picuí,0  ,NE,PB,M,2026,18862,08741399000173
2511509,Pilar,0  ,NE,PB,M,2026,12889,08867780000183
2511608,Pilões,0  ,NE,PB,M,2026,6974,08786626000187
2511707,Pilõezinhos,0  ,NE,PB,M,2026,5539,08788903000190
2511806,Pirpirituba,0  ,NE,PB,M,2026,9411,08789299000117
2511905,Pitimbu,0  ,NE,PB,M,2026,17166,08916785000159
2512002,Pocinhos,0  ,NE,PB,M,2026,18038,08741688000172
2512036,Poço Dantas,0  ,NE,PB,M,2026,3934,01615653000148
2512077,Poço de José de Moura,0  ,NE,PB,M,2026,4126,01615784000125
2104503,Governador Archer,0  ,NE,MA,M,2026,10476,06138150000142
2104552,Governador Edison Lobão,0  ,NE,MA,M,2026,18963,01597627000134
2104602,Governador Eugênio Barros,0  ,NE,MA,M,2026,14264,06101117000148
2104628,Governador Luiz Rocha,0  ,NE,MA,M,2026,7216,01578554000133
2104651,Governador Newton Bello,0  ,NE,MA,M,2026,10993,01615124000144
2104677,Governador Nunes Freire,0  ,NE,MA,M,2026,23526,01612834000110
1720002,Santa Terezinha do Tocantins,0  ,NO,TO,M,2026,2461,01634030000112
1720101,São Bento do Tocantins,0  ,NO,TO,M,2026,6004,25063983000136
1720150,São Félix do Tocantins,0  ,NO,TO,M,2026,1897,26753145000157
1720200,São Miguel do Tocantins,0  ,NO,TO,M,2026,14116,25064007000106
1720259,São Salvador do Tocantins,0  ,NO,TO,M,2026,2356,37344371000109
1720309,São Sebastião do Tocantins,0  ,NO,TO,M,2026,4182,00766733000131
1720499,São Valério,0  ,NO,TO,M,2026,4554,25043449000168
1720655,Silvanópolis,0  ,NO,TO,M,2026,5259,00114819000180
1720804,Sítio Novo do Tocantins,0  ,NO,TO,M,2026,11446,00766717000149
1720853,Sucupira,0  ,NO,TO,M,2026,1591,37344439000141
1720903,Taguatinga,0  ,NO,TO,M,2026,14199,02306900000197
1720937,Taipas do Tocantins,0  ,NO,TO,M,2026,2092,33261694000170
1720978,Talismã,0  ,NO,TO,M,2026,2505,01612820000105
1721000,Palmas,1  ,NO,TO,M,2026,328499,24851511000185
1721109,Tocantínia,0  ,NO,TO,M,2026,7802,02070712000102
1721208,Tocantinópolis,0  ,NO,TO,M,2026,23225,01224716000135
1721257,Tupirama,0  ,NO,TO,M,2026,2024,01613619000134
1721307,Tupiratins,0  ,NO,TO,M,2026,1886,37420692000137
1722081,Wanderlândia,0  ,NO,TO,M,2026,10734,00001636000158
1722107,Xambioá,0  ,NO,TO,M,2026,10636,02087211000139
2100055,Açailândia,0  ,NE,MA,M,2026,110611,07000268000172
2100105,Afonso Cunha,0  ,NE,MA,M,2026,6303,06096655000191
2100154,Água Doce do Maranhão,0  ,NE,MA,M,2026,12461,01612339000101
2100204,Alcântara,0  ,NE,MA,M,2026,18721,06000244000150
2100303,Aldeias Altas,0  ,NE,MA,M,2026,23776,06096853000155
2100402,Altamira do Maranhão,0  ,NE,MA,M,2026,6549,06021323000148
2100436,Alto Alegre do Maranhão,0  ,NE,MA,M,2026,24528,01612326000132
2100477,Alto Alegre do Pindaré,0  ,NE,MA,M,2026,26321,01612832000121
2100501,Alto Parnaíba,0  ,NE,MA,M,2026,11392,06997571000129
2100550,Amapá do Maranhão,0  ,NE,MA,M,2026,7380,01580959000106
2100600,Amarante do Maranhão,0  ,NE,MA,M,2026,38335,06157846000116
2100709,Anajatuba,0  ,NE,MA,M,2026,26250,06002372000133
2100808,Anapurus,0  ,NE,MA,M,2026,14113,06116461000100
2100832,Apicum-Açu,0  ,NE,MA,M,2026,18033,01612531000106
2100873,Araguanã,0  ,NE,MA,M,2026,11297,01612539000164
2100907,Araioses,0  ,NE,MA,M,2026,40231,06450191000170
2100956,Arame,0  ,NE,MA,M,2026,26089,12542767000121
2101004,Arari,0  ,NE,MA,M,2026,30555,06242846000114
2101103,Axixá,0  ,NE,MA,M,2026,12091,06008569000180
2101202,Bacabal,0  ,NE,MA,M,2026,107755,06014351000138
2101251,Bacabeira,0  ,NE,MA,M,2026,17459,01611396000176
2101301,Bacuri,0  ,NE,MA,M,2026,16591,06151419000120
2101350,Bacurituba,0  ,NE,MA,M,2026,5375,01612534000131
2101400,Balsas,0  ,NE,MA,M,2026,105974,06441430000125
2101509,Barão de Grajaú,0  ,NE,MA,M,2026,19493,06477822000144
2101608,Barra do Corda,0  ,NE,MA,M,2026,87757,06769798000117
2101707,Barreirinhas,0  ,NE,MA,M,2026,68234,06217954000137
2101731,Belágua,0  ,NE,MA,M,2026,8751,01612545000111
2101772,Bela Vista do Maranhão,0  ,NE,MA,M,2026,12104,01612347000158
2101806,Benedito Leite,0  ,NE,MA,M,2026,5599,06096218000178
2101905,Bequimão,0  ,NE,MA,M,2026,19968,41611716000102
2101939,Bernardo do Mearim,0  ,NE,MA,M,2026,5989,01612345000169
2101970,Boa Vista do Gurupi,0  ,NE,MA,M,2026,7781,01612331000145
2102002,Bom Jardim,0  ,NE,MA,M,2026,33936,06229975000172
2102036,Bom Jesus das Selvas,0  ,NE,MA,M,2026,29606,01612668000152
2102077,Bom Lugar,0  ,NE,MA,M,2026,12371,01611400000104
2102101,Brejo,0  ,NE,MA,M,2026,35354,06116743000108
2102150,Brejo de Areia,0  ,NE,MA,M,2026,9363,01612318000196
2102200,Buriti,0  ,NE,MA,M,2026,30866,06117071000155
2102309,Buriti Bravo,0  ,NE,MA,M,2026,22938,06052138000110
2102325,Buriticupu,0  ,NE,MA,M,2026,56733,01612525000140
2102358,Buritirana,0  ,NE,MA,M,2026,13125,01601303000122
2102374,Cachoeira Grande,0  ,NE,MA,M,2026,10032,01612624000122
2102408,Cajapió,0  ,NE,MA,M,2026,10336,06054266000101
2102507,Cajari,0  ,NE,MA,M,2026,16680,06469837000160
2102556,Campestre do Maranhão,0  ,NE,MA,M,2026,12536,01598550000117
2102606,Cândido Mendes,0  ,NE,MA,M,2026,20440,06059505000108
2102705,Cantanhede,0  ,NE,MA,M,2026,25059,06156160000100
2102754,Capinzal do Norte,0  ,NE,MA,M,2026,11681,01613309000110
2102804,Carolina,0  ,NE,MA,M,2026,24619,12081691000184
2102903,Carutapera,0  ,NE,MA,M,2026,24906,06903553000130
2103000,Caxias,0  ,NE,MA,M,2026,163546,06082820000156
2103109,Cedral,0  ,NE,MA,M,2026,10446,06235006000124
2103125,Central do Maranhão,0  ,NE,MA,M,2026,7220,01612342000125
2103158,Centro do Guilherme,0  ,NE,MA,M,2026,12693,01612328000121
2103174,Centro Novo do Maranhão,0  ,NE,MA,M,2026,16477,01612323000107
2103208,Chapadinha,0  ,NE,MA,M,2026,84395,06117709000158
2103257,Cidelândia,0  ,NE,MA,M,2026,13141,01610134000197
2103307,Codó,0  ,NE,MA,M,2026,118283,06104863000195
2103406,Coelho Neto,0  ,NE,MA,M,2026,42841,05281738000198
2103505,Colinas,0  ,NE,MA,M,2026,41788,06113682000125
2103554,Conceição do Lago-Açu,0  ,NE,MA,M,2026,15278,01612544000177
2103604,Coroatá,0  ,NE,MA,M,2026,61337,06331110000112
2103703,Cururupu,0  ,NE,MA,M,2026,32602,05733472000177
2103752,Davinópolis,0  ,NE,MA,M,2026,14828,01616269000160
2103802,Dom Pedro,0  ,NE,MA,M,2026,23594,06137293000130
2103901,Duque Bacelar,0  ,NE,MA,M,2026,10443,06314439000175
2104008,Esperantinópolis,0  ,NE,MA,M,2026,18734,06376669000169
2104057,Estreito,0  ,NE,MA,M,2026,34321,07070873000110
2104073,Feira Nova do Maranhão,0  ,NE,MA,M,2026,8237,01616041000170
2104081,Fernando Falcão,0  ,NE,MA,M,2026,11219,01612667000108
2104099,Formosa da Serra Negra,0  ,NE,MA,M,2026,18150,01616684000113
2104107,Fortaleza dos Nogueiras,0  ,NE,MA,M,2026,12963,06080394000111
2104206,Fortuna,0  ,NE,MA,M,2026,17347,06140404000167
2104305,Godofredo Viana,0  ,NE,MA,M,2026,10424,06157051000108
2104404,Gonçalves Dias,0  ,NE,MA,M,2026,17580,06314827000156
1,União,0  ,BR,,U,2026,8569324,00394411000109
11,Rondônia,0  ,NO,BR,E,2026,1616379,00394585000171
12,Acre,0  ,NO,BR,E,2026,829780,63606479000124
13,Amazonas,0  ,NO,BR,E,2026,3952262,04312369000190
14,Roraima,0  ,NO,BR,E,2026,634805,84012012000126
15,Pará,0  ,NO,BR,E,2026,8442962,05054861000176
16,Amapá,0  ,NO,BR,E,2026,774268,00394577000125
21,Maranhão,0  ,NE,BR,E,2026,6800605,06354468000160
22,Piauí,0  ,NE,BR,E,2026,3270174,06553481000149
23,Ceará,0  ,NE,BR,E,2026,8936431,07954480000179
24,Rio Grande do Norte,0  ,NE,BR,E,2026,3303953,08241739000105
25,Paraíba,0  ,NE,BR,E,2026,4030961,08761124000100
26,Pernambuco,0  ,NE,BR,E,2026,9051113,10571982000125
27,Alagoas,0  ,NE,BR,E,2026,3125254,12200176000176
28,Sergipe,0  ,NE,BR,E,2026,2211868,13128798000101
29,Bahia,0  ,NE,BR,E,2026,14659023,13937032000160
31,Minas Gerais,0  ,SE,BR,E,2026,20732660,18715615000160
32,Espírito Santo,0  ,SE,BR,E,2026,3975100,27080530000143
33,Rio de Janeiro,0  ,SE,BR,E,2026,16615526,42498600000171
35,São Paulo,0  ,SE,BR,E,2026,46024937,46379400000150
41,Paraná,0  ,SU,BR,E,2026,11835379,76416940000128
42,Santa Catarina,0  ,SU,BR,E,2026,7762154,82951229000176
43,Rio Grande do Sul,0  ,SU,BR,E,2026,11088065,87934675000196
50,Mato Grosso do Sul,0  ,CO,BR,E,2026,2833742,15412257000128
51,Mato Grosso,0  ,CO,BR,E,2026,3784239,03507415000144
52,Goiás,0  ,CO,BR,E,2026,6950976,01409580000138
53,Distrito Federal,0  ,CO,BR,D,2026,2923369,00394601000126
1100015,Alta Floresta D'Oeste,0  ,NO,RO,M,2026,22787,15834732000154
1100023,Ariquemes,0  ,NO,RO,M,2026,109170,04104816000116
1100031,Cabixi,0  ,NO,RO,M,2026,5664,22855159000120
1100049,Cacoal,0  ,NO,RO,M,2026,98280,04092714000128
1100056,Cerejeiras,0  ,NO,RO,M,2026,16966,04914925000107
1100064,Colorado do Oeste,0  ,NO,RO,M,2026,16508,04391512000187
1100072,Corumbiara,0  ,NO,RO,M,2026,7968,63762041000135
1100080,Costa Marques,0  ,NO,RO,M,2026,13510,04100020000195
1100098,Espigão D'Oeste,0  ,NO,RO,M,2026,32842,04695284000139
1100106,Guajará-Mirim,0  ,NO,RO,M,2026,43594,05893631000109
1100114,Jaru,0  ,NO,RO,M,2026,55682,04279238000159
1100122,Ji-Paraná,0  ,NO,RO,M,2026,140101,04092672000125
1100130,Machadinho D'Oeste,0  ,NO,RO,M,2026,34149,22855142000173
1100148,Nova Brasilândia D'Oeste,0  ,NO,RO,M,2026,16374,15884109000106
1100155,Ouro Preto do Oeste,0  ,NO,RO,M,2026,38684,04380507000179
1100189,Pimenta Bueno,0  ,NO,RO,M,2026,39220,04092680000171
1100205,Porto Velho,1  ,NO,RO,M,2026,517709,05903125000145
1100254,Presidente Médici,0  ,NO,RO,M,2026,20443,04632212000142
1100262,Rio Crespo,0  ,NO,RO,M,2026,3767,63761977000141
1100288,Rolim de Moura,0  ,NO,RO,M,2026,62959,04394805000118
1100296,Santa Luzia D'Oeste,0  ,NO,RO,M,2026,7837,15845365000194
1100304,Vilhena,0  ,NO,RO,M,2026,109651,04092706000181
1100320,São Miguel do Guaporé,0  ,NO,RO,M,2026,22305,22855167000177
1100338,Nova Mamoré,0  ,NO,RO,M,2026,28701,22855183000160
1100346,Alvorada D'Oeste,0  ,NO,RO,M,2026,13720,15845340000190
1100379,Alto Alegre dos Parecis,0  ,NO,RO,M,2026,12237,84744994000140
1100403,Alto Paraíso,0  ,NO,RO,M,2026,17467,63762025000142
1100452,Buritis,0  ,NO,RO,M,2026,30649,01266058000144
1100502,Novo Horizonte do Oeste,0  ,NO,RO,M,2026,7972,63762009000150
1100601,Cacaulândia,0  ,NO,RO,M,2026,4292,63762058000192
1100700,Campo Novo de Rondônia,0  ,NO,RO,M,2026,9095,63762033000199
1100809,Candeias do Jamari,0  ,NO,RO,M,2026,24313,63761902000160
1100908,Castanheiras,0  ,NO,RO,M,2026,3450,63761969000103
1100924,Chupinguaia,0  ,NO,RO,M,2026,10191,01587887000129
1100940,Cujubim,0  ,NO,RO,M,2026,15877,84736941000188
1101005,Governador Jorge Teixeira,0  ,NO,RO,M,2026,8340,63761944000100
1101104,Itapuã do Oeste,0  ,NO,RO,M,2026,9228,63761936000155
1101203,Ministro Andreazza,0  ,NO,RO,M,2026,6519,63762074000185
1101302,Mirante da Serra,0  ,NO,RO,M,2026,9657,63787071000104
1101401,Monte Negro,0  ,NO,RO,M,2026,12168,63761985000198
1101435,Nova União,0  ,NO,RO,M,2026,6541,00699197000107
1101468,Pimenteiras do Oeste,0  ,NO,RO,M,2026,2309,01592473000198
1101476,Primavera de Rondônia,0  ,NO,RO,M,2026,3268,84723030000116
1101484,São Felipe D'Oeste,0  ,NO,RO,M,2026,5588,84745389000194
1101492,São Francisco do Guaporé,0  ,NO,RO,M,2026,17557,01254422000156
1101500,Seringueiras,0  ,NO,RO,M,2026,12965,63761993000134
1101559,Teixeirópolis,0  ,NO,RO,M,2026,4521,84722933000182
1101609,Theobroma,0  ,NO,RO,M,2026,8459,84727601000190
1101708,Urupá,0  ,NO,RO,M,2026,11314,63787097000144
1101757,Vale do Anari,0  ,NO,RO,M,2026,8220,84722917000190
1101807,Vale do Paraíso,0  ,NO,RO,M,2026,6790,63786990000155
1200013,Acrelândia,0  ,NO,AC,M,2026,14712,84306737000127
1200054,Assis Brasil,0  ,NO,AC,M,2026,8648,04045993000179
1200104,Brasiléia,0  ,NO,AC,M,2026,28028,04508933000145
1200138,Bujari,0  ,NO,AC,M,2026,13928,84306620000143
1200179,Capixaba,0  ,NO,AC,M,2026,10981,84306604000150
1200203,Cruzeiro do Sul,0  ,NO,AC,M,2026,98916,04012548000102
1200252,Epitaciolândia,0  ,NO,AC,M,2026,19874,84306588000104
1200302,Feijó,0  ,NO,AC,M,2026,37764,04005179000120
1200328,Jordão,0  ,NO,AC,M,2026,9884,84306497000160
1200336,Mâncio Lima,0  ,NO,AC,M,2026,20479,04059671000189
1200344,Manoel Urbano,0  ,NO,AC,M,2026,12923,04051207000146
1200351,Marechal Thaumaturgo,0  ,NO,AC,M,2026,18057,84306463000176
1200385,Plácido de Castro,0  ,NO,AC,M,2026,17107,04076733000160
1200393,Porto Walter,0  ,NO,AC,M,2026,11333,63603625000168
1200401,Rio Branco,1  ,NO,AC,M,2026,389001,04034583000122
1200427,Rodrigues Alves,0  ,NO,AC,M,2026,15560,84306455000120
1200435,Santa Rosa do Purus,0  ,NO,AC,M,2026,7217,84306521000161
1200450,Senador Guiomard,0  ,NO,AC,M,2026,22402,04077251000125
1200500,Sena Madureira,0  ,NO,AC,M,2026,44049,04513362000137
1200609,Tarauacá,0  ,NO,AC,M,2026,46816,34693564000179
1200708,Xapuri,0  ,NO,AC,M,2026,19170,04018560000124
1200807,Porto Acre,0  ,NO,AC,M,2026,17523,84306661000130
1300029,Alvarães,0  ,NO,AM,M,2026,16806,04628335000100
1300060,Amaturá,0  ,NO,AM,M,2026,11533,04628723000190
1300086,Anamã,0  ,NO,AM,M,2026,9981,04628020000162
1300102,Anori,0  ,NO,AM,M,2026,18056,04262762000117
1300144,Apuí,0  ,NO,AM,M,2026,21781,22812960000199
1300201,Atalaia do Norte,0  ,NO,AM,M,2026,15889,04530713000118
1300300,Autazes,0  ,NO,AM,M,2026,45960,04477642000137
1300409,Barcelos,0  ,NO,AM,M,2026,18210,04271037000105
1300508,Barreirinha,0  ,NO,AM,M,2026,33722,04283040000149
1300607,Benjamin Constant,0  ,NO,AM,M,2026,40908,04243978000135
1300631,Beruri,0  ,NO,AM,M,2026,22495,04628111000106
1300680,Boa Vista do Ramos,0  ,NO,AM,M,2026,26479,04629283000196
1300706,Boca do Acre,0  ,NO,AM,M,2026,38792,15811318000120
1300805,Borba,0  ,NO,AM,M,2026,34869,04477568000159
1300839,Caapiranga,0  ,NO,AM,M,2026,14806,04628046000100
1300904,Canutama,0  ,NO,AM,M,2026,18109,04247441000143
1301001,Carauari,0  ,NO,AM,M,2026,31130,04530044000184
1301100,Careiro,0  ,NO,AM,M,2026,32336,04332995000149
1301159,Careiro da Várzea,0  ,NO,AM,M,2026,20324,23006331000134
1301209,Coari,0  ,NO,AM,M,2026,73576,04262432000121
1301308,Codajás,0  ,NO,AM,M,2026,24572,04263331000256
1301407,Eirunepé,0  ,NO,AM,M,2026,35793,04190765000192
1301506,Envira,0  ,NO,AM,M,2026,17985,04530895000127
1301605,Fonte Boa,0  ,NO,AM,M,2026,28227,04530101000125
1301654,Guajará,0  ,NO,AM,M,2026,14344,22812242000112
1301704,Humaitá,0  ,NO,AM,M,2026,63454,04465209000181
1301803,Ipixuna,0  ,NO,AM,M,2026,25629,04191078000191
1301852,Iranduba,0  ,NO,AM,M,2026,68862,04628533000173
1301902,Itacoatiara,0  ,NO,AM,M,2026,113917,04241980000175
1301951,Itamarati,0  ,NO,AM,M,2026,11956,04628376000104
1302009,Itapiranga,0  ,NO,AM,M,2026,10955,04495644000159
1302108,Japurá,0  ,NO,AM,M,2026,9420,04505509000147
1302207,Juruá,0  ,NO,AM,M,2026,11093,04588596000143
1302306,Jutaí,0  ,NO,AM,M,2026,28202,04285896000153
1302405,Lábrea,0  ,NO,AM,M,2026,49469,05830872000109
1302504,Manacapuru,0  ,NO,AM,M,2026,111751,04274064000131
1302553,Manaquiri,0  ,NO,AM,M,2026,16211,04641551000195
1302603,Manaus,1  ,NO,AM,M,2026,2303732,04365326000173
1302702,Manicoré,0  ,NO,AM,M,2026,58018,04197166000109
1302801,Maraã,0  ,NO,AM,M,2026,15815,04505640000104
1302900,Maués,0  ,NO,AM,M,2026,66336,04282869000127
1303007,Nhamundá,0  ,NO,AM,M,2026,21251,04283578000153
1303106,Nova Olinda do Norte,0  ,NO,AM,M,2026,28123,04477600000104
1303205,Novo Airão,0  ,NO,AM,M,2026,16562,04533113000103
1303304,Novo Aripuanã,0  ,NO,AM,M,2026,25325,04278818000121
1303403,Parintins,0  ,NO,AM,M,2026,101855,04329736000169
1303502,Pauini,0  ,NO,AM,M,2026,20229,04530135000110
1303536,Presidente Figueiredo,0  ,NO,AM,M,2026,33291,04628681000198
1303569,Rio Preto da Eva,0  ,NO,AM,M,2026,25364,04629697000115
1303601,Santa Isabel do Rio Negro,0  ,NO,AM,M,2026,13947,04194239000109
1303700,Santo Antônio do Içá,0  ,NO,AM,M,2026,30679,04532057000192
1303809,São Gabriel da Cachoeira,0  ,NO,AM,M,2026,57396,04272670000118
1303908,São Paulo de Olivença,0  ,NO,AM,M,2026,35442,05829577000124
1303957,São Sebastião do Uatumã,0  ,NO,AM,M,2026,12338,04628418000107
1304005,Silves,0  ,NO,AM,M,2026,12619,04477634000190
1304062,Tabatinga,0  ,NO,AM,M,2026,73348,04011805000191
1304104,Tapauá,0  ,NO,AM,M,2026,20728,04530390000162
1304203,Tefé,0  ,NO,AM,M,2026,80137,04426383000115
1304237,Tonantins,0  ,NO,AM,M,2026,20257,04628608000116
1304260,Uarini,0  ,NO,AM,M,2026,15640,04647079000106
1304302,Urucará,0  ,NO,AM,M,2026,19617,04477782000105
1304401,Urucurituba,0  ,NO,AM,M,2026,25965,04502571000185
1400027,Amajari,0  ,NO,RR,M,2026,16112,01614081000182
1400050,Alto Alegre,0  ,NO,RR,M,2026,23589,04056206000194
1400100,Boa Vista,1  ,NO,RR,M,2026,485477,05943030000155
1400159,Bonfim,0  ,NO,RR,M,2026,15570,04056214000130
1400175,Cantá,0  ,NO,RR,M,2026,21102,01612682000156
1400209,Caracaraí,0  ,NO,RR,M,2026,22750,04653408000113
1400233,Caroebe,0  ,NO,RR,M,2026,12004,01614606000180
1400282,Iracema,0  ,NO,RR,M,2026,10937,01613028000167
1400308,Mucajaí,0  ,NO,RR,M,2026,20006,04056198000186
1400407,Normandia,0  ,NO,RR,M,2026,16323,04056222000187
1400456,Pacaraima,0  ,NO,RR,M,2026,23112,01612675000154
1400472,Rorainópolis,0  ,NO,RR,M,2026,37787,01613031000180
1400506,São João da Baliza,0  ,NO,RR,M,2026,9969,04056248000125
1400605,São Luiz,0  ,NO,RR,M,2026,7848,04056230000123
1400704,Uiramutã,0  ,NO,RR,M,2026,16186,01612681000101
1500107,Abaetetuba,0  ,NO,PA,M,2026,172344,05105127000199
1500131,Abel Figueiredo,0  ,NO,PA,M,2026,6275,83211375000128
1500206,Acará,0  ,NO,PA,M,2026,63110,05196548000172
1500305,Afuá,0  ,NO,PA,M,2026,40473,05119854000105
1500347,Água Azul do Norte,0  ,NO,PA,M,2026,17596,34671057000134
1500404,Alenquer,0  ,NO,PA,M,2026,75882,04838793000173
1500503,Almeirim,0  ,NO,PA,M,2026,36442,05139464000105
1500602,Altamira,0  ,NO,PA,M,2026,138749,05263116000137
1500701,Anajás,0  ,NO,PA,M,2026,30247,05849955000131
1500800,Ananindeua,0  ,NO,PA,M,2026,509227,05058441000168
1500859,Anapu,0  ,NO,PA,M,2026,35638,01613194000163
1500909,Augusto Corrêa,0  ,NO,PA,M,2026,47912,04873600000115
1500958,Aurora do Pará,0  ,NO,PA,M,2026,24193,83267989000121
1501006,Aveiro,0  ,NO,PA,M,2026,19380,04542916000124
1501105,Bagre,0  ,NO,PA,M,2026,35147,04876538000115
1501204,Baião,0  ,NO,PA,M,2026,56850,05425871000170
1501253,Bannach,0  ,NO,PA,M,2026,4290,01595320000102
1501303,Barcarena,0  ,NO,PA,M,2026,139076,05058458000115
1501402,Belém,1  ,NO,PA,M,2026,1397315,05055009000113
1501451,Belterra,0  ,NO,PA,M,2026,19075,01614112000103
1501501,Benevides,0  ,NO,PA,M,2026,68962,05058466000161
1501576,Bom Jesus do Tocantins,0  ,NO,PA,M,2026,19129,22938757000163
1501600,Bonito,0  ,NO,PA,M,2026,12961,05149083000107
1501709,Bragança,0  ,NO,PA,M,2026,132489,04873592000107
1501725,Brasil Novo,0  ,NO,PA,M,2026,27130,34887950000100
1501758,Brejo Grande do Araguaia,0  ,NO,PA,M,2026,6966,22938773000156
1501782,Breu Branco,0  ,NO,PA,M,2026,47066,34626440000170
1501808,Breves,0  ,NO,PA,M,2026,116058,04876389000194
1501907,Bujaru,0  ,NO,PA,M,2026,25065,05196563000110
1501956,Cachoeira do Piriá,0  ,NO,PA,M,2026,19223,01612360000107
1502004,Cachoeira do Arari,0  ,NO,PA,M,2026,25467,04884482000140
1502103,Cametá,0  ,NO,PA,M,2026,144859,05105283000150
1502152,Canaã dos Carajás,0  ,NO,PA,M,2026,89524,01613321000124
1502202,Capanema,0  ,NO,PA,M,2026,75309,05149091000145
1502301,Capitão Poço,0  ,NO,PA,M,2026,60318,05149109000109
1502400,Castanhal,0  ,NO,PA,M,2026,209126,05121991000184
1502509,Chaves,0  ,NO,PA,M,2026,21501,04888111000137
1502608,Colares,0  ,NO,PA,M,2026,13625,05835939000190
1502707,Conceição do Araguaia,0  ,NO,PA,M,2026,47144,05070404000175
1502756,Concórdia do Pará,0  ,NO,PA,M,2026,28270,14145791000152
1502764,Cumaru do Norte,0  ,NO,PA,M,2026,15150,34670976000193
1502772,Curionópolis,0  ,NO,PA,M,2026,20975,22938732000160
1502806,Curralinho,0  ,NO,PA,M,2026,36814,04876710000130
1502855,Curuá,0  ,NO,PA,M,2026,14954,01613319000155
1502905,Curuçá,0  ,NO,PA,M,2026,44880,05171939000132
1502939,Dom Eliseu,0  ,NO,PA,M,2026,62823,22953681000145
1502954,Eldorado do Carajás,0  ,NO,PA,M,2026,29287,84139633000175
1503002,Faro,0  ,NO,PA,M,2026,9167,05178272000108
1503044,Floresta do Araguaia,0  ,NO,PA,M,2026,18595,01613338000181
1503077,Garrafão do Norte,0  ,NO,PA,M,2026,25558,22980940000127
1503093,Goianésia do Pará,0  ,NO,PA,M,2026,26703,83211433000113
1503101,Gurupá,0  ,NO,PA,M,2026,34137,04876397000130
1503200,Igarapé-Açu,0  ,NO,PA,M,2026,37925,05149117000155
1503309,Igarapé-Miri,0  ,NO,PA,M,2026,69446,05191333000169
1503408,Inhangapi,0  ,NO,PA,M,2026,10784,05171921000130
1503457,Ipixuna do Pará,0  ,NO,PA,M,2026,29264,83268011000184
1503507,Irituia,0  ,NO,PA,M,2026,32740,05193123000100
1503606,Itaituba,0  ,NO,PA,M,2026,135369,05138730000177
1503705,Itupiranga,0  ,NO,PA,M,2026,52201,05077102000129
1503754,Jacareacanga,0  ,NO,PA,M,2026,26579,10221745000134
1503804,Jacundá,0  ,NO,PA,M,2026,37726,05854633000180
1503903,Juruti,0  ,NO,PA,M,2026,54255,05257555000137
1504000,Limoeiro do Ajuru,0  ,NO,PA,M,2026,32088,05105168000185
1504059,Mãe do Rio,0  ,NO,PA,M,2026,37473,05363023000184
1504109,Magalhães Barata,0  ,NO,PA,M,2026,8439,05171947000189
1504208,Marabá,0  ,NO,PA,M,2026,290975,05853163000130
1504307,Maracanã,0  ,NO,PA,M,2026,27129,04880258000180
1504406,Marapanim,0  ,NO,PA,M,2026,28159,05171681000174
1504422,Marituba,0  ,NO,PA,M,2026,119437,01611666000149
1504455,Medicilândia,0  ,NO,PA,M,2026,28677,34593525000108
1504505,Melgaço,0  ,NO,PA,M,2026,30080,04876470000174
1504604,Mocajuba,0  ,NO,PA,M,2026,28903,05846704000101
1504703,Moju,0  ,NO,PA,M,2026,91760,05105135000135
1504802,Monte Alegre,0  ,NO,PA,M,2026,64002,04838496000128
1504901,Muaná,0  ,NO,PA,M,2026,49648,05105200000122
1504950,Nova Esperança do Piriá,0  ,NO,PA,M,2026,21304,84263862000105
1504976,Nova Ipixuna,0  ,NO,PA,M,2026,14400,01612215000126
1505007,Nova Timboteua,0  ,NO,PA,M,2026,13175,05149125000100
1505031,Novo Progresso,0  ,NO,PA,M,2026,37054,10221786000120
1505064,Novo Repartimento,0  ,NO,PA,M,2026,63796,34626416000131
1505106,Óbidos,0  ,NO,PA,M,2026,55527,05131180000164
1505205,Oeiras do Pará,0  ,NO,PA,M,2026,36734,04876413000195
1505304,Oriximiná,0  ,NO,PA,M,2026,72889,05131081000182
1505403,Ourém,0  ,NO,PA,M,2026,18783,05149133000148
1505437,Ourilândia do Norte,0  ,NO,PA,M,2026,35252,22980643000181
1505486,Pacajá,0  ,NO,PA,M,2026,43741,22981427000150
1505494,Palestina do Pará,0  ,NO,PA,M,2026,7063,83211417000120
1505502,Paragominas,0  ,NO,PA,M,2026,113498,05193057000178
1505536,Parauapebas,0  ,NO,PA,M,2026,305771,22980999000115
1505551,Pau D'Arco,0  ,NO,PA,M,2026,7354,34671016000148
1505601,Peixe-Boi,0  ,NO,PA,M,2026,8686,05149158000141
1505635,Piçarra,0  ,NO,PA,M,2026,13366,01612163000198
1505650,Placas,0  ,NO,PA,M,2026,18510,01611858000155
1505700,Ponta de Pedras,0  ,NO,PA,M,2026,25736,05132436000158
1505809,Portel,0  ,NO,PA,M,2026,67580,04876447000180
1505908,Porto de Moz,0  ,NO,PA,M,2026,44121,05183827000100
1506005,Prainha,0  ,NO,PA,M,2026,38733,04860854000107
1506104,Primavera,0  ,NO,PA,M,2026,11379,05149141000194
1506112,Quatipuru,0  ,NO,PA,M,2026,11838,01612367000129
1506138,Redenção,0  ,NO,PA,M,2026,92694,04144168000121
1506161,Rio Maria,0  ,NO,PA,M,2026,19190,04144176000178
1506187,Rondon do Pará,0  ,NO,PA,M,2026,57031,04780953000170
1506195,Rurópolis,0  ,NO,PA,M,2026,37198,10222297000193
1506203,Salinópolis,0  ,NO,PA,M,2026,48663,05149166000198
1506302,Salvaterra,0  ,NO,PA,M,2026,25687,04888517000110
1506351,Santa Bárbara do Pará,0  ,NO,PA,M,2026,22530,83334698000109
1506401,Santa Cruz do Arari,0  ,NO,PA,M,2026,7626,04888830000158
1506500,Santa Izabel do Pará,0  ,NO,PA,M,2026,79195,05171699000176
1506559,Santa Luzia do Pará,0  ,NO,PA,M,2026,21295,63887848000102
1506583,Santa Maria das Barreiras,0  ,NO,PA,M,2026,17065,10249381000109
1506609,Santa Maria do Pará,0  ,NO,PA,M,2026,25815,05149174000134
1506708,Santana do Araguaia,0  ,NO,PA,M,2026,30455,05832977000199
1506807,Santarém,0  ,NO,PA,M,2026,360871,05182233000176
1506906,Santarém Novo,0  ,NO,PA,M,2026,6355,05149182000180
1507003,Santo Antônio do Tauá,0  ,NO,PA,M,2026,29234,05059936000101
1507102,São Caetano de Odivelas,0  ,NO,PA,M,2026,17258,05351614000131
1507151,São Domingos do Araguaia,0  ,NO,PA,M,2026,21555,83211391000110
1507201,São Domingos do Capim,0  ,NO,PA,M,2026,32554,05193115000163
1507300,São Félix do Xingu,0  ,NO,PA,M,2026,64651,05421300000168
1507409,São Francisco do Pará,0  ,NO,PA,M,2026,15429,05125992000105
1507458,São Geraldo do Araguaia,0  ,NO,PA,M,2026,24929,10249241000122
1507466,São João da Ponta,0  ,NO,PA,M,2026,4470,01613320000180
1507474,São João de Pirabas,0  ,NO,PA,M,2026,21477,22981153000108
1507508,São João do Araguaia,0  ,NO,PA,M,2026,14293,05854534000107
1507607,São Miguel do Guamá,0  ,NO,PA,M,2026,55970,05193073000160
1507706,São Sebastião da Boa Vista,0  ,NO,PA,M,2026,27651,05105143000181
1507755,Sapucaia,0  ,NO,PA,M,2026,6212,01617317000134
1507805,Senador José Porfírio,0  ,NO,PA,M,2026,24989,05421110000140
1507904,Soure,0  ,NO,PA,M,2026,25315,05133863000150
1507953,Tailândia,0  ,NO,PA,M,2026,75290,22941355000118
1507961,Terra Alta,0  ,NO,PA,M,2026,10837,34823518000147
1507979,Terra Santa,0  ,NO,PA,M,2026,19792,23060866000193
1508001,Tomé-Açu,0  ,NO,PA,M,2026,73058,05196530000170
1508035,Tracuateua,0  ,NO,PA,M,2026,30494,01612999000192
1508050,Trairão,0  ,NO,PA,M,2026,15550,10221760000182
1508084,Tucumã,0  ,NO,PA,M,2026,42883,22981088000102
1508100,Tucuruí,0  ,NO,PA,M,2026,96119,05251632000141
1508126,Ulianópolis,0  ,NO,PA,M,2026,39360,83334672000160
1508159,Uruará,0  ,NO,PA,M,2026,45962,34593541000192
1508209,Vigia,0  ,NO,PA,M,2026,54062,05351606000195
1508308,Viseu,0  ,NO,PA,M,2026,62189,04873618000117
1508357,Vitória do Xingu,0  ,NO,PA,M,2026,16552,34887935000153
1508407,Xinguara,0  ,NO,PA,M,2026,57768,04144150000120
1600055,Serra do Navio,0  ,NO,AP,M,2026,5003,34925230000183
1600105,Amapá,0  ,NO,AP,M,2026,8440,05989116000119
1600154,Pedra Branca do Amapari,0  ,NO,AP,M,2026,13888,34925131000100
1600204,Calçoene,0  ,NO,AP,M,2026,11461,05990437000133
1600212,Cutias,0  ,NO,AP,M,2026,4723,34925198000136
1600238,Ferreira Gomes,0  ,NO,AP,M,2026,7184,23066814000124
1600253,Itaubal,0  ,NO,AP,M,2026,6097,34925214000190
1600279,Laranjal do Jari,0  ,NO,AP,M,2026,37872,23066905000160
1600303,Macapá,1  ,NO,AP,M,2026,489676,05995766000177
1600402,Mazagão,0  ,NO,AP,M,2026,23773,05986427000124
1600501,Oiapoque,0  ,NO,AP,M,2026,30786,05990445000180
1600535,Porto Grande,0  ,NO,AP,M,2026,19048,34925206000144
1600550,Pracuúba,0  ,NO,AP,M,2026,4048,34925222000137
1600600,Santana,0  ,NO,AP,M,2026,118803,23066640000108
1600709,Tartarugalzinho,0  ,NO,AP,M,2026,13816,23066632000153
1600808,Vitória do Jari,0  ,NO,AP,M,2026,11899,00720553000119
1700251,Abreulândia,0  ,NO,TO,M,2026,2682,37425451000180
1700301,Aguiarnópolis,0  ,NO,TO,M,2026,4502,01634074000142
1700350,Aliança do Tocantins,0  ,NO,TO,M,2026,5196,25042219000184
1700400,Almas,0  ,NO,TO,M,2026,6483,01138551000189
1700707,Alvorada,0  ,NO,TO,M,2026,9128,01800242000122
1701002,Ananás,0  ,NO,TO,M,2026,10700,00237362000109
1701051,Angico,0  ,NO,TO,M,2026,2903,25064098000171
1701101,Aparecida do Rio Negro,0  ,NO,TO,M,2026,5110,25086638000118
1701309,Aragominas,0  ,NO,TO,M,2026,5330,25063884000154
1701903,Araguacema,0  ,NO,TO,M,2026,6022,02070621000177
1702000,Araguaçu,0  ,NO,TO,M,2026,8242,02391407000112
1702109,Araguaína,0  ,NO,TO,M,2026,183024,01830793000139
1702158,Araguanã,0  ,NO,TO,M,2026,4300,25063892000109
1702208,Araguatins,0  ,NO,TO,M,2026,33286,01237403000111
1702307,Arapoema,0  ,NO,TO,M,2026,5488,00237370000147
1702406,Arraias,0  ,NO,TO,M,2026,10511,01125780000169
1702554,Augustinópolis,0  ,NO,TO,M,2026,18237,00237206000130
1702703,Aurora do Tocantins,0  ,NO,TO,M,2026,3418,01067107000110
1702901,Axixá do Tocantins,0  ,NO,TO,M,2026,10732,00766725000195
1703008,Babaçulândia,0  ,NO,TO,M,2026,7636,02401248000190
1703057,Bandeirantes do Tocantins,0  ,NO,TO,M,2026,3555,01612819000172
1703073,Barra do Ouro,0  ,NO,TO,M,2026,4667,01612818000128
1703107,Barrolândia,0  ,NO,TO,M,2026,4890,24851453000190
1703206,Bernardo Sayão,0  ,NO,TO,M,2026,4307,25086596000115
1703305,Bom Jesus do Tocantins,0  ,NO,TO,M,2026,4201,37420775000126
1703602,Brasilândia do Tocantins,0  ,NO,TO,M,2026,2013,37420718000147
1703701,Brejinho de Nazaré,0  ,NO,TO,M,2026,4774,02884153000174
1703800,Buriti do Tocantins,0  ,NO,TO,M,2026,10696,25061722000187
1703826,Cachoeirinha,0  ,NO,TO,M,2026,1982,25064064000187
1703842,Campos Lindos,0  ,NO,TO,M,2026,8990,25063959000105
1703867,Cariri do Tocantins,0  ,NO,TO,M,2026,4166,37344397000149
1703883,Carmolândia,0  ,NO,TO,M,2026,2242,25063868000161
1703891,Carrasco Bonito,0  ,NO,TO,M,2026,3344,25064023000190
1703909,Caseara,0  ,NO,TO,M,2026,5028,24851487000184
1704105,Centenário,0  ,NO,TO,M,2026,2111,37420676000144
1704600,Chapada de Areia,0  ,NO,TO,M,2026,1574,01625984000169
1705102,Chapada da Natividade,0  ,NO,TO,M,2026,3176,01613086000190
1705508,Colinas do Tocantins,0  ,NO,TO,M,2026,36209,01795483000120
1705557,Combinado,0  ,NO,TO,M,2026,4906,33255043000177
1705607,Conceição do Tocantins,0  ,NO,TO,M,2026,3942,01067149000150
1706001,Couto Magalhães,0  ,NO,TO,M,2026,5540,02133098000180
1706100,Cristalândia,0  ,NO,TO,M,2026,6392,01067156000152
1706258,Crixás do Tocantins,0  ,NO,TO,M,2026,1494,01612821000141
1706506,Darcinópolis,0  ,NO,TO,M,2026,6093,25064072000123
1707009,Dianópolis,0  ,NO,TO,M,2026,17966,01138957000161
1707108,Divinópolis do Tocantins,0  ,NO,TO,M,2026,7343,24851461000136
1707207,Dois Irmãos do Tocantins,0  ,NO,TO,M,2026,6352,02070563000181
1707306,Dueré,0  ,NO,TO,M,2026,4304,01351667000100
1707405,Esperantina,0  ,NO,TO,M,2026,7385,25064080000170
1707553,Fátima,0  ,NO,TO,M,2026,3503,00114801000188
1707652,Figueirópolis,0  ,NO,TO,M,2026,5334,00003848000174
1707702,Filadélfia,0  ,NO,TO,M,2026,7784,00766709000100
1708205,Formoso do Araguaia,0  ,NO,TO,M,2026,19473,02075216000141
1708254,Tabocão,0  ,NO,TO,M,2026,3741,37421112000126
1708304,Goianorte,0  ,NO,TO,M,2026,4832,25086612000170
1709005,Goiatins,0  ,NO,TO,M,2026,12851,01832476000151
1709302,Guaraí,0  ,NO,TO,M,2026,25831,02070548000133
1709500,Gurupi,0  ,NO,TO,M,2026,90209,01803618000152
1709807,Ipueiras,0  ,NO,TO,M,2026,1626,01613094000137
1710508,Itacajá,0  ,NO,TO,M,2026,6959,02411726000142
1710706,Itaguatins,0  ,NO,TO,M,2026,5160,01395458000150
1710904,Itapiratins,0  ,NO,TO,M,2026,3685,37425683000139
1711100,Itaporã do Tocantins,0  ,NO,TO,M,2026,2464,02739753000149
1711506,Jaú do Tocantins,0  ,NO,TO,M,2026,3396,37344413000101
1711803,Juarina,0  ,NO,TO,M,2026,2308,37426509000100
1711902,Lagoa da Confusão,0  ,NO,TO,M,2026,16629,26753137000100
1711951,Lagoa do Tocantins,0  ,NO,TO,M,2026,3613,37420916000100
1712009,Lajeado,0  ,NO,TO,M,2026,3559,37420650000104
1712157,Lavandeira,0  ,NO,TO,M,2026,1676,01618402000117
1712405,Lizarda,0  ,NO,TO,M,2026,2950,02070571000128
1712454,Luzinópolis,0  ,NO,TO,M,2026,2811,01631059000140
1712504,Marianópolis do Tocantins,0  ,NO,TO,M,2026,4793,24851479000138
1712702,Mateiros,0  ,NO,TO,M,2026,2922,26753129000164
1712801,Maurilândia do Tocantins,0  ,NO,TO,M,2026,3171,25064015000144
1713205,Miracema do Tocantins,0  ,NO,TO,M,2026,18679,02070357000171
1713304,Miranorte,0  ,NO,TO,M,2026,13073,02070720000159
1713601,Monte do Carmo,0  ,NO,TO,M,2026,5667,01067891000166
1713700,Monte Santo do Tocantins,0  ,NO,TO,M,2026,2521,01613093000192
1713809,Palmeiras do Tocantins,0  ,NO,TO,M,2026,4850,25064056000130
1713957,Muricilândia,0  ,NO,TO,M,2026,3501,25063876000108
1714203,Natividade,0  ,NO,TO,M,2026,8956,01809474000141
1714302,Nazaré,0  ,NO,TO,M,2026,4672,00766691000139
1714880,Nova Olinda,0  ,NO,TO,M,2026,10600,00001602000163
1715002,Nova Rosalândia,0  ,NO,TO,M,2026,3382,24851495000120
1715101,Novo Acordo,0  ,NO,TO,M,2026,4118,01067933000169
1715150,Novo Alegre,0  ,NO,TO,M,2026,1817,33266248000158
1715259,Novo Jardim,0  ,NO,TO,M,2026,2251,33265943000103
1715507,Oliveira de Fátima,0  ,NO,TO,M,2026,1220,01629809000140
1715705,Palmeirante,0  ,NO,TO,M,2026,4905,25064049000139
1715754,Palmeirópolis,0  ,NO,TO,M,2026,7104,00007401000173
1716109,Paraíso do Tocantins,0  ,NO,TO,M,2026,55704,00299180000154
1716208,Paranã,0  ,NO,TO,M,2026,10877,01126556000191
1716307,Pau D'Arco,0  ,NO,TO,M,2026,4057,25063991000182
1716505,Pedro Afonso,0  ,NO,TO,M,2026,14895,02070589000120
1716604,Peixe,0  ,NO,TO,M,2026,9384,02396166000102
1716653,Pequizeiro,0  ,NO,TO,M,2026,5035,25086604000123
1716703,Colméia,0  ,NO,TO,M,2026,9155,02070746000105
1717008,Pindorama do Tocantins,0  ,NO,TO,M,2026,4599,02155331000126
1717206,Piraquê,0  ,NO,TO,M,2026,2229,25063942000140
1717503,Pium,0  ,NO,TO,M,2026,7408,01189497000109
1717800,Ponte Alta do Bom Jesus,0  ,NO,TO,M,2026,4280,01067966000109
1717909,Ponte Alta do Tocantins,0  ,NO,TO,M,2026,7874,01067974000155
1718006,Porto Alegre do Tocantins,0  ,NO,TO,M,2026,2960,33254558000152
1718204,Porto Nacional,0  ,NO,TO,M,2026,69551,00299198000156
1718303,Praia Norte,0  ,NO,TO,M,2026,9552,25061789000111
1718402,Presidente Kennedy,0  ,NO,TO,M,2026,3016,01785492000130
1718451,Pugmil,0  ,NO,TO,M,2026,2223,01615883000107
1718501,Recursolândia,0  ,NO,TO,M,2026,3454,37421146000110
1718550,Riachinho,0  ,NO,TO,M,2026,4029,25063926000157
2502805,Brejo do Cruz,0  ,NE,PB,M,2026,14095,08767154000115
2502904,Brejo dos Santos,0  ,NE,PB,M,2026,5816,09164716000107
2503001,Caaporã,0  ,NE,PB,M,2026,21942,08865644000154
2503100,Cabaceiras,0  ,NE,PB,M,2026,5537,08702862000178
2503209,Cabedelo,0  ,NE,PB,M,2026,70734,09012493000154
2503308,Cachoeira dos Índios,0  ,NE,PB,M,2026,9335,08923997000163
2503407,Cacimba de Areia,0  ,NE,PB,M,2026,3344,08874984000141
2503506,Cacimba de Dentro,0  ,NE,PB,M,2026,16332,08929648000159
2503555,Cacimbas,0  ,NE,PB,M,2026,7513,01612686000134
2503605,Caiçara,0  ,NE,PB,M,2026,6684,09070624000150
2503704,Cajazeiras,0  ,NE,PB,M,2026,66585,08923971000115
2503753,Cajazeirinhas,0  ,NE,PB,M,2026,2760,01612687000189
2503803,Caldas Brandão,0  ,NE,PB,M,2026,5942,08809071000141
2503902,Camalaú,0  ,NE,PB,M,2026,6327,09073271000141
2504009,Campina Grande,0  ,NE,PB,M,2026,443911,08993917000146
2504033,Capim,0  ,NE,PB,M,2026,7446,01612304000172
2504074,Caraúbas,0  ,NE,PB,M,2026,4067,01612638000146
2504108,Carrapateira,0  ,NE,PB,M,2026,2365,08924003000123
2504157,Casserengue,0  ,NE,PB,M,2026,7052,01617975000126
2504207,Catingueira,0  ,NE,PB,M,2026,4556,08885287000196
2504306,Catolé do Rocha,0  ,NE,PB,M,2026,32288,09067562000127
2504355,Caturité,0  ,NE,PB,M,2026,5544,01612640000115
3552106,Socorro,0  ,SE,SP,M,2026,41527,46444063000138
3552205,Sorocaba,0  ,SE,SP,M,2026,762172,46634044000174
3552304,Sud Mennucci,0  ,SE,SP,M,2026,7464,45746120000170
3552403,Sumaré,0  ,SE,SP,M,2026,291116,45787660000100
3552502,Suzano,0  ,SE,SP,M,2026,320261,46523056000121
3552551,Suzanápolis,0  ,SE,SP,M,2026,3465,59764944000188
3552601,Tabapuã,0  ,SE,SP,M,2026,11498,45128816000133
3552700,Tabatinga,0  ,SE,SP,M,2026,14997,71989685000199
3552809,Taboão da Serra,0  ,SE,SP,M,2026,285307,46523122000163
3552908,Taciba,0  ,SE,SP,M,2026,6418,55354302000150
3553005,Taguaí,0  ,SE,SP,M,2026,13068,46223723000150
3553104,Taiaçu,0  ,SE,SP,M,2026,5744,44544690000115
3553203,Taiúva,0  ,SE,SP,M,2026,6770,45339611000105
3553302,Tambaú,0  ,SE,SP,M,2026,21650,46373445000118
3553401,Tanabi,0  ,SE,SP,M,2026,26071,45157104000142
3553500,Tapiraí,0  ,SE,SP,M,2026,8122,46634465000103
3553609,Tapiratiba,0  ,SE,SP,M,2026,11903,45742707000101
3553658,Taquaral,0  ,SE,SP,M,2026,2649,01610390000184
3553708,Taquaritinga,0  ,SE,SP,M,2026,53264,72130818000130
3553807,Taquarituba,0  ,SE,SP,M,2026,24932,46634218000107
3553856,Taquarivaí,0  ,SE,SP,M,2026,7170,60123049000163
3553906,Tarabai,0  ,SE,SP,M,2026,6633,44873396000157
3553955,Tarumã,0  ,SE,SP,M,2026,15315,64614449000122
3554003,Tatuí,0  ,SE,SP,M,2026,129130,46634564000187
3554102,Taubaté,0  ,SE,SP,M,2026,322397,45176005000108
3554201,Tejupá,0  ,SE,SP,M,2026,4119,46223756000109
3554300,Teodoro Sampaio,0  ,SE,SP,M,2026,22598,44951515000142
3554409,Terra Roxa,0  ,SE,SP,M,2026,7965,45709896000110
3554508,Tietê,0  ,SE,SP,M,2026,38723,46634598000171
3554607,Timburi,0  ,SE,SP,M,2026,2484,46223715000104
3554656,Torre de Pedra,0  ,SE,SP,M,2026,2056,67363416000145
3554706,Torrinha,0  ,SE,SP,M,2026,9484,46364220000103
3554755,Trabiju,0  ,SE,SP,M,2026,1724,01572597000101
3554805,Tremembé,0  ,SE,SP,M,2026,53426,46638714000120
3554904,Três Fronteiras,0  ,SE,SP,M,2026,7060,46601944000115
3554953,Tuiuti,0  ,SE,SP,M,2026,6976,67160481000173
3555000,Tupã,0  ,SE,SP,M,2026,65433,44573087000161
3555109,Tupi Paulista,0  ,SE,SP,M,2026,16259,46465126000132
3555208,Turiúba,0  ,SE,SP,M,2026,1835,45724952000196
3555307,Turmalina,0  ,SE,SP,M,2026,1662,45139482000101
3555356,Ubarana,0  ,SE,SP,M,2026,5458,65708786000141
3555406,Ubatuba,0  ,SE,SP,M,2026,97096,46482857000196
3555505,Ubirajara,0  ,SE,SP,M,2026,5289,46231882000105
3555604,Uchoa,0  ,SE,SP,M,2026,10670,45111952000110
3555703,União Paulista,0  ,SE,SP,M,2026,1628,45726445000191
3555802,Urânia,0  ,SE,SP,M,2026,8973,46611117000102
3555901,Uru,0  ,SE,SP,M,2026,1424,44556207000112
3556008,Urupês,0  ,SE,SP,M,2026,14073,45159381000194
3556107,Valentim Gentil,0  ,SE,SP,M,2026,14634,46599833000111
3556206,Valinhos,0  ,SE,SP,M,2026,132258,45787678000102
3556305,Valparaíso,0  ,SE,SP,M,2026,24779,72836588000129
3556354,Vargem,0  ,SE,SP,M,2026,10863,67160507000183
3556404,Vargem Grande do Sul,0  ,SE,SP,M,2026,41256,46248837000155
3556453,Vargem Grande Paulista,0  ,SE,SP,M,2026,52352,51455087000122
3556503,Várzea Paulista,0  ,SE,SP,M,2026,119655,45780087000103
3556602,Vera Cruz,0  ,SE,SP,M,2026,10274,72887078000180
3556701,Vinhedo,0  ,SE,SP,M,2026,79089,46446696000185
3556800,Viradouro,0  ,SE,SP,M,2026,17685,45709912000175
3556909,Vista Alegre do Alto,0  ,SE,SP,M,2026,8368,52854775000128
3556958,Vitória Brasil,0  ,SE,SP,M,2026,1828,01611210000189
3557006,Votorantim,0  ,SE,SP,M,2026,133510,46634051000176
3557105,Votuporanga,0  ,SE,SP,M,2026,100568,46599809000182
3557154,Zacarias,0  ,SE,SP,M,2026,2773,65708760000101
3557204,Chavantes,0  ,SE,SP,M,2026,12415,44563575000198
3557303,Estiva Gerbi,0  ,SE,SP,M,2026,11609,67168856000141
4100103,Abatiá,0  ,SU,PR,M,2026,7233,75743567000157
4100202,Adrianópolis,0  ,SU,PR,M,2026,6319,76105642000117
4100301,Agudos do Sul,0  ,SU,PR,M,2026,10770,76105667000110
4100400,Almirante Tamandaré,0  ,SU,PR,M,2026,125861,76105659000174
4100459,Altamira do Paraná,0  ,SU,PR,M,2026,3496,78069143000147
4100509,Altônia,0  ,SU,PR,M,2026,18634,81478059000191
4100608,Alto Paraná,0  ,SU,PR,M,2026,14183,76279967000116
4100707,Alto Piquiri,0  ,SU,PR,M,2026,9771,76247352000108
4100806,Alvorada do Sul,0  ,SU,PR,M,2026,10481,75132860000188
4100905,Amaporã,0  ,SU,PR,M,2026,4688,75475038000110
4101002,Ampére,0  ,SU,PR,M,2026,20337,77817054000179
4101051,Anahy,0  ,SU,PR,M,2026,2971,95594800000194
4101101,Andirá,0  ,SU,PR,M,2026,19989,76235761000194
4101150,Ângulo,0  ,SU,PR,M,2026,3357,95642286000115
4101200,Antonina,0  ,SU,PR,M,2026,18140,76022516000107
4101309,Antônio Olinto,0  ,SU,PR,M,2026,7048,76020460000143
4101408,Apucarana,0  ,SU,PR,M,2026,134910,75771253000168
4101507,Arapongas,0  ,SU,PR,M,2026,124838,76958966000106
4101606,Arapoti,0  ,SU,PR,M,2026,26325,75658377000131
4101655,Arapuã,0  ,SU,PR,M,2026,3573,01612388000144
4101705,Araruna,0  ,SU,PR,M,2026,14894,75359760000199
4101804,Araucária,0  ,SU,PR,M,2026,162247,76105535000199
4101853,Ariranha do Ivaí,0  ,SU,PR,M,2026,2351,01612453000131
4101903,Assaí,0  ,SU,PR,M,2026,13477,76290709000130
4102000,Assis Chateaubriand,0  ,SU,PR,M,2026,38357,76208479000118
4102109,Astorga,0  ,SU,PR,M,2026,26203,75743377000130
4102208,Atalaia,0  ,SU,PR,M,2026,4046,75731018000162
4102307,Balsa Nova,0  ,SU,PR,M,2026,13867,76105527000142
4102406,Bandeirantes,0  ,SU,PR,M,2026,31747,76235753000148
4102505,Barbosa Ferraz,0  ,SU,PR,M,2026,10580,76950062000126
4102604,Barracão,0  ,SU,PR,M,2026,9903,75666131000101
4102703,Barra do Jacaré,0  ,SU,PR,M,2026,2872,76407568000193
4102752,Bela Vista da Caroba,0  ,SU,PR,M,2026,4122,01612441000107
4102802,Bela Vista do Paraíso,0  ,SU,PR,M,2026,14982,76245067000158
4102901,Bituruna,0  ,SU,PR,M,2026,15650,81648859000103
4103008,Boa Esperança,0  ,SU,PR,M,2026,4595,76217017000167
4103024,Boa Esperança do Iguaçu,0  ,SU,PR,M,2026,2421,95589255000148
4103040,Boa Ventura de São Roque,0  ,SU,PR,M,2026,6241,01612906000120
4103057,Boa Vista da Aparecida,0  ,SU,PR,M,2026,8023,78121985000109
4103107,Bocaiúva do Sul,0  ,SU,PR,M,2026,13405,76105592000178
4103156,Bom Jesus do Sul,0  ,SU,PR,M,2026,4072,01612443000104
4103206,Bom Sucesso,0  ,SU,PR,M,2026,6674,75771261000104
4103222,Bom Sucesso do Sul,0  ,SU,PR,M,2026,3244,80874100000186
4103305,Borrazópolis,0  ,SU,PR,M,2026,7818,75740829000120
4103354,Braganey,0  ,SU,PR,M,2026,4745,78121902000173
4103370,Brasilândia do Sul,0  ,SU,PR,M,2026,3861,95640520000175
4103404,Cafeara,0  ,SU,PR,M,2026,2648,75845545000106
4103453,Cafelândia,0  ,SU,PR,M,2026,20145,78121878000172
4103479,Cafezal do Sul,0  ,SU,PR,M,2026,4580,95640652000105
4103503,Califórnia,0  ,SU,PR,M,2026,8963,75771279000106
4103602,Cambará,0  ,SU,PR,M,2026,23393,75442756000190
3535002,Palestina,0  ,SE,SP,M,2026,11704,45149184000194
3535101,Palmares Paulista,0  ,SE,SP,M,2026,9666,45126992000136
3535200,Palmeira d'Oeste,0  ,SE,SP,M,2026,8971,46609731000130
3535309,Palmital,0  ,SE,SP,M,2026,19714,44543981000199
3535408,Panorama,0  ,SE,SP,M,2026,15227,44918712000160
3535507,Paraguaçu Paulista,0  ,SE,SP,M,2026,42049,44547305000193
3535606,Paraibuna,0  ,SE,SP,M,2026,17959,46643474000152
3535705,Paraíso,0  ,SE,SP,M,2026,6218,45127248000156
3535804,Paranapanema,0  ,SE,SP,M,2026,19853,46634309000134
3535903,Paranapuã,0  ,SE,SP,M,2026,4118,45134236000159
3536000,Parapuã,0  ,SE,SP,M,2026,10720,53300331000103
3536109,Pardinho,0  ,SE,SP,M,2026,7435,46634150000158
3536208,Pariquera-Açu,0  ,SE,SP,M,2026,19603,45685120000108
3536257,Parisi,0  ,SE,SP,M,2026,3030,59858134000190
3536307,Patrocínio Paulista,0  ,SE,SP,M,2026,14888,45318185000115
3536406,Paulicéia,0  ,SE,SP,M,2026,8255,44918928000125
3536505,Paulínia,0  ,SE,SP,M,2026,116674,45751435000106
3536570,Paulistânia,0  ,SE,SP,M,2026,2156,01614826000103
3536604,Paulo de Faria,0  ,SE,SP,M,2026,7390,45150166000122
3536703,Pederneiras,0  ,SE,SP,M,2026,46337,46189718000179
3536802,Pedra Bela,0  ,SE,SP,M,2026,6745,45290426000165
3536901,Pedranópolis,0  ,SE,SP,M,2026,2856,63893929000107
3537008,Pedregulho,0  ,SE,SP,M,2026,15737,45318466000178
3165909,Senador Modestino Gonçalves,0  ,SE,MG,M,2026,4006,17754110000141
3166006,Senhora de Oliveira,0  ,SE,MG,M,2026,5577,23515703000158
3166105,Senhora do Porto,0  ,SE,MG,M,2026,3066,18307504000114
3166204,Senhora dos Remédios,0  ,SE,MG,M,2026,10657,18094870000132
3166303,Sericita,0  ,SE,MG,M,2026,7552,19243518000184
3166402,Seritinga,0  ,SE,MG,M,2026,1866,18008854000180
3166501,Serra Azul de Minas,0  ,SE,MG,M,2026,3808,18303230000195
3166600,Serra da Saudade,0  ,SE,MG,M,2026,856,18301069000110
3166709,Serra dos Aimorés,0  ,SE,MG,M,2026,6859,18398966000194
3166808,Serra do Salitre,0  ,SE,MG,M,2026,12286,18468058000120
3166907,Serrania,0  ,SE,MG,M,2026,7811,18243261000106
3166956,Serranópolis de Minas,0  ,SE,MG,M,2026,4497,01612501000191
3167004,Serranos,0  ,SE,MG,M,2026,2036,18008912000175
3167103,Serro,0  ,SE,MG,M,2026,22624,18303271000181
3167202,Sete Lagoas,0  ,SE,MG,M,2026,238909,24996969000122
3167301,Silveirânia,0  ,SE,MG,M,2026,2399,17744558000184
3167400,Silvianópolis,0  ,SE,MG,M,2026,6348,18675942000135
3167509,Simão Pereira,0  ,SE,MG,M,2026,3084,18338293000187
3167608,Simonésia,0  ,SE,MG,M,2026,20431,18385120000110
3167707,Sobrália,0  ,SE,MG,M,2026,5140,18083055000178
3167806,Soledade de Minas,0  ,SE,MG,M,2026,5733,18188235000114
3167905,Tabuleiro,0  ,SE,MG,M,2026,4097,17744798000189
3168002,Taiobeiras,0  ,SE,MG,M,2026,34537,18017384000110
3168051,Taparuba,0  ,SE,MG,M,2026,3508,01616741000164
3168101,Tapira,0  ,SE,MG,M,2026,4215,18140806000140
3168200,Tapiraí,0  ,SE,MG,M,2026,1698,20920625000189
3168309,Taquaraçu de Minas,0  ,SE,MG,M,2026,4394,18302315000159
3168408,Tarumirim,0  ,SE,MG,M,2026,15104,18338855000192
3168507,Teixeiras,0  ,SE,MG,M,2026,12691,18134056000102
3168606,Teófilo Otoni,0  ,SE,MG,M,2026,142851,18404780000109
3168705,Timóteo,0  ,SE,MG,M,2026,84172,19875020000134
3168804,Tiradentes,0  ,SE,MG,M,2026,8056,18557579000153
3168903,Tiros,0  ,SE,MG,M,2026,8231,18602094000134
3169000,Tocantins,0  ,SE,MG,M,2026,16603,18128223000102
3169059,Tocos do Moji,0  ,SE,MG,M,2026,3894,01601656000122
3169109,Toledo,0  ,SE,MG,M,2026,7625,18677617000101
3169208,Tombos,0  ,SE,MG,M,2026,8653,18114223000145
3169307,Três Corações,0  ,SE,MG,M,2026,78291,17955535000119
3169356,Três Marias,0  ,SE,MG,M,2026,29985,17695008000112
3169406,Três Pontas,0  ,SE,MG,M,2026,57209,18245167000188
3169505,Tumiritinga,0  ,SE,MG,M,2026,5955,21078563000172
3169604,Tupaciguara,0  ,SE,MG,M,2026,26583,18260489000104
3169703,Turmalina,0  ,SE,MG,M,2026,20769,25324187000100
3169802,Turvolândia,0  ,SE,MG,M,2026,5097,18712141000100
3169901,Ubá,0  ,SE,MG,M,2026,107423,18128207000101
3170008,Ubaí,0  ,SE,MG,M,2026,11985,18017459000163
3170057,Ubaporanga,0  ,SE,MG,M,2026,13485,66229717000118
3170107,Uberaba,0  ,SE,MG,M,2026,356781,18428839000190
3170206,Uberlândia,0  ,SE,MG,M,2026,761835,18431312000115
3170305,Umburatiba,0  ,SE,MG,M,2026,2742,18404996000166
3170404,Unaí,0  ,SE,MG,M,2026,91320,18125161000177
3170438,União de Minas,0  ,SE,MG,M,2026,3818,01051819000140
3170479,Uruana de Minas,0  ,SE,MG,M,2026,3365,01609942000134
3170503,Urucânia,0  ,SE,MG,M,2026,10899,18316281000151
3170529,Urucuia,0  ,SE,MG,M,2026,18515,25223850000180
3170578,Vargem Alegre,0  ,SE,MG,M,2026,5800,01613128000193
3170602,Vargem Bonita,0  ,SE,MG,M,2026,2207,16788309000128
3170651,Vargem Grande do Rio Pardo,0  ,SE,MG,M,2026,4724,01612885000142
3170701,Varginha,0  ,SE,MG,M,2026,143676,18240119000105
3170750,Varjão de Minas,0  ,SE,MG,M,2026,7305,01609780000134
3170800,Várzea da Palma,0  ,SE,MG,M,2026,34555,18279059000126
3170909,Varzelândia,0  ,SE,MG,M,2026,19210,18017467000100
3171006,Vazante,0  ,SE,MG,M,2026,20459,18278069000147
3171030,Verdelândia,0  ,SE,MG,M,2026,7737,01612505000170
3171071,Veredinha,0  ,SE,MG,M,2026,5240,01614685000129
3171105,Veríssimo,0  ,SE,MG,M,2026,3478,18428946000119
3171154,Vermelho Novo,0  ,SE,MG,M,2026,5048,01620744000171
3171204,Vespasiano,0  ,SE,MG,M,2026,138583,18715425000142
3171303,Viçosa,0  ,SE,MG,M,2026,79517,18132449000179
3171402,Vieiras,0  ,SE,MG,M,2026,3781,17947599000178
3171501,Mathias Lobato,0  ,SE,MG,M,2026,3053,18332619000169
3171600,Virgem da Lapa,0  ,SE,MG,M,2026,11774,18348730000143
3171709,Virgínia,0  ,SE,MG,M,2026,9164,25970260000110
3171808,Virginópolis,0  ,SE,MG,M,2026,10511,18307512000160
3171907,Virgolândia,0  ,SE,MG,M,2026,4471,18409185000158
3172004,Visconde do Rio Branco,0  ,SE,MG,M,2026,40711,18137927000133
3172103,Volta Grande,0  ,SE,MG,M,2026,4441,17710690000175
3172202,Wenceslau Braz,0  ,SE,MG,M,2026,2377,18026013000103
3200102,Afonso Cláudio,0  ,SE,ES,M,2026,32456,27165562000141
3200136,Águia Branca,0  ,SE,ES,M,2026,10143,31796584000187
3200169,Água Doce do Norte,0  ,SE,ES,M,2026,12585,31796626000180
3200201,Alegre,0  ,SE,ES,M,2026,30702,27174101000135
3200300,Alfredo Chaves,0  ,SE,ES,M,2026,14376,27142686000101
3200359,Alto Rio Novo,0  ,SE,ES,M,2026,7760,31796659000120
3200409,Anchieta,0  ,SE,ES,M,2026,33017,27142694000158
3200508,Apiacá,0  ,SE,ES,M,2026,7462,27165604000144
3200607,Aracruz,0  ,SE,ES,M,2026,103363,27142702000166
3200706,Atilio Vivacqua,0  ,SE,ES,M,2026,11046,27165620000137
3200805,Baixo Guandu,0  ,SE,ES,M,2026,32829,27165737000110
3200904,Barra de São Francisco,0  ,SE,ES,M,2026,45415,27165745000167
3304128,Quatis,0  ,SE,RJ,M,2026,14165,39560008000148
3304144,Queimados,0  ,SE,RJ,M,2026,149135,39485412000102
3304151,Quissamã,0  ,SE,RJ,M,2026,23142,31505027000160
3304201,Resende,0  ,SE,RJ,M,2026,137697,29178233000160
3304300,Rio Bonito,0  ,SE,RJ,M,2026,59126,28741072000109
3304409,Rio Claro,0  ,SE,RJ,M,2026,17951,29051216000168
3304508,Rio das Flores,0  ,SE,RJ,M,2026,9267,29179454000153
3304524,Rio das Ostras,0  ,SE,RJ,M,2026,168455,39223581000166
3304557,Rio de Janeiro,1  ,SE,RJ,M,2026,6730729,42498733000148
3304607,Santa Maria Madalena,0  ,SE,RJ,M,2026,10580,28645760000175
3304706,Santo Antônio de Pádua,0  ,SE,RJ,M,2026,43697,29114139000148
3304755,São Francisco de Itabapoana,0  ,SE,RJ,M,2026,47397,01623783000122
3304805,São Fidélis,0  ,SE,RJ,M,2026,41212,29111093000103
3304904,São Gonçalo,0  ,SE,RJ,M,2026,960196,28636579000100
3305000,São João da Barra,0  ,SE,RJ,M,2026,38740,29116902000170
3305109,São João de Meriti,0  ,SE,RJ,M,2026,466503,29138336000105
3305133,São José de Ubá,0  ,SE,RJ,M,2026,7318,01614414000173
3305158,São José do Vale do Rio Preto,0  ,SE,RJ,M,2026,22813,32001836000105
3305208,São Pedro da Aldeia,0  ,SE,RJ,M,2026,110677,28909604000174
3305307,São Sebastião do Alto,0  ,SE,RJ,M,2026,7993,28645786000113
3305406,Sapucaia,0  ,SE,RJ,M,2026,18291,29138393000186
3305505,Saquarema,0  ,SE,RJ,M,2026,95315,32147670000121
3305554,Seropédica,0  ,SE,RJ,M,2026,84794,01604139000107
3305604,Silva Jardim,0  ,SE,RJ,M,2026,22028,28741098000157
3305703,Sumidouro,0  ,SE,RJ,M,2026,15693,32165706000108
3305752,Tanguá,0  ,SE,RJ,M,2026,32865,01612089000100
3305802,Teresópolis,0  ,SE,RJ,M,2026,176735,29138369000147
3305901,Trajano de Moraes,0  ,SE,RJ,M,2026,10654,29115441000110
3306008,Três Rios,0  ,SE,RJ,M,2026,82319,29138377000193
3306107,Valença,0  ,SE,RJ,M,2026,71449,29076130000190
3306156,Varre-Sai,0  ,SE,RJ,M,2026,10563,39217831000155
3306206,Vassouras,0  ,SE,RJ,M,2026,35907,32412819000152
3306305,Volta Redonda,0  ,SE,RJ,M,2026,279971,32512501000143
3500105,Adamantina,0  ,SE,SP,M,2026,35673,43008291000177
3500204,Adolfo,0  ,SE,SP,M,2026,4505,45140431000191
3500303,Aguaí,0  ,SE,SP,M,2026,32886,46425229000179
3500402,Águas da Prata,0  ,SE,SP,M,2026,7463,44831733000143
3500501,Águas de Lindóia,0  ,SE,SP,M,2026,18257,46439683000189
3500550,Águas de Santa Bárbara,0  ,SE,SP,M,2026,7460,46634226000145
3500600,Águas de São Pedro,0  ,SE,SP,M,2026,2928,45739174000109
3500709,Agudos,0  ,SE,SP,M,2026,38988,46137444000174
3500758,Alambari,0  ,SE,SP,M,2026,6373,67360420000150
3500808,Alfredo Marcondes,0  ,SE,SP,M,2026,4574,43162791000169
3500907,Altair,0  ,SE,SP,M,2026,3467,45152782000112
3501004,Altinópolis,0  ,SE,SP,M,2026,17197,45298569000113
3501103,Alto Alegre,0  ,SE,SP,M,2026,3874,44440121000120
3501152,Alumínio,0  ,SE,SP,M,2026,17607,58987629000157
3501202,Álvares Florence,0  ,SE,SP,M,2026,3979,46599817000129
3501301,Álvares Machado,0  ,SE,SP,M,2026,28386,43206424000110
3501400,Álvaro de Carvalho,0  ,SE,SP,M,2026,4901,44518488000119
3501509,Alvinlândia,0  ,SE,SP,M,2026,2919,44518405000191
3501608,Americana,0  ,SE,SP,M,2026,247571,45781176000166
3501707,Américo Brasiliense,0  ,SE,SP,M,2026,33708,43976166000150
3501806,Américo de Campos,0  ,SE,SP,M,2026,5981,45160173000105
3501905,Amparo,0  ,SE,SP,M,2026,69792,43465459000173
3502002,Analândia,0  ,SE,SP,M,2026,4694,44659076000107
3502101,Andradina,0  ,SE,SP,M,2026,61625,44428506000171
3502200,Angatuba,0  ,SE,SP,M,2026,24573,46634234000191
3502309,Anhembi,0  ,SE,SP,M,2026,5766,46634135000100
3502408,Anhumas,0  ,SE,SP,M,2026,4118,44853331000140
3502507,Aparecida,0  ,SE,SP,M,2026,33141,46680518000114
3502606,Aparecida d'Oeste,0  ,SE,SP,M,2026,4112,46605051000148
3502705,Apiaí,0  ,SE,SP,M,2026,24857,46634242000138
3502754,Araçariguama,0  ,SE,SP,M,2026,22314,58993577000121
3502804,Araçatuba,0  ,SE,SP,M,2026,208415,45511847000179
3502903,Araçoiaba da Serra,0  ,SE,SP,M,2026,33832,46634069000178
3503000,Aramina,0  ,SE,SP,M,2026,5535,45323474000102
3503109,Arandu,0  ,SE,SP,M,2026,7076,46634176000104
3503158,Arapeí,0  ,SE,SP,M,2026,2355,65058984000107
3503208,Araraquara,0  ,SE,SP,M,2026,253474,45276128000110
3503307,Araras,0  ,SE,SP,M,2026,135744,44215846000114
3503356,Arco-Íris,0  ,SE,SP,M,2026,2089,01612853000147
3503406,Arealva,0  ,SE,SP,M,2026,8290,46137428000181
3503505,Areias,0  ,SE,SP,M,2026,3617,45195963000126
3503604,Areiópolis,0  ,SE,SP,M,2026,10242,46634515000144
3503703,Ariranha,0  ,SE,SP,M,2026,7621,45117116000143
3503802,Artur Nogueira,0  ,SE,SP,M,2026,53467,45735552000186
3503901,Arujá,0  ,SE,SP,M,2026,90273,56901275000150
3503950,Aspásia,0  ,SE,SP,M,2026,1875,65712002000159
3504008,Assis,0  ,SE,SP,M,2026,104858,46179941000135
3504107,Atibaia,0  ,SE,SP,M,2026,167161,45279635000108
3504206,Auriflama,0  ,SE,SP,M,2026,13856,45660594000103
3504305,Avaí,0  ,SE,SP,M,2026,4503,46137436000128
3504404,Avanhandava,0  ,SE,SP,M,2026,11436,45665890000199
3504503,Avaré,0  ,SE,SP,M,2026,96450,46634168000150
3504602,Bady Bassitt,0  ,SE,SP,M,2026,29346,45093267000109
3504701,Balbinos,0  ,SE,SP,M,2026,3969,44553790000108
3504800,Bálsamo,0  ,SE,SP,M,2026,9902,45142353000164
3504909,Bananal,0  ,SE,SP,M,2026,10097,45196698000109
3505005,Barão de Antonina,0  ,SE,SP,M,2026,3632,46634424000109
3505104,Barbosa,0  ,SE,SP,M,2026,5627,46162178000130
3505203,Bariri,0  ,SE,SP,M,2026,32406,46181376000140
3505302,Barra Bonita,0  ,SE,SP,M,2026,35129,46172888000140
3505351,Barra do Chapéu,0  ,SE,SP,M,2026,5254,67360396000159
3505401,Barra do Turvo,0  ,SE,SP,M,2026,6894,46634317000180
3505500,Barretos,0  ,SE,SP,M,2026,126957,44780609000104
3505609,Barrinha,0  ,SE,SP,M,2026,33304,45370087000127
3505708,Barueri,0  ,SE,SP,M,2026,333737,46523015000135
3505807,Bastos,0  ,SE,SP,M,2026,21936,45547403000193
3505906,Batatais,0  ,SE,SP,M,2026,59939,45299104000187
3506003,Bauru,0  ,SE,SP,M,2026,392947,46137410000180
3506102,Bebedouro,0  ,SE,SP,M,2026,78257,45709920000111
3506201,Bento de Abreu,0  ,SE,SP,M,2026,2640,44447944000187
3506300,Bernardino de Campos,0  ,SE,SP,M,2026,11881,44563591000180
3506359,Bertioga,0  ,SE,SP,M,2026,67436,68020916000147
3506409,Bilac,0  ,SE,SP,M,2026,7464,44430783000119
3506508,Birigui,0  ,SE,SP,M,2026,123340,46151718000180
3506607,Biritiba-Mirim,0  ,SE,SP,M,2026,30564,46523288000180
3506706,Boa Esperança do Sul,0  ,SE,SP,M,2026,13113,46717104000112
3506805,Bocaina,0  ,SE,SP,M,2026,11480,44498988000136
3506904,Bofete,0  ,SE,SP,M,2026,10710,46634143000156
3507001,Boituva,0  ,SE,SP,M,2026,63850,46634499000190
3507100,Bom Jesus dos Perdões,0  ,SE,SP,M,2026,22579,52359692000162
3507605,Bragança Paulista,0  ,SE,SP,M,2026,185688,46352746000165
3507704,Braúna,0  ,SE,SP,M,2026,5477,44440832000102
3507753,Brejo Alegre,0  ,SE,SP,M,2026,2605,01614087000150
3507803,Brodowski,0  ,SE,SP,M,2026,26314,45301652000102
3507902,Brotas,0  ,SE,SP,M,2026,24501,46362927000172
3508009,Buri,0  ,SE,SP,M,2026,20731,46634382000106
3508108,Buritama,0  ,SE,SP,M,2026,17658,44435121000131
3508207,Buritizal,0  ,SE,SP,M,2026,4458,45323698000114
3508306,Cabrália Paulista,0  ,SE,SP,M,2026,4360,46137469000178
3508405,Cabreúva,0  ,SE,SP,M,2026,48654,46634432000155
3508504,Caçapava,0  ,SE,SP,M,2026,100071,45189305000121
3508603,Cachoeira Paulista,0  ,SE,SP,M,2026,32534,45192275000102
3508702,Caconde,0  ,SE,SP,M,2026,17228,45767829000152
3508801,Cafelândia,0  ,SE,SP,M,2026,16907,46186375000199
3508900,Caiabu,0  ,SE,SP,M,2026,3726,44853505000174
3509007,Caieiras,0  ,SE,SP,M,2026,98549,46523064000178
3509106,Caiuá,0  ,SE,SP,M,2026,5599,53307906000110
3509205,Cajamar,0  ,SE,SP,M,2026,98365,46523023000181
3509254,Cajati,0  ,SE,SP,M,2026,29262,64037815000128
3509304,Cajobi,0  ,SE,SP,M,2026,9210,46614400000198
3509403,Cajuru,0  ,SE,SP,M,2026,24233,45227337000174
3509452,Campina do Monte Alegre,0  ,SE,SP,M,2026,6090,67360404000167
3509502,Campinas,0  ,SE,SP,M,2026,1187974,51885242000140
3509601,Campo Limpo Paulista,0  ,SE,SP,M,2026,79781,45780095000141
3509700,Campos do Jordão,0  ,SE,SP,M,2026,47956,45699626000176
3509809,Campos Novos Paulista,0  ,SE,SP,M,2026,5003,46787644000172
3509908,Cananéia,0  ,SE,SP,M,2026,12491,46585956000101
3509957,Canas,0  ,SE,SP,M,2026,5068,01619207000101
3510005,Cândido Mota,0  ,SE,SP,M,2026,30157,46179958000192
3510104,Cândido Rodrigues,0  ,SE,SP,M,2026,2959,45374261000100
3510153,Canitar,0  ,SE,SP,M,2026,6589,57264517000105
3510203,Capão Bonito,0  ,SE,SP,M,2026,47409,46634259000195
3510302,Capela do Alto,0  ,SE,SP,M,2026,23777,46634077000114
3510401,Capivari,0  ,SE,SP,M,2026,51369,44723674000190
3510500,Caraguatatuba,0  ,SE,SP,M,2026,142248,46482840000139
3510609,Carapicuíba,0  ,SE,SP,M,2026,398236,44892693000140
3510708,Cardoso,0  ,SE,SP,M,2026,11476,46599825000175
3510807,Casa Branca,0  ,SE,SP,M,2026,28779,45735479000142
3510906,Cássia dos Coqueiros,0  ,SE,SP,M,2026,2861,44229805000187
3511003,Castilho,0  ,SE,SP,M,2026,20485,45663556000104
3511102,Catanduva,0  ,SE,SP,M,2026,119275,45122603000102
3511201,Catiguá,0  ,SE,SP,M,2026,7101,45124344000140
3511300,Cedral,0  ,SE,SP,M,2026,13314,45093663000136
3511409,Cerqueira César,0  ,SE,SP,M,2026,22210,46634184000142
3511508,Cerquilho,0  ,SE,SP,M,2026,46391,46634614000126
3511607,Cesário Lange,0  ,SE,SP,M,2026,19707,46634572000123
3511706,Charqueada,0  ,SE,SP,M,2026,15814,45732013000193
3511904,Clementina,0  ,SE,SP,M,2026,7084,47346275000145
3512001,Colina,0  ,SE,SP,M,2026,18880,45291234000173
3512100,Colômbia,0  ,SE,SP,M,2026,6802,52381720000148
3512209,Conchal,0  ,SE,SP,M,2026,29132,45331188000199
3512308,Conchas,0  ,SE,SP,M,2026,15345,46634119000117
3512407,Cordeirópolis,0  ,SE,SP,M,2026,25286,44660272000193
3512506,Coroados,0  ,SE,SP,M,2026,5504,46156477000161
3512605,Coronel Macedo,0  ,SE,SP,M,2026,4271,46634192000199
3512704,Corumbataí,0  ,SE,SP,M,2026,4296,44660397000113
3512803,Cosmópolis,0  ,SE,SP,M,2026,61167,44730331000152
3512902,Cosmorama,0  ,SE,SP,M,2026,9019,45162054000191
3513009,Cotia,0  ,SE,SP,M,2026,289493,46523049000120
3513108,Cravinhos,0  ,SE,SP,M,2026,34307,45228319000107
3513207,Cristais Paulista,0  ,SE,SP,M,2026,9600,45307980000108
3513306,Cruzália,0  ,SE,SP,M,2026,2123,46179966000139
3513405,Cruzeiro,0  ,SE,SP,M,2026,76444,46668596000101
3513504,Cubatão,0  ,SE,SP,M,2026,114870,47492806000108
3513603,Cunha,0  ,SE,SP,M,2026,22460,45704053000121
3513702,Descalvado,0  ,SE,SP,M,2026,32663,46732442000123
3513801,Diadema,0  ,SE,SP,M,2026,403579,46523247000193
3513850,Dirce Reis,0  ,SE,SP,M,2026,1639,65711988000142
3513900,Divinolândia,0  ,SE,SP,M,2026,11305,46435921000188
3514007,Dobrada,0  ,SE,SP,M,2026,8986,54916283000145
3514106,Dois Córregos,0  ,SE,SP,M,2026,24847,45671120000159
3514205,Dolcinópolis,0  ,SE,SP,M,2026,2254,48318182000170
3514304,Dourado,0  ,SE,SP,M,2026,8169,51814960000126
3514403,Dracena,0  ,SE,SP,M,2026,46735,44880060000111
3514502,Duartina,0  ,SE,SP,M,2026,12532,46137485000160
3514601,Dumont,0  ,SE,SP,M,2026,9764,46940888000143
3514700,Echaporã,0  ,SE,SP,M,2026,6291,44470300000100
3514809,Eldorado,0  ,SE,SP,M,2026,13109,45089885000185
3514908,Elias Fausto,0  ,SE,SP,M,2026,18168,44723740000121
3514924,Elisiário,0  ,SE,SP,M,2026,3190,65711723000144
3514957,Embaúba,0  ,SE,SP,M,2026,2349,65712648000136
3515004,Embu das Artes,0  ,SE,SP,M,2026,259788,46523114000117
3515103,Embu-Guaçu,0  ,SE,SP,M,2026,68913,46523148000101
3515129,Emilianópolis,0  ,SE,SP,M,2026,3061,67662544000190
3515152,Engenheiro Coelho,0  ,SE,SP,M,2026,20261,67996363000108
3515186,Espírito Santo do Pinhal,0  ,SE,SP,M,2026,40610,45739083000173
3515194,Espírito Santo do Turvo,0  ,SE,SP,M,2026,4214,57264509000169
3515202,Estrela d'Oeste,0  ,SE,SP,M,2026,9696,45112224000123
3515301,Estrela do Norte,0  ,SE,SP,M,2026,2751,46449682000115
3515350,Euclides da Cunha Paulista,0  ,SE,SP,M,2026,7883,67662437000161
3515400,Fartura,0  ,SE,SP,M,2026,17029,46223707000168
3515509,Fernandópolis,0  ,SE,SP,M,2026,73508,47842836000105
3515608,Fernando Prestes,0  ,SE,SP,M,2026,6080,47826763000150
3515657,Fernão,0  ,SE,SP,M,2026,1692,01612848000134
3515707,Ferraz de Vasconcelos,0  ,SE,SP,M,2026,186479,46523197000144
3515806,Flora Rica,0  ,SE,SP,M,2026,1483,44925279000190
3515905,Floreal,0  ,SE,SP,M,2026,2747,53221941000111
3516002,Flórida Paulista,0  ,SE,SP,M,2026,13175,44925691000100
3516101,Florínia,0  ,SE,SP,M,2026,4022,44493575000169
3516200,Franca,0  ,SE,SP,M,2026,365494,47970769000104
3516309,Francisco Morato,0  ,SE,SP,M,2026,171476,46523072000114
3516408,Franco da Rocha,0  ,SE,SP,M,2026,150241,46523080000160
3516507,Gabriel Monteiro,0  ,SE,SP,M,2026,2813,44431161000105
3516606,Gália,0  ,SE,SP,M,2026,6413,44518389000137
3516705,Garça,0  ,SE,SP,M,2026,43081,44518371000135
3516804,Gastão Vidigal,0  ,SE,SP,M,2026,3203,45660602000103
2104701,Graça Aranha,0  ,NE,MA,M,2026,6160,06140594000112
2104800,Grajaú,0  ,NE,MA,M,2026,76837,06377063000148
2104909,Guimarães,0  ,NE,MA,M,2026,10439,05505334000130
2105005,Humberto de Campos,0  ,NE,MA,M,2026,26550,06222616000193
2105104,Icatu,0  ,NE,MA,M,2026,25332,05296298000142
2105153,Igarapé do Meio,0  ,NE,MA,M,2026,14383,01612346000103
2105203,Igarapé Grande,0  ,NE,MA,M,2026,10461,06323208000128
2105302,Imperatriz,0  ,NE,MA,M,2026,285806,06158455000116
2105351,Itaipava do Grajaú,0  ,NE,MA,M,2026,14142,01612546000166
2105401,Itapecuru Mirim,0  ,NE,MA,M,2026,62264,05648696000180
2105427,Itinga do Maranhão,0  ,NE,MA,M,2026,22896,01614537000104
2105450,Jatobá,0  ,NE,MA,M,2026,7593,01616678000166
2105476,Jenipapo dos Vieiras,0  ,NE,MA,M,2026,17529,01614441000146
2105500,João Lisboa,0  ,NE,MA,M,2026,25311,07000300000110
2105609,Joselândia,0  ,NE,MA,M,2026,15227,06376974000150
2105658,Junco do Maranhão,0  ,NE,MA,M,2026,5282,01612334000189
2105708,Lago da Pedra,0  ,NE,MA,M,2026,45865,06021810000100
2105807,Lago do Junco,0  ,NE,MA,M,2026,9687,06460026000107
2105906,Lago Verde,0  ,NE,MA,M,2026,15069,06021174000117
2105922,Lagoa do Mato,0  ,NE,MA,M,2026,10806,01613315000177
2105948,Lago dos Rodrigues,0  ,NE,MA,M,2026,8962,01612541000133
2105963,Lagoa Grande do Maranhão,0  ,NE,MA,M,2026,11731,01612337000112
2105989,Lajeado Novo,0  ,NE,MA,M,2026,7232,01598548000148
2106003,Lima Campos,0  ,NE,MA,M,2026,11559,06933519000109
2106102,Loreto,0  ,NE,MA,M,2026,11884,06229538000159
2106201,Luís Domingues,0  ,NE,MA,M,2026,7366,05292594000175
2106300,Magalhães de Almeida,0  ,NE,MA,M,2026,13933,06988976000109
2106326,Maracaçumé,0  ,NE,MA,M,2026,21730,01612336000178
2106359,Marajá do Sena,0  ,NE,MA,M,2026,7153,01555070000179
2106375,Maranhãozinho,0  ,NE,MA,M,2026,14092,01612327000187
2106409,Mata Roma,0  ,NE,MA,M,2026,17581,06119945000103
2106508,Matinha,0  ,NE,MA,M,2026,22540,06158729000177
2106607,Matões,0  ,NE,MA,M,2026,33327,06114631000118
2106631,Matões do Norte,0  ,NE,MA,M,2026,18021,01612831000187
2106672,Milagres do Maranhão,0  ,NE,MA,M,2026,9065,01612319000130
2106706,Mirador,0  ,NE,MA,M,2026,21536,06140818000196
2106755,Miranda do Norte,0  ,NE,MA,M,2026,24373,12553806000196
2106805,Mirinzal,0  ,NE,MA,M,2026,14298,06342240000150
2106904,Monção,0  ,NE,MA,M,2026,28563,06190243000116
2107001,Montes Altos,0  ,NE,MA,M,2026,9306,06759104000160
2107100,Morros,0  ,NE,MA,M,2026,19015,05489935000105
2107209,Nina Rodrigues,0  ,NE,MA,M,2026,14589,06124408000151
2107258,Nova Colinas,0  ,NE,MA,M,2026,5148,01608768000105
2107308,Nova Iorque,0  ,NE,MA,M,2026,4409,05303565000161
2107357,Nova Olinda do Maranhão,0  ,NE,MA,M,2026,14379,01612625000177
2107407,Olho d'Água das Cunhãs,0  ,NE,MA,M,2026,18288,06014005000150
2107456,Olinda Nova do Maranhão,0  ,NE,MA,M,2026,13921,01612629000155
2107506,Paço do Lumiar,0  ,NE,MA,M,2026,153158,06003636000173
2107605,Palmeirândia,0  ,NE,MA,M,2026,21657,06209936000103
2107704,Paraibano,0  ,NE,MA,M,2026,18589,05303144000130
2107803,Parnarama,0  ,NE,MA,M,2026,32232,06115117000105
2107902,Passagem Franca,0  ,NE,MA,M,2026,17591,10438570000111
2108009,Pastos Bons,0  ,NE,MA,M,2026,19266,05277173000175
2108058,Paulino Neves,0  ,NE,MA,M,2026,17578,01562914000109
2108108,Paulo Ramos,0  ,NE,MA,M,2026,20798,06029524000191
2108207,Pedreiras,0  ,NE,MA,M,2026,38252,06184253000149
2108256,Pedro do Rosário,0  ,NE,MA,M,2026,24955,01614946000100
2108306,Penalva,0  ,NE,MA,M,2026,33496,06179402000181
2108405,Peri Mirim,0  ,NE,MA,M,2026,11229,41611856000180
2108454,Peritoró,0  ,NE,MA,M,2026,20903,01612537000175
2108504,Pindaré-Mirim,0  ,NE,MA,M,2026,32542,06189344000177
2108603,Pinheiro,0  ,NE,MA,M,2026,88091,06200745000180
2108702,Pio XII,0  ,NE,MA,M,2026,22374,06447833000181
2108801,Pirapemas,0  ,NE,MA,M,2026,18132,07623366000166
2108900,Poção de Pedras,0  ,NE,MA,M,2026,17394,06202808000138
2109007,Porto Franco,0  ,NE,MA,M,2026,24571,06208946000124
2109056,Porto Rico do Maranhão,0  ,NE,MA,M,2026,6092,01612542000188
2109106,Presidente Dutra,0  ,NE,MA,M,2026,46606,06138366000108
2109205,Presidente Juscelino,0  ,NE,MA,M,2026,11616,06003891000116
2109239,Presidente Médici,0  ,NE,MA,M,2026,4717,01612320000165
2109270,Presidente Sarney,0  ,NE,MA,M,2026,17925,01613745000199
2109304,Presidente Vargas,0  ,NE,MA,M,2026,10791,06124739000191
2109403,Primeira Cruz,0  ,NE,MA,M,2026,13920,06240352000109
2109452,Raposa,0  ,NE,MA,M,2026,32156,01612325000198
2109502,Riachão,0  ,NE,MA,M,2026,22740,05282801000100
2109551,Ribamar Fiquene,0  ,NE,MA,M,2026,7601,01598547000101
2109601,Rosário,0  ,NE,MA,M,2026,39761,41479569000169
2109700,Sambaíba,0  ,NE,MA,M,2026,6234,06229397000174
2109759,Santa Filomena do Maranhão,0  ,NE,MA,M,2026,6833,01612632000179
2109809,Santa Helena,0  ,NE,MA,M,2026,43200,06226583000150
2109908,Santa Inês,0  ,NE,MA,M,2026,88249,06198949000124
2110005,Santa Luzia,0  ,NE,MA,M,2026,58839,06191001000147
2110039,Santa Luzia do Paruá,0  ,NE,MA,M,2026,24890,12511093000106
2110104,Santa Quitéria do Maranhão,0  ,NE,MA,M,2026,24495,06232615000120
2110203,Santa Rita,0  ,NE,MA,M,2026,38542,63441836000141
2110237,Santana do Maranhão,0  ,NE,MA,M,2026,10759,01612830000132
2110278,Santo Amaro do Maranhão,0  ,NE,MA,M,2026,14287,01612671000176
2110302,Santo Antônio dos Lopes,0  ,NE,MA,M,2026,14628,06172720000110
2110401,São Benedito do Rio Preto,0  ,NE,MA,M,2026,18810,06398150000181
2110500,São Bento,0  ,NE,MA,M,2026,48166,06214258000177
2110609,São Bernardo,0  ,NE,MA,M,2026,27910,06125389000188
2110658,São Domingos do Azeitão,0  ,NE,MA,M,2026,8236,01612333000134
2110708,São Domingos do Maranhão,0  ,NE,MA,M,2026,35247,06113690000171
2110807,São Félix de Balsas,0  ,NE,MA,M,2026,4491,05490420000117
2110856,São Francisco do Brejão,0  ,NE,MA,M,2026,9202,01616680000135
2110906,São Francisco do Maranhão,0  ,NE,MA,M,2026,12360,06089163000179
2111003,São João Batista,0  ,NE,MA,M,2026,18889,35101369000175
2111029,São João do Carú,0  ,NE,MA,M,2026,12360,01612344000114
2111052,São João do Paraíso,0  ,NE,MA,M,2026,10091,01597629000123
2111078,São João do Soter,0  ,NE,MA,M,2026,17253,01612628000100
2111102,São João dos Patos,0  ,NE,MA,M,2026,25910,06089668000133
2111201,São José de Ribamar,0  ,NE,MA,M,2026,259164,06351514000178
2111250,São José dos Basílios,0  ,NE,MA,M,2026,7094,01616769000100
2111300,São Luís,1  ,NE,MA,M,2026,1089215,06307102000130
2111409,São Luís Gonzaga do Maranhão,0  ,NE,MA,M,2026,18123,06460018000152
2111508,São Mateus do Maranhão,0  ,NE,MA,M,2026,40177,06019491000107
2111532,São Pedro da Água Branca,0  ,NE,MA,M,2026,14786,01613956000121
2111573,São Pedro dos Crentes,0  ,NE,MA,M,2026,5993,01577844000162
2111607,São Raimundo das Mangabeiras,0  ,NE,MA,M,2026,19158,06651616000109
2111631,São Raimundo do Doca Bezerra,0  ,NE,MA,M,2026,5761,01611836000195
2111672,São Roberto,0  ,NE,MA,M,2026,4577,01612348000100
2111706,São Vicente Ferrer,0  ,NE,MA,M,2026,19865,06421119000114
2111722,Satubinha,0  ,NE,MA,M,2026,8821,01611895000163
2111748,Senador Alexandre Costa,0  ,NE,MA,M,2026,10447,01566688000134
2111763,Senador La Rocque,0  ,NE,MA,M,2026,15044,01598970000101
2111789,Serrano do Maranhão,0  ,NE,MA,M,2026,10475,01612626000111
2111805,Sítio Novo,0  ,NE,MA,M,2026,17464,05631031000164
2111904,Sucupira do Norte,0  ,NE,MA,M,2026,10471,06896534000124
2111953,Sucupira do Riachão,0  ,NE,MA,M,2026,5081,01612338000167
2112001,Tasso Fragoso,0  ,NE,MA,M,2026,9130,06997563000182
2112100,Timbiras,0  ,NE,MA,M,2026,27328,06424618000165
2112209,Timon,0  ,NE,MA,M,2026,182711,06115307000114
2112233,Trizidela do Vale,0  ,NE,MA,M,2026,23097,01558070000122
2112274,Tufilândia,0  ,NE,MA,M,2026,5633,01612631000124
2112308,Tuntum,0  ,NE,MA,M,2026,37364,06138911000166
2112407,Turiaçu,0  ,NE,MA,M,2026,38993,63451363000163
2112456,Turilândia,0  ,NE,MA,M,2026,33219,01612533000197
2112506,Tutóia,0  ,NE,MA,M,2026,55076,06218572000128
2112605,Urbano Santos,0  ,NE,MA,M,2026,34143,05505839000103
2112704,Vargem Grande,0  ,NE,MA,M,2026,44444,05648738000183
2112803,Viana,0  ,NE,MA,M,2026,53176,06439988000176
2112852,Vila Nova dos Martírios,0  ,NE,MA,M,2026,10561,01608475000128
2112902,Vitória do Mearim,0  ,NE,MA,M,2026,31859,05646807000110
2113009,Vitorino Freire,0  ,NE,MA,M,2026,31920,06018568000116
2114007,Zé Doca,0  ,NE,MA,M,2026,41815,12122065000199
2200053,Acauã,0  ,NE,PI,M,2026,6323,01612559000135
2200103,Agricolândia,0  ,NE,PI,M,2026,5016,06554976000192
2200202,Água Branca,0  ,NE,PI,M,2026,18095,06554760000127
2200251,Alagoinha do Piauí,0  ,NE,PI,M,2026,6876,07450778000141
2200277,Alegrete do Piauí,0  ,NE,PI,M,2026,4707,41522152000131
2200301,Alto Longá,0  ,NE,PI,M,2026,13729,06554323000103
2200400,Altos,0  ,NE,PI,M,2026,50094,06554794000111
2200459,Alvorada do Gurguéia,0  ,NE,PI,M,2026,5474,01612562000159
2200509,Amarante,0  ,NE,PI,M,2026,17594,06554802000120
2200608,Angical do Piauí,0  ,NE,PI,M,2026,6991,06554752000180
2200707,Anísio de Abreu,0  ,NE,PI,M,2026,9649,06553630000170
2200806,Antônio Almeida,0  ,NE,PI,M,2026,3234,06554018000111
2200905,Aroazes,0  ,NE,PI,M,2026,5413,06554984000139
2200954,Aroeiras do Itaim,0  ,NE,PI,M,2026,2777,07165549000185
2201002,Arraial,0  ,NE,PI,M,2026,4517,06554026000168
2201051,Assunção do Piauí,0  ,NE,PI,M,2026,7596,01612561000104
2201101,Avelino Lopes,0  ,NE,PI,M,2026,11118,06554281000100
2201150,Baixa Grande do Ribeiro,0  ,NE,PI,M,2026,13983,41522178000180
2201176,Barra D'Alcântara,0  ,NE,PI,M,2026,4099,01612565000192
2201200,Barras,0  ,NE,PI,M,2026,49703,06554406000100
2201309,Barreiras do Piauí,0  ,NE,PI,M,2026,3336,06554224000121
2201408,Barro Duro,0  ,NE,PI,M,2026,6731,06554745000189
2201507,Batalha,0  ,NE,PI,M,2026,27129,06553903000186
2201556,Bela Vista do Piauí,0  ,NE,PI,M,2026,4225,01612558000190
2201572,Belém do Piauí,0  ,NE,PI,M,2026,3515,01612560000160
2201606,Beneditinos,0  ,NE,PI,M,2026,10093,06554778000129
2201705,Bertolínia,0  ,NE,PI,M,2026,5715,06554034000104
2201739,Betânia do Piauí,0  ,NE,PI,M,2026,6596,01612622000133
2201770,Boa Hora,0  ,NE,PI,M,2026,7140,01612568000126
2201804,Bocaina,0  ,NE,PI,M,2026,4118,06553689000168
2201903,Bom Jesus,0  ,NE,PI,M,2026,30658,06554356000153
2201919,Bom Princípio do Piauí,0  ,NE,PI,M,2026,5805,41522194000172
2201929,Bonfim do Piauí,0  ,NE,PI,M,2026,6117,41522210000127
2201945,Boqueirão do Piauí,0  ,NE,PI,M,2026,6751,01612566000137
2201960,Brasileira,0  ,NE,PI,M,2026,8684,41522236000175
2201988,Brejo do Piauí,0  ,NE,PI,M,2026,3964,01612567000181
2202000,Buriti dos Lopes,0  ,NE,PI,M,2026,20130,06554455000135
2202026,Buriti dos Montes,0  ,NE,PI,M,2026,7517,41522251000113
2202059,Cabeceiras do Piauí,0  ,NE,PI,M,2026,10466,41522277000161
2202075,Cajazeiras do Piauí,0  ,NE,PI,M,2026,3135,01612573000139
2202083,Cajueiro da Praia,0  ,NE,PI,M,2026,8246,01612620000144
2202091,Caldeirão Grande do Piauí,0  ,NE,PI,M,2026,5602,41522293000154
2202109,Campinas do Piauí,0  ,NE,PI,M,2026,4964,06553978000167
2202117,Campo Alegre do Fidalgo,0  ,NE,PI,M,2026,4698,01612564000148
2202133,Campo Grande do Piauí,0  ,NE,PI,M,2026,6211,01612570000103
2202174,Campo Largo do Piauí,0  ,NE,PI,M,2026,7669,01612754000165
2202208,Campo Maior,0  ,NE,PI,M,2026,47119,06716880000183
2202251,Canavieira,0  ,NE,PI,M,2026,3404,41522319000164
2202307,Canto do Buriti,0  ,NE,PI,M,2026,19639,06554042000150
2202406,Capitão de Campos,0  ,NE,PI,M,2026,11362,06553879000185
2202455,Capitão Gervásio Oliveira,0  ,NE,PI,M,2026,4071,01612569000170
2202505,Caracol,0  ,NE,PI,M,2026,10546,06553622000123
2202539,Caraúbas do Piauí,0  ,NE,PI,M,2026,5581,01612617000120
2202554,Caridade do Piauí,0  ,NE,PI,M,2026,5176,01612575000128
2202604,Castelo do Piauí,0  ,NE,PI,M,2026,19669,06554315000167
2202653,Caxingó,0  ,NE,PI,M,2026,5682,01612618000175
2202703,Cocal,0  ,NE,PI,M,2026,29302,06553895000178
2202711,Cocal de Telha,0  ,NE,PI,M,2026,5046,01612574000183
2202729,Cocal dos Alves,0  ,NE,PI,M,2026,6596,01612572000194
2202737,Coivaras,0  ,NE,PI,M,2026,4249,41522335000157
2202752,Colônia do Gurguéia,0  ,NE,PI,M,2026,6294,41522350000103
2202778,Colônia do Piauí,0  ,NE,PI,M,2026,7067,41522376000143
2202802,Conceição do Canindé,0  ,NE,PI,M,2026,5078,06553697000104
2202851,Coronel José Dias,0  ,NE,PI,M,2026,4291,41522160000188
2202901,Corrente,0  ,NE,PI,M,2026,28381,06554257000171
2203008,Cristalândia do Piauí,0  ,NE,PI,M,2026,7431,06554299000102
2203107,Cristino Castro,0  ,NE,PI,M,2026,10801,06554364000108
2203206,Curimatá,0  ,NE,PI,M,2026,11581,06554273000164
2203230,Currais,0  ,NE,PI,M,2026,4977,01612752000176
2203255,Curralinhos,0  ,NE,PI,M,2026,4555,01612579000106
2203271,Curral Novo do Piauí,0  ,NE,PI,M,2026,5191,01612556000100
2203305,Demerval Lobão,0  ,NE,PI,M,2026,17139,06554885000157
2203354,Dirceu Arcoverde,0  ,NE,PI,M,2026,7259,07102106000145
2203404,Dom Expedito Lopes,0  ,NE,PI,M,2026,6410,06553705000112
2203420,Domingos Mourão,0  ,NE,PI,M,2026,4129,06553911000122
2203453,Dom Inocêncio,0  ,NE,PI,M,2026,9332,23500002000145
2203503,Elesbão Veloso,0  ,NE,PI,M,2026,13743,06554844000160
2203602,Eliseu Martins,0  ,NE,PI,M,2026,4421,06554059000108
2203701,Esperantina,0  ,NE,PI,M,2026,42710,06554174000182
2203750,Fartura do Piauí,0  ,NE,PI,M,2026,5426,41522384000190
2203800,Flores do Piauí,0  ,NE,PI,M,2026,4512,06554158000190
2203859,Floresta do Piauí,0  ,NE,PI,M,2026,2354,01612578000161
2203909,Floriano,0  ,NE,PI,M,2026,64393,06554067000154
2204006,Francinópolis,0  ,NE,PI,M,2026,4481,06554919000103
2204105,Francisco Ayres,0  ,NE,PI,M,2026,4548,06554075000109
2204154,Francisco Macedo,0  ,NE,PI,M,2026,2985,01612577000117
2204204,Francisco Santos,0  ,NE,PI,M,2026,8349,06553713000169
2204303,Fronteiras,0  ,NE,PI,M,2026,10344,06553721000105
3507159,Bom Sucesso de Itararé,0  ,SE,SP,M,2026,3609,60123064000101
3507209,Borá,0  ,SE,SP,M,2026,932,44544906000142
3507308,Boracéia,0  ,SE,SP,M,2026,4838,46189734000161
3507407,Borborema,0  ,SE,SP,M,2026,14405,46737219000179
3537107,Pedreira,0  ,SE,SP,M,2026,44385,46410775000136
3537156,Pedrinhas Paulista,0  ,SE,SP,M,2026,2833,64614381000181
3537206,Pedro de Toledo,0  ,SE,SP,M,2026,11617,46578530000112
3537305,Penápolis,0  ,SE,SP,M,2026,63426,49576416000141
3537404,Pereira Barreto,0  ,SE,SP,M,2026,24360,44446904000110
3537503,Pereiras,0  ,SE,SP,M,2026,9013,46634622000172
3537602,Peruíbe,0  ,SE,SP,M,2026,70629,46578514000120
3537701,Piacatu,0  ,SE,SP,M,2026,5631,44431245000149
3537800,Piedade,0  ,SE,SP,M,2026,54266,46634457000159
3537909,Pilar do Sul,0  ,SE,SP,M,2026,28459,46634473000141
3538006,Pindamonhangaba,0  ,SE,SP,M,2026,172681,45226214000119
3538105,Pindorama,0  ,SE,SP,M,2026,14704,45122942000180
3538204,Pinhalzinho,0  ,SE,SP,M,2026,15676,45623600000144
3538303,Piquerobi,0  ,SE,SP,M,2026,3287,54279674000104
3538501,Piquete,0  ,SE,SP,M,2026,12516,47563325000146
3538600,Piracaia,0  ,SE,SP,M,2026,26795,45279627000161
3538709,Piracicaba,0  ,SE,SP,M,2026,440835,46341038000129
3538808,Piraju,0  ,SE,SP,M,2026,30294,46223699000150
3538907,Pirajuí,0  ,SE,SP,M,2026,22734,44555027000116
3539004,Pirangi,0  ,SE,SP,M,2026,11085,45343969000101
3539103,Pirapora do Bom Jesus,0  ,SE,SP,M,2026,18925,46523007000199
3539202,Pirapozinho,0  ,SE,SP,M,2026,26097,54801121000161
3539301,Pirassununga,0  ,SE,SP,M,2026,75594,45731650000145
3539400,Piratininga,0  ,SE,SP,M,2026,15657,46137451000176
3539509,Pitangueiras,0  ,SE,SP,M,2026,34361,45370707000128
3539608,Planalto,0  ,SE,SP,M,2026,4451,46935763000125
3539707,Platina,0  ,SE,SP,M,2026,3055,44543999000190
3539806,Poá,0  ,SE,SP,M,2026,106355,55021455000185
3539905,Poloni,0  ,SE,SP,M,2026,5702,46608063000126
3540002,Pompéia,0  ,SE,SP,M,2026,20520,44483444000109
3540101,Pongaí,0  ,SE,SP,M,2026,3440,46227849000101
3540200,Pontal,0  ,SE,SP,M,2026,38286,45352267000186
3540259,Pontalinda,0  ,SE,SP,M,2026,4198,65712077000130
3540309,Pontes Gestal,0  ,SE,SP,M,2026,2411,45162328000142
3540408,Populina,0  ,SE,SP,M,2026,4182,51842177000176
3540507,Porangaba,0  ,SE,SP,M,2026,10850,46634580000170
3540606,Porto Feliz,0  ,SE,SP,M,2026,58605,46634481000198
3540705,Porto Ferreira,0  ,SE,SP,M,2026,53966,45339363000194
3540754,Potim,0  ,SE,SP,M,2026,20801,65042855000120
3540804,Potirendaba,0  ,SE,SP,M,2026,19097,45094901000128
3540853,Pracinha,0  ,SE,SP,M,2026,2589,67662007000140
3540903,Pradópolis,0  ,SE,SP,M,2026,17299,48664296000171
3541000,Praia Grande,0  ,SE,SP,M,2026,368539,46177531000155
3541059,Pratânia,0  ,SE,SP,M,2026,5264,01576782000174
3541109,Presidente Alves,0  ,SE,SP,M,2026,3830,44555688000141
3541208,Presidente Bernardes,0  ,SE,SP,M,2026,14803,55251185000107
3541307,Presidente Epitácio,0  ,SE,SP,M,2026,40322,55293427000117
3541406,Presidente Prudente,0  ,SE,SP,M,2026,234706,55356653000108
3541505,Presidente Venceslau,0  ,SE,SP,M,2026,35810,46476131000140
3541604,Promissão,0  ,SE,SP,M,2026,35973,44558856000152
3541653,Quadra,0  ,SE,SP,M,2026,3477,01612145000106
3541703,Quatá,0  ,SE,SP,M,2026,13412,44547313000130
3541802,Queiroz,0  ,SE,SP,M,2026,3366,44568749000105
3541901,Queluz,0  ,SE,SP,M,2026,9074,46670931000106
3542008,Quintana,0  ,SE,SP,M,2026,7260,44569051000104
3542107,Rafard,0  ,SE,SP,M,2026,9145,44723757000189
3542206,Rancharia,0  ,SE,SP,M,2026,29387,44935278000126
3542305,Redenção da Serra,0  ,SE,SP,M,2026,4637,45167517000108
3542404,Regente Feijó,0  ,SE,SP,M,2026,20620,48813638000178
3542503,Reginópolis,0  ,SE,SP,M,2026,7820,44556033000198
3542602,Registro,0  ,SE,SP,M,2026,61927,45685872000179
3542701,Restinga,0  ,SE,SP,M,2026,6486,45318581000142
3542800,Ribeira,0  ,SE,SP,M,2026,3158,46634325000127
3542909,Ribeirão Bonito,0  ,SE,SP,M,2026,11040,45355914000103
3543006,Ribeirão Branco,0  ,SE,SP,M,2026,18942,46634366000113
3543105,Ribeirão Corrente,0  ,SE,SP,M,2026,4717,45318789000161
3543204,Ribeirão do Sul,0  ,SE,SP,M,2026,4776,46211702000115
3543238,Ribeirão dos Índios,0  ,SE,SP,M,2026,2040,01552221000135
3543253,Ribeirão Grande,0  ,SE,SP,M,2026,7571,67360446000106
3543303,Ribeirão Pires,0  ,SE,SP,M,2026,118954,46522967000134
3543402,Ribeirão Preto,0  ,SE,SP,M,2026,731639,56024581000156
3543501,Riversul,0  ,SE,SP,M,2026,5628,46634416000162
3543600,Rifaina,0  ,SE,SP,M,2026,4179,45318995000171
3543709,Rincão,0  ,SE,SP,M,2026,9101,56338247000177
3543808,Rinópolis,0  ,SE,SP,M,2026,9334,46478053000113
3543907,Rio Claro,0  ,SE,SP,M,2026,210323,45774064000188
3544004,Rio das Pedras,0  ,SE,SP,M,2026,32329,44826840000183
3544103,Rio Grande da Serra,0  ,SE,SP,M,2026,45324,46522975000180
3544202,Riolândia,0  ,SE,SP,M,2026,10444,45162864000148
3544251,Rosana,0  ,SE,SP,M,2026,17434,67662452000100
3544301,Roseira,0  ,SE,SP,M,2026,11137,45212008000150
3544400,Rubiácea,0  ,SE,SP,M,2026,2740,44437549000113
3544509,Rubinéia,0  ,SE,SP,M,2026,3998,45135043000112
3544608,Sabino,0  ,SE,SP,M,2026,5182,44534089000141
3544707,Sagres,0  ,SE,SP,M,2026,2522,53310793000101
3544806,Sales,0  ,SE,SP,M,2026,6645,46613196000190
3544905,Sales Oliveira,0  ,SE,SP,M,2026,11683,46756029000107
3545001,Salesópolis,0  ,SE,SP,M,2026,15381,46523296000126
3545100,Salmourão,0  ,SE,SP,M,2026,4883,46477618000148
3545159,Saltinho,0  ,SE,SP,M,2026,8407,66831959000187
3545209,Salto,0  ,SE,SP,M,2026,141111,46634507000106
3545308,Salto de Pirapora,0  ,SE,SP,M,2026,45262,46634093000107
3545407,Salto Grande,0  ,SE,SP,M,2026,9221,46211686000160
3545506,Sandovalina,0  ,SE,SP,M,2026,3697,44872778000166
3545605,Santa Adélia,0  ,SE,SP,M,2026,14193,46599270000161
3545704,Santa Albertina,0  ,SE,SP,M,2026,6566,45135530000185
3545803,Santa Bárbara d'Oeste,0  ,SE,SP,M,2026,189456,46422408000152
3546009,Santa Branca,0  ,SE,SP,M,2026,14219,46694121000181
3546108,Santa Clara d'Oeste,0  ,SE,SP,M,2026,2694,45135944000104
3546207,Santa Cruz da Conceição,0  ,SE,SP,M,2026,4375,44751725000197
3546256,Santa Cruz da Esperança,0  ,SE,SP,M,2026,2168,01611007000102
3546306,Santa Cruz das Palmeiras,0  ,SE,SP,M,2026,29489,46371654000122
3546405,Santa Cruz do Rio Pardo,0  ,SE,SP,M,2026,47759,46231890000143
3546504,Santa Ernestina,0  ,SE,SP,M,2026,6274,45374469000129
3546603,Santa Fé do Sul,0  ,SE,SP,M,2026,36288,45138070000149
3546702,Santa Gertrudes,0  ,SE,SP,M,2026,23192,45732377000173
3546801,Santa Isabel,0  ,SE,SP,M,2026,54691,56900848000121
3546900,Santa Lúcia,0  ,SE,SP,M,2026,7144,45282704000132
3507456,Borebi,0  ,SE,SP,M,2026,2801,54724802000173
3507506,Botucatu,0  ,SE,SP,M,2026,151053,46634101000115
3201001,Boa Esperança,0  ,SE,ES,M,2026,14054,27167436000126
3201100,Bom Jesus do Norte,0  ,SE,ES,M,2026,10820,27167360000139
3201159,Brejetuba,0  ,SE,ES,M,2026,13718,01612674000100
3201209,Cachoeiro de Itapemirim,0  ,SE,ES,M,2026,198342,27165588000190
3201308,Cariacica,0  ,SE,ES,M,2026,376200,27150549000119
3201407,Castelo,0  ,SE,ES,M,2026,39575,27165638000139
3201506,Colatina,0  ,SE,ES,M,2026,129301,27165729000174
3201605,Conceição da Barra,0  ,SE,ES,M,2026,28923,27174077000134
3201704,Conceição do Castelo,0  ,SE,ES,M,2026,12472,27165570000198
3201803,Divino de São Lourenço,0  ,SE,ES,M,2026,5397,27174127000183
3201902,Domingos Martins,0  ,SE,ES,M,2026,38236,27150556000110
3202009,Dores do Rio Preto,0  ,SE,ES,M,2026,6902,27167386000187
3202108,Ecoporanga,0  ,SE,ES,M,2026,22611,27167311000104
3202207,Fundão,0  ,SE,ES,M,2026,18898,27165182000107
3202256,Governador Lindenberg,0  ,SE,ES,M,2026,11484,04217786000154
3139904,Maria da Fé,0  ,SE,MG,M,2026,14567,18025957000158
3140001,Mariana,0  ,SE,MG,M,2026,64506,18295303000144
3140100,Marilac,0  ,SE,MG,M,2026,4323,18409193000102
3140159,Mário Campos,0  ,SE,MG,M,2026,16705,01612508000103
3140209,Maripá de Minas,0  ,SE,MG,M,2026,3567,17724162000175
3140308,Marliéria,0  ,SE,MG,M,2026,4796,16796872000148
3140407,Marmelópolis,0  ,SE,MG,M,2026,3314,18026021000141
3140506,Martinho Campos,0  ,SE,MG,M,2026,14546,18315234000193
3140530,Martins Soares,0  ,SE,MG,M,2026,8797,01615420000145
3140555,Mata Verde,0  ,SE,MG,M,2026,9532,66234360000166
3140605,Materlândia,0  ,SE,MG,M,2026,3949,18303206000156
3140704,Mateus Leme,0  ,SE,MG,M,2026,40814,18715433000199
3140803,Matias Barbosa,0  ,SE,MG,M,2026,14547,18338194000103
3140852,Matias Cardoso,0  ,SE,MG,M,2026,8922,25209115000111
3140902,Matipó,0  ,SE,MG,M,2026,19115,18385104000127
3141009,Mato Verde,0  ,SE,MG,M,2026,12210,17782616000164
3141108,Matozinhos,0  ,SE,MG,M,2026,39529,18771238000186
3141207,Matutina,0  ,SE,MG,M,2026,3912,18602102000142
3141306,Medeiros,0  ,SE,MG,M,2026,4068,20920617000132
3141405,Medina,0  ,SE,MG,M,2026,20455,18414607000183
3141504,Mendes Pimentel,0  ,SE,MG,M,2026,5614,18505347000151
3141603,Mercês,0  ,SE,MG,M,2026,10615,17744442000145
3141702,Mesquita,0  ,SE,MG,M,2026,4984,17112061000143
3141801,Minas Novas,0  ,SE,MG,M,2026,23843,22516405000110
3141900,Minduri,0  ,SE,MG,M,2026,3811,17954041000110
3142007,Mirabela,0  ,SE,MG,M,2026,14071,18017376000174
3142106,Miradouro,0  ,SE,MG,M,2026,8961,17947623000179
3142205,Miraí,0  ,SE,MG,M,2026,13921,17966201000140
3142254,Miravânia,0  ,SE,MG,M,2026,3982,01612491000194
3142304,Moeda,0  ,SE,MG,M,2026,5314,18363952000135
3142403,Moema,0  ,SE,MG,M,2026,7812,18301044000117
3142502,Monjolos,0  ,SE,MG,M,2026,2187,17754169000130
3142601,Monsenhor Paulo,0  ,SE,MG,M,2026,8565,22541874000199
3142700,Montalvânia,0  ,SE,MG,M,2026,14068,17097791000112
3142809,Monte Alegre de Minas,0  ,SE,MG,M,2026,20708,18431155000148
3142908,Monte Azul,0  ,SE,MG,M,2026,20497,18650945000114
3143005,Monte Belo,0  ,SE,MG,M,2026,13347,18668376000134
3143104,Monte Carmelo,0  ,SE,MG,M,2026,49500,18593103000178
3143153,Monte Formoso,0  ,SE,MG,M,2026,4437,01615007000180
3143203,Monte Santo de Minas,0  ,SE,MG,M,2026,21294,18241372000175
3143302,Montes Claros,0  ,SE,MG,M,2026,437601,22678874000135
3143401,Monte Sião,0  ,SE,MG,M,2026,25107,22646525000131
3143450,Montezuma,0  ,SE,MG,M,2026,6951,25223983000156
3143500,Morada Nova de Minas,0  ,SE,MG,M,2026,9414,18296665000150
3143609,Morro da Garça,0  ,SE,MG,M,2026,2426,17695040000106
3143708,Morro do Pilar,0  ,SE,MG,M,2026,3161,18303214000100
3143807,Munhoz,0  ,SE,MG,M,2026,7930,18675934000199
3143906,Muriaé,0  ,SE,MG,M,2026,108447,17947581000176
3144003,Mutum,0  ,SE,MG,M,2026,28749,18348086000103
3144102,Muzambinho,0  ,SE,MG,M,2026,22620,18668624000147
3144201,Nacip Raydan,0  ,SE,MG,M,2026,2400,18507079000107
3144300,Nanuque,0  ,SE,MG,M,2026,35263,18398974000130
3144359,Naque,0  ,SE,MG,M,2026,6443,01613208000149
3144375,Natalândia,0  ,SE,MG,M,2026,3642,01593752000176
3144409,Natércia,0  ,SE,MG,M,2026,4805,17935412000116
3144508,Nazareno,0  ,SE,MG,M,2026,8407,18557561000151
3144607,Nepomuceno,0  ,SE,MG,M,2026,25757,18244350000169
3144656,Ninheira,0  ,SE,MG,M,2026,10965,01612495000172
3144672,Nova Belém,0  ,SE,MG,M,2026,3126,01613169000180
3144706,Nova Era,0  ,SE,MG,M,2026,17813,16819831000120
3144805,Nova Lima,0  ,SE,MG,M,2026,120959,22934889000117
3144904,Nova Módica,0  ,SE,MG,M,2026,3726,18404939000187
3145000,Nova Ponte,0  ,SE,MG,M,2026,15220,18159905000174
3145059,Nova Porteirinha,0  ,SE,MG,M,2026,6746,01612499000150
3145109,Nova Resende,0  ,SE,MG,M,2026,16919,18187823000133
3145208,Nova Serrana,0  ,SE,MG,M,2026,114791,18291385000159
3145307,Novo Cruzeiro,0  ,SE,MG,M,2026,27268,18404889000138
3145356,Novo Oriente de Minas,0  ,SE,MG,M,2026,10503,01613373000109
3145372,Novorizonte,0  ,SE,MG,M,2026,4612,01616420000160
3145406,Olaria,0  ,SE,MG,M,2026,1986,18338202000103
3145455,Olhos-d'Água,0  ,SE,MG,M,2026,5530,01612547000100
3145505,Olímpio Noronha,0  ,SE,MG,M,2026,2618,18188276000100
3145604,Oliveira,0  ,SE,MG,M,2026,40576,16854531000181
3145703,Oliveira Fortes,0  ,SE,MG,M,2026,2058,17747957000107
3145802,Onça de Pitangui,0  ,SE,MG,M,2026,3024,18313858000171
3145851,Oratórios,0  ,SE,MG,M,2026,5102,01616836000188
3145877,Orizânia,0  ,SE,MG,M,2026,8828,01616271000139
3145901,Ouro Branco,0  ,SE,MG,M,2026,40638,18295329000192
3146008,Ouro Fino,0  ,SE,MG,M,2026,33285,18671271000134
3146107,Ouro Preto,0  ,SE,MG,M,2026,77914,18295295000136
3146206,Ouro Verde de Minas,0  ,SE,MG,M,2026,5847,18404947000123
3146255,Padre Carvalho,0  ,SE,MG,M,2026,5045,01612490000140
3146305,Padre Paraíso,0  ,SE,MG,M,2026,17463,18404764000108
3146404,Paineiras,0  ,SE,MG,M,2026,4253,18296673000104
3146503,Pains,0  ,SE,MG,M,2026,8353,20920575000130
3146552,Pai Pedro,0  ,SE,MG,M,2026,5616,01612479000180
3146602,Paiva,0  ,SE,MG,M,2026,1495,17747965000145
3146701,Palma,0  ,SE,MG,M,2026,5699,17734906000132
3146750,Palmópolis,0  ,SE,MG,M,2026,6342,66234345000118
3146909,Papagaios,0  ,SE,MG,M,2026,14202,18313866000118
3147006,Paracatu,0  ,SE,MG,M,2026,99005,18278051000145
3147105,Pará de Minas,0  ,SE,MG,M,2026,102844,18313817000185
3147204,Paraguaçu,0  ,SE,MG,M,2026,22452,18008193000192
3147303,Paraisópolis,0  ,SE,MG,M,2026,21076,18025965000102
3147402,Paraopeba,0  ,SE,MG,M,2026,24899,18116160000166
3147501,Passabém,0  ,SE,MG,M,2026,1609,18299511000111
3147600,Passa Quatro,0  ,SE,MG,M,2026,15847,23245806000145
3147709,Passa Tempo,0  ,SE,MG,M,2026,8716,18039503000136
3147808,Passa-Vinte,0  ,SE,MG,M,2026,2311,18338210000150
3147907,Passos,0  ,SE,MG,M,2026,116951,18241745000108
3147956,Patis,0  ,SE,MG,M,2026,4825,01612478000135
3148004,Patos de Minas,0  ,SE,MG,M,2026,169173,18602011000107
3148103,Patrocínio,0  ,SE,MG,M,2026,94357,18468033000126
3148202,Patrocínio do Muriaé,0  ,SE,MG,M,2026,5754,17947607000186
3148301,Paula Cândido,0  ,SE,MG,M,2026,8757,17763715000107
3148400,Paulistas,0  ,SE,MG,M,2026,4402,18307447000173
3148509,Pavão,0  ,SE,MG,M,2026,8143,18404772000154
3148608,Peçanha,0  ,SE,MG,M,2026,17863,18409227000150
3148707,Pedra Azul,0  ,SE,MG,M,2026,25045,18414565000180
3148756,Pedra Bonita,0  ,SE,MG,M,2026,7599,01640429000106
3148806,Pedra do Anta,0  ,SE,MG,M,2026,3366,18133439000158
3148905,Pedra do Indaiá,0  ,SE,MG,M,2026,4247,18308759000100
3149002,Pedra Dourada,0  ,SE,MG,M,2026,2916,18114215000107
3149101,Pedralva,0  ,SE,MG,M,2026,10891,18025973000140
3149150,Pedras de Maria da Cruz,0  ,SE,MG,M,2026,10601,25209156000108
3149200,Pedrinópolis,0  ,SE,MG,M,2026,3398,18140335000170
3149309,Pedro Leopoldo,0  ,SE,MG,M,2026,65174,23456650000141
3149408,Pedro Teixeira,0  ,SE,MG,M,2026,1857,18338228000151
3149507,Pequeri,0  ,SE,MG,M,2026,3461,17724360000139
3149606,Pequi,0  ,SE,MG,M,2026,4265,18313874000164
3149705,Perdigão,0  ,SE,MG,M,2026,13118,18301051000119
3149804,Perdizes,0  ,SE,MG,M,2026,17992,18140772000194
3149903,Perdões,0  ,SE,MG,M,2026,22075,18244343000167
3149952,Periquito,0  ,SE,MG,M,2026,6624,01613077000108
3150000,Pescador,0  ,SE,MG,M,2026,3559,18404962000171
3150109,Piau,0  ,SE,MG,M,2026,2854,18338236000106
3150158,Piedade de Caratinga,0  ,SE,MG,M,2026,8966,01613130000162
3150208,Piedade de Ponte Nova,0  ,SE,MG,M,2026,4054,18316257000112
3150307,Piedade do Rio Grande,0  ,SE,MG,M,2026,4694,18685438000116
3150406,Piedade dos Gerais,0  ,SE,MG,M,2026,5199,18363960000181
3150505,Pimenta,0  ,SE,MG,M,2026,8817,16725962000148
3150539,Pingo-d'Água,0  ,SE,MG,M,2026,4864,01613204000160
3150570,Pintópolis,0  ,SE,MG,M,2026,7228,01612481000159
3150604,Piracema,0  ,SE,MG,M,2026,6905,17980392000103
3150703,Pirajuba,0  ,SE,MG,M,2026,5814,18428847000137
3150802,Piranga,0  ,SE,MG,M,2026,17358,23515687000101
3150901,Piranguçu,0  ,SE,MG,M,2026,6320,18025981000197
3151008,Piranguinho,0  ,SE,MG,M,2026,9518,18192906000110
3151107,Pirapetinga,0  ,SE,MG,M,2026,11454,18092825000149
3151206,Pirapora,0  ,SE,MG,M,2026,57713,23539463000121
3151305,Piraúba,0  ,SE,MG,M,2026,12006,18554147000199
3151404,Pitangui,0  ,SE,MG,M,2026,27834,18315226000147
3151503,Piumhi,0  ,SE,MG,M,2026,38007,16781346000104
3151602,Planura,0  ,SE,MG,M,2026,11533,18449157000164
3151701,Poço Fundo,0  ,SE,MG,M,2026,16824,18242792000176
3151800,Poços de Caldas,0  ,SE,MG,M,2026,172339,18629840000183
3151909,Pocrane,0  ,SE,MG,M,2026,8438,18334318000174
3152006,Pompéu,0  ,SE,MG,M,2026,32441,18296681000142
3152105,Ponte Nova,0  ,SE,MG,M,2026,59638,23804149000129
3152131,Ponto Chique,0  ,SE,MG,M,2026,3797,01612500000147
3152170,Ponto dos Volantes,0  ,SE,MG,M,2026,11059,01613377000189
3152204,Porteirinha,0  ,SE,MG,M,2026,38692,18013326000119
3152303,Porto Firme,0  ,SE,MG,M,2026,10840,18567354000188
3152402,Poté,0  ,SE,MG,M,2026,13649,18404970000118
3152501,Pouso Alegre,0  ,SE,MG,M,2026,162133,18675983000121
3152600,Pouso Alto,0  ,SE,MG,M,2026,6779,18667212000192
3152709,Prados,0  ,SE,MG,M,2026,9369,18557538000167
3152808,Prata,0  ,SE,MG,M,2026,29745,18260505000150
3152907,Pratápolis,0  ,SE,MG,M,2026,8534,18241356000182
3153004,Pratinha,0  ,SE,MG,M,2026,3691,18585570000156
3153103,Presidente Bernardes,0  ,SE,MG,M,2026,4847,23515695000140
3153202,Presidente Juscelino,0  ,SE,MG,M,2026,3471,17695057000155
3153301,Presidente Kubitschek,0  ,SE,MG,M,2026,3162,17754185000122
3153400,Presidente Olegário,0  ,SE,MG,M,2026,19192,18602060000140
3153509,Alto Jequitibá,0  ,SE,MG,M,2026,8606,18392506000159
3153608,Prudente de Morais,0  ,SE,MG,M,2026,12052,18314625000193
3153707,Quartel Geral,0  ,SE,MG,M,2026,3232,18296699000144
3153806,Queluzito,0  ,SE,MG,M,2026,1796,19718410000109
3153905,Raposos,0  ,SE,MG,M,2026,16796,18312132000114
3154002,Raul Soares,0  ,SE,MG,M,2026,23874,18836965000184
3154101,Recreio,0  ,SE,MG,M,2026,11383,17735754000192
3154150,Reduto,0  ,SE,MG,M,2026,8246,01614977000161
3154200,Resende Costa,0  ,SE,MG,M,2026,11544,17749912000163
3154309,Resplendor,0  ,SE,MG,M,2026,17629,18413161000172
3154408,Ressaquinha,0  ,SE,MG,M,2026,4640,18094847000148
3154457,Riachinho,0  ,SE,MG,M,2026,6830,25222118000195
3154507,Riacho dos Machados,0  ,SE,MG,M,2026,8858,16925208000151
3154606,Ribeirão das Neves,0  ,SE,MG,M,2026,346971,18314609000109
3154705,Ribeirão Vermelho,0  ,SE,MG,M,2026,4217,18244087000108
3154804,Rio Acima,0  ,SE,MG,M,2026,10698,18312108000185
3154903,Rio Casca,0  ,SE,MG,M,2026,12851,18836957000138
3155009,Rio Doce,0  ,SE,MG,M,2026,2545,18316265000169
3155108,Rio do Prado,0  ,SE,MG,M,2026,4649,18349936000198
3155207,Rio Espera,0  ,SE,MG,M,2026,5447,24179665000172
3155306,Rio Manso,0  ,SE,MG,M,2026,5746,18363978000183
3155405,Rio Novo,0  ,SE,MG,M,2026,8683,18338244000144
3155504,Rio Paranaíba,0  ,SE,MG,M,2026,15297,18602045000100
3155603,Rio Pardo de Minas,0  ,SE,MG,M,2026,29103,24212862000146
3155702,Rio Piracicaba,0  ,SE,MG,M,2026,15036,18400945000166
3155801,Rio Pomba,0  ,SE,MG,M,2026,17885,17744434000107
3155900,Rio Preto,0  ,SE,MG,M,2026,5235,18338251000146
3156007,Rio Vermelho,0  ,SE,MG,M,2026,12770,18303255000199
3156106,Ritápolis,0  ,SE,MG,M,2026,5122,18557553000105
3156205,Rochedo de Minas,0  ,SE,MG,M,2026,2374,18558080000160
3156304,Rodeiro,0  ,SE,MG,M,2026,9168,18128256000144
3156403,Romaria,0  ,SE,MG,M,2026,3430,18160044000144
3156452,Rosário da Limeira,0  ,SE,MG,M,2026,4926,01616837000122
3156502,Rubelita,0  ,SE,MG,M,2026,5460,24363590000185
3156601,Rubim,0  ,SE,MG,M,2026,10602,18349944000134
3156700,Sabará,0  ,SE,MG,M,2026,134576,18715441000135
3156809,Sabinópolis,0  ,SE,MG,M,2026,14309,18307454000175
3156908,Sacramento,0  ,SE,MG,M,2026,28076,18140764000148
3157005,Salinas,0  ,SE,MG,M,2026,41736,24359333000170
3157104,Salto da Divisa,0  ,SE,MG,M,2026,6126,18347401000188
3157203,Santa Bárbara,0  ,SE,MG,M,2026,31916,19391945000100
3157252,Santa Bárbara do Leste,0  ,SE,MG,M,2026,8785,66229634000129
3157278,Santa Bárbara do Monte Verde,0  ,SE,MG,M,2026,3218,01611138000190
3157302,Santa Bárbara do Tugúrio,0  ,SE,MG,M,2026,4245,18094854000140
3157336,Santa Cruz de Minas,0  ,SE,MG,M,2026,8339,01615371000140
3157377,Santa Cruz de Salinas,0  ,SE,MG,M,2026,3919,01612497000161
3157401,Santa Cruz do Escalvado,0  ,SE,MG,M,2026,4728,18316273000105
3157500,Santa Efigênia de Minas,0  ,SE,MG,M,2026,4038,18307462000111
3157609,Santa Fé de Minas,0  ,SE,MG,M,2026,3528,18279075000119
3157658,Santa Helena de Minas,0  ,SE,MG,M,2026,6056,01613395000160
3157708,Santa Juliana,0  ,SE,MG,M,2026,16820,18140780000130
3157807,Santa Luzia,0  ,SE,MG,M,2026,230382,18715409000150
3157906,Santa Margarida,0  ,SE,MG,M,2026,16989,18385112000173
3158003,Santa Maria de Itabira,0  ,SE,MG,M,2026,10718,18299453000126
3158102,Santa Maria do Salto,0  ,SE,MG,M,2026,4777,18347419000180
3202504,Ibiraçu,0  ,SE,ES,M,2026,12304,27165208000117
3202553,Ibitirama,0  ,SE,ES,M,2026,10015,31726490000131
3202603,Iconha,0  ,SE,ES,M,2026,12790,27165646000185
3202652,Irupi,0  ,SE,ES,M,2026,14647,36403954000192
3202702,Itaguaçu,0  ,SE,ES,M,2026,14042,27167451000174
3202801,Itapemirim,0  ,SE,ES,M,2026,44020,27174168000170
3202900,Itarana,0  ,SE,ES,M,2026,10975,27104363000123
3203007,Iúna,0  ,SE,ES,M,2026,30556,27167394000123
3203056,Jaguaré,0  ,SE,ES,M,2026,31551,27744184000150
3203106,Jerônimo Monteiro,0  ,SE,ES,M,2026,12108,27165653000187
3203130,João Neiva,0  ,SE,ES,M,2026,14295,31776479000186
3203163,Laranja da Terra,0  ,SE,ES,M,2026,11597,31796097000114
3203205,Linhares,0  ,SE,ES,M,2026,183797,27167410000188
3203304,Mantenópolis,0  ,SE,ES,M,2026,13131,27167345000190
3203320,Marataízes,0  ,SE,ES,M,2026,45953,01609408000128
3203346,Marechal Floriano,0  ,SE,ES,M,2026,18964,39385927000122
3203353,Marilândia,0  ,SE,ES,M,2026,13087,27744176000104
3203403,Mimoso do Sul,0  ,SE,ES,M,2026,25088,27174119000137
3203502,Montanha,0  ,SE,ES,M,2026,19830,27174051000196
3203601,Mucurici,0  ,SE,ES,M,2026,5653,27174069000198
3203700,Muniz Freire,0  ,SE,ES,M,2026,18809,27165687000171
3203809,Muqui,0  ,SE,ES,M,2026,14185,27082403000183
3203908,Nova Venécia,0  ,SE,ES,M,2026,52324,27167428000180
3204005,Pancas,0  ,SE,ES,M,2026,19120,27174150000178
3204054,Pedro Canário,0  ,SE,ES,M,2026,21923,28539872000141
3204104,Pinheiros,0  ,SE,ES,M,2026,24843,27174085000180
3204203,Piúma,0  ,SE,ES,M,2026,23912,27165695000118
3204252,Ponto Belo,0  ,SE,ES,M,2026,6671,01614334000118
3204302,Presidente Kennedy,0  ,SE,ES,M,2026,14852,27165703000126
3204351,Rio Bananal,0  ,SE,ES,M,2026,20350,27744143000164
3204401,Rio Novo do Sul,0  ,SE,ES,M,2026,11471,27165711000172
3204500,Santa Leopoldina,0  ,SE,ES,M,2026,13813,27165521000155
3204559,Santa Maria de Jetibá,0  ,SE,ES,M,2026,45575,36388445000138
3204609,Santa Teresa,0  ,SE,ES,M,2026,23872,27167444000172
3204658,São Domingos do Norte,0  ,SE,ES,M,2026,9051,36350312000172
3204708,São Gabriel da Palha,0  ,SE,ES,M,2026,34272,27174143000176
3204807,São José do Calçado,0  ,SE,ES,M,2026,11411,27167402000131
3204906,São Mateus,0  ,SE,ES,M,2026,134423,27167477000112
3204955,São Roque do Canaã,0  ,SE,ES,M,2026,11256,01612865000171
3205002,Serra,0  ,SE,ES,M,2026,579720,27174093000127
3205010,Sooretama,0  ,SE,ES,M,2026,28668,01612155000141
3205036,Vargem Alta,0  ,SE,ES,M,2026,20390,31723570000133
3205069,Venda Nova do Imigrante,0  ,SE,ES,M,2026,25395,31723497000108
3205101,Viana,0  ,SE,ES,M,2026,79043,27165547000101
3205150,Vila Pavão,0  ,SE,ES,M,2026,9319,36350346000167
3205176,Vila Valério,0  ,SE,ES,M,2026,14267,01619232000195
3205200,Vila Velha,0  ,SE,ES,M,2026,506779,27165554000103
3205309,Vitória,1  ,SE,ES,M,2026,343378,27142058000126
3300100,Angra dos Reis,0  ,SE,RJ,M,2026,179142,29172467000109
3300159,Aperibé,0  ,SE,RJ,M,2026,11426,36288900000123
3300209,Araruama,0  ,SE,RJ,M,2026,137906,28531762000133
3300225,Areal,0  ,SE,RJ,M,2026,12239,39554605000160
3300233,Armação dos Búzios,0  ,SE,RJ,M,2026,42527,01616171000102
3300258,Arraial do Cabo,0  ,SE,RJ,M,2026,32822,27792373000107
3300308,Barra do Piraí,0  ,SE,RJ,M,2026,98506,28576080000147
3300407,Barra Mansa,0  ,SE,RJ,M,2026,181679,28695658000184
3300456,Belford Roxo,0  ,SE,RJ,M,2026,518384,39485438000142
3300506,Bom Jardim,0  ,SE,RJ,M,2026,29758,28561041000176
3300605,Bom Jesus do Itabapoana,0  ,SE,RJ,M,2026,37176,28812972000108
3300704,Cabo Frio,0  ,SE,RJ,M,2026,238438,28549483000105
3300803,Cachoeiras de Macacu,0  ,SE,RJ,M,2026,59861,29128766000138
3300902,Cambuci,0  ,SE,RJ,M,2026,15069,29111085000167
3300936,Carapebus,0  ,SE,RJ,M,2026,14329,01609497000102
3300951,Comendador Levy Gasparian,0  ,SE,RJ,M,2026,9048,39554597000151
3301009,Campos dos Goytacazes,0  ,SE,RJ,M,2026,519259,29116894000161
3301108,Cantagalo,0  ,SE,RJ,M,2026,19995,28645794000160
3301157,Cardoso Moreira,0  ,SE,RJ,M,2026,13407,39228739000190
3301207,Carmo,0  ,SE,RJ,M,2026,17741,29128741000134
3301306,Casimiro de Abreu,0  ,SE,RJ,M,2026,48636,29115458000178
3301405,Conceição de Macabu,0  ,SE,RJ,M,2026,21770,29115466000114
3301504,Cordeiro,0  ,SE,RJ,M,2026,21448,28614865000167
3301603,Duas Barras,0  ,SE,RJ,M,2026,11355,28564177000130
3301702,Duque de Caxias,0  ,SE,RJ,M,2026,866225,29138328000150
3301801,Engenheiro Paulo de Frontin,0  ,SE,RJ,M,2026,12644,29079480000100
3301850,Guapimirim,0  ,SE,RJ,M,2026,54311,39547500000183
3301876,Iguaba Grande,0  ,SE,RJ,M,2026,29616,01615882000162
3301900,Itaboraí,0  ,SE,RJ,M,2026,240127,28741080000155
3302007,Itaguaí,0  ,SE,RJ,M,2026,124021,29138302000102
3302056,Italva,0  ,SE,RJ,M,2026,14518,30417158000122
3302106,Itaocara,0  ,SE,RJ,M,2026,23645,28615557000156
3302205,Itaperuna,0  ,SE,RJ,M,2026,107297,28916716000152
3302254,Itatiaia,0  ,SE,RJ,M,2026,32713,31846892000170
3302270,Japeri,0  ,SE,RJ,M,2026,102171,39485396000140
3302304,Laje do Muriaé,0  ,SE,RJ,M,2026,7584,28919637000103
3302403,Macaé,0  ,SE,RJ,M,2026,264439,29115474000160
3302452,Macuco,0  ,SE,RJ,M,2026,5602,01617237000189
3302502,Magé,0  ,SE,RJ,M,2026,244142,29138351000145
3302601,Mangaratiba,0  ,SE,RJ,M,2026,43660,29138310000159
3302700,Maricá,0  ,SE,RJ,M,2026,212470,29131075000193
3302809,Mendes,0  ,SE,RJ,M,2026,18048,28580694000100
3302858,Mesquita,0  ,SE,RJ,M,2026,178830,04132090000125
3302908,Miguel Pereira,0  ,SE,RJ,M,2026,28142,32415283000129
3303005,Miracema,0  ,SE,RJ,M,2026,28416,29114121000146
3303104,Natividade,0  ,SE,RJ,M,2026,15551,28920304000196
3303203,Nilópolis,0  ,SE,RJ,M,2026,155500,29138286000158
3303302,Niterói,0  ,SE,RJ,M,2026,516787,28521748000159
3303401,Nova Friburgo,0  ,SE,RJ,M,2026,203417,28606630000123
3303500,Nova Iguaçu,0  ,SE,RJ,M,2026,843220,29138278000101
3303609,Paracambi,0  ,SE,RJ,M,2026,43627,29138294000102
3303708,Paraíba do Sul,0  ,SE,RJ,M,2026,44479,29138385000130
3303807,Paraty,0  ,SE,RJ,M,2026,47668,29172475000147
3303856,Paty do Alferes,0  ,SE,RJ,M,2026,31370,31844889000117
3303906,Petrópolis,0  ,SE,RJ,M,2026,294926,29138344000143
3303955,Pinheiral,0  ,SE,RJ,M,2026,25096,01612981000190
3304003,Piraí,0  ,SE,RJ,M,2026,29066,29141322000132
3304102,Porciúncula,0  ,SE,RJ,M,2026,17832,28920999000106
3304110,Porto Real,0  ,SE,RJ,M,2026,21089,01612355000102
4103701,Cambé,0  ,SU,PR,M,2026,110923,75732057000184
4103800,Cambira,0  ,SU,PR,M,2026,10045,75771287000152
4103909,Campina da Lagoa,0  ,SU,PR,M,2026,16014,76950070000172
4103958,Campina do Simão,0  ,SU,PR,M,2026,3954,01611489000109
4104006,Campina Grande do Sul,0  ,SU,PR,M,2026,50600,76105600000186
4104055,Campo Bonito,0  ,SU,PR,M,2026,3997,80869621000145
4104105,Campo do Tenente,0  ,SU,PR,M,2026,7693,76002658000102
4104204,Campo Largo,0  ,SU,PR,M,2026,144504,76105618000188
4104253,Campo Magro,0  ,SU,PR,M,2026,31888,01607539000176
4104303,Campo Mourão,0  ,SU,PR,M,2026,104122,75904524000106
4104402,Cândido de Abreu,0  ,SU,PR,M,2026,15081,76175926000180
4104428,Candói,0  ,SU,PR,M,2026,15174,95684478000194
4104451,Cantagalo,0  ,SU,PR,M,2026,10672,78279981000145
4104501,Capanema,0  ,SU,PR,M,2026,21088,75972760000160
4104600,Capitão Leônidas Marques,0  ,SU,PR,M,2026,14776,76208834000159
4104659,Carambeí,0  ,SU,PR,M,2026,24469,01613765000160
4104709,Carlópolis,0  ,SU,PR,M,2026,17788,76965789000187
4104808,Cascavel,0  ,SU,PR,M,2026,368195,76208867000107
4104907,Castro,0  ,SU,PR,M,2026,75644,77001311000108
4105003,Catanduvas,0  ,SU,PR,M,2026,10621,76208842000103
4105102,Centenário do Sul,0  ,SU,PR,M,2026,10903,75845503000167
4105201,Cerro Azul,0  ,SU,PR,M,2026,16287,76105626000124
4105300,Céu Azul,0  ,SU,PR,M,2026,11255,76206473000101
4105409,Chopinzinho,0  ,SU,PR,M,2026,21604,76995414000160
4105508,Cianorte,0  ,SU,PR,M,2026,82988,76309806000128
4105607,Cidade Gaúcha,0  ,SU,PR,M,2026,11705,75377200000167
4105706,Clevelândia,0  ,SU,PR,M,2026,14833,76161199000100
4105805,Colombo,0  ,SU,PR,M,2026,241672,76105634000170
4105904,Colorado,0  ,SU,PR,M,2026,23313,76970326000103
4106001,Congonhinhas,0  ,SU,PR,M,2026,8445,75825828000188
4106100,Conselheiro Mairinck,0  ,SU,PR,M,2026,3474,75968412000119
4106209,Contenda,0  ,SU,PR,M,2026,20006,76105519000104
4106308,Corbélia,0  ,SU,PR,M,2026,17933,76208826000102
4106407,Cornélio Procópio,0  ,SU,PR,M,2026,45720,76331941000170
4106456,Coronel Domingos Soares,0  ,SU,PR,M,2026,5427,01614415000118
4106506,Coronel Vivida,0  ,SU,PR,M,2026,24010,76995455000156
4106555,Corumbataí do Sul,0  ,SU,PR,M,2026,3770,80888662000189
4106571,Cruzeiro do Iguaçu,0  ,SU,PR,M,2026,4129,95589230000144
4106605,Cruzeiro do Oeste,0  ,SU,PR,M,2026,24859,76381854000127
4106704,Cruzeiro do Sul,0  ,SU,PR,M,2026,4543,75731034000155
4106803,Cruz Machado,0  ,SU,PR,M,2026,15759,76339688000109
4106852,Cruzmaltina,0  ,SU,PR,M,2026,2870,01615393000100
4106902,Curitiba,1  ,SU,PR,M,2026,1830795,76417005000186
4107009,Curiúva,0  ,SU,PR,M,2026,13784,76167725000130
4107108,Diamante do Norte,0  ,SU,PR,M,2026,5139,76972082000106
4107124,Diamante do Sul,0  ,SU,PR,M,2026,3147,95595120000195
4107157,Diamante D'Oeste,0  ,SU,PR,M,2026,4513,77817476000144
4107207,Dois Vizinhos,0  ,SU,PR,M,2026,47589,76205640000108
4107256,Douradina,0  ,SU,PR,M,2026,9631,78200110000194
4107306,Doutor Camargo,0  ,SU,PR,M,2026,6517,76282714000100
4107405,Enéas Marques,0  ,SU,PR,M,2026,6146,76205657000157
4107504,Engenheiro Beltrão,0  ,SU,PR,M,2026,12347,76950039000131
4107520,Esperança Nova,0  ,SU,PR,M,2026,1852,01612269000191
4107538,Entre Rios do Oeste,0  ,SU,PR,M,2026,4770,95719449000110
4107546,Espigão Alto do Iguaçu,0  ,SU,PR,M,2026,4880,01612634000168
4107553,Farol,0  ,SU,PR,M,2026,2994,95640124000148
4107603,Faxinal,0  ,SU,PR,M,2026,16596,75771295000107
4107652,Fazenda Rio Grande,0  ,SU,PR,M,2026,165943,95422986000102
4107702,Fênix,0  ,SU,PR,M,2026,4488,76950021000130
4107736,Fernandes Pinheiro,0  ,SU,PR,M,2026,6400,01619323000120
4107751,Figueira,0  ,SU,PR,M,2026,8129,78063732000118
4107801,Floraí,0  ,SU,PR,M,2026,4805,75731000000160
4107850,Flor da Serra do Sul,0  ,SU,PR,M,2026,4342,95589271000130
4107900,Floresta,0  ,SU,PR,M,2026,11522,76282706000155
4108007,Florestópolis,0  ,SU,PR,M,2026,11653,75845495000159
4108106,Flórida,0  ,SU,PR,M,2026,2711,75772400000114
4108205,Formosa do Oeste,0  ,SU,PR,M,2026,7763,76208495000100
4108304,Foz do Iguaçu,0  ,SU,PR,M,2026,297352,76206606000140
4108320,Francisco Alves,0  ,SU,PR,M,2026,8573,77356665000167
4108403,Francisco Beltrão,0  ,SU,PR,M,2026,102312,77816510000166
4108452,Foz do Jordão,0  ,SU,PR,M,2026,4893,01603719000180
4108502,General Carneiro,0  ,SU,PR,M,2026,10691,75687681000107
4108551,Godoy Moreira,0  ,SU,PR,M,2026,2911,81392656000107
4108601,Goioerê,0  ,SU,PR,M,2026,28931,78198975000163
4108650,Goioxim,0  ,SU,PR,M,2026,6469,01607627000178
4108700,Grandes Rios,0  ,SU,PR,M,2026,5527,75741348000139
4108809,Guaíra,0  ,SU,PR,M,2026,33058,77857183000190
4108908,Guairaçá,0  ,SU,PR,M,2026,6762,76238443000187
4108957,Guamiranga,0  ,SU,PR,M,2026,7916,01616255000146
4109005,Guapirama,0  ,SU,PR,M,2026,4857,75443812000100
4109104,Guaporema,0  ,SU,PR,M,2026,2210,75378844000170
4109203,Guaraci,0  ,SU,PR,M,2026,4743,75845537000151
4109302,Guaraniaçu,0  ,SU,PR,M,2026,13770,76208818000166
4109401,Guarapuava,0  ,SU,PR,M,2026,189630,76178037000176
4109500,Guaraqueçaba,0  ,SU,PR,M,2026,7446,76022508000152
4109609,Guaratuba,0  ,SU,PR,M,2026,44913,76017474000108
4109658,Honório Serpa,0  ,SU,PR,M,2026,4803,95585444000142
4109708,Ibaiti,0  ,SU,PR,M,2026,29464,77008068000141
4109757,Ibema,0  ,SU,PR,M,2026,6343,80881931000185
4109807,Ibiporã,0  ,SU,PR,M,2026,53276,76244961000103
4109906,Icaraíma,0  ,SU,PR,M,2026,9149,76247337000160
4110003,Iguaraçu,0  ,SU,PR,M,2026,5693,75772525000144
4110052,Iguatu,0  ,SU,PR,M,2026,2156,95595013000167
4110078,Imbaú,0  ,SU,PR,M,2026,15068,01613770000172
4110102,Imbituva,0  ,SU,PR,M,2026,30849,76175892000123
4110201,Inácio Martins,0  ,SU,PR,M,2026,9555,76178029000120
4110300,Inajá,0  ,SU,PR,M,2026,2481,76970318000167
4110409,Indianópolis,0  ,SU,PR,M,2026,4544,75798355000177
4110508,Ipiranga,0  ,SU,PR,M,2026,14317,76175934000126
4110607,Iporã,0  ,SU,PR,M,2026,16102,75738484000170
4110656,Iracema do Oeste,0  ,SU,PR,M,2026,2328,95583555000110
4110706,Irati,0  ,SU,PR,M,2026,61004,75654574000182
4110805,Iretama,0  ,SU,PR,M,2026,10832,76950088000174
4110904,Itaguajé,0  ,SU,PR,M,2026,4530,76970359000153
4110953,Itaipulândia,0  ,SU,PR,M,2026,12116,95725057000164
4111001,Itambaracá,0  ,SU,PR,M,2026,5819,76235738000108
4111100,Itambé,0  ,SU,PR,M,2026,6228,76282698000147
4111209,Itapejara d'Oeste,0  ,SU,PR,M,2026,12869,76995430000152
4111258,Itaperuçu,0  ,SU,PR,M,2026,33310,95422846000126
4111308,Itaúna do Sul,0  ,SU,PR,M,2026,3607,75458836000133
4111407,Ivaí,0  ,SU,PR,M,2026,13476,76175918000133
4111506,Ivaiporã,0  ,SU,PR,M,2026,33566,75741330000137
4111555,Ivaté,0  ,SU,PR,M,2026,6788,95640553000115
4111605,Ivatuba,0  ,SU,PR,M,2026,2685,76285337000154
4111704,Jaboti,0  ,SU,PR,M,2026,5655,75969667000104
4111803,Jacarezinho,0  ,SU,PR,M,2026,41493,76966860000146
4111902,Jaguapitã,0  ,SU,PR,M,2026,15908,75457341000190
4112009,Jaguariaíva,0  ,SU,PR,M,2026,36384,76910900000138
4112108,Jandaia do Sul,0  ,SU,PR,M,2026,21930,75771204000125
4112207,Janiópolis,0  ,SU,PR,M,2026,5807,76402882000183
4112306,Japira,0  ,SU,PR,M,2026,5054,75969881000152
4112405,Japurá,0  ,SU,PR,M,2026,9393,75788349000139
4112504,Jardim Alegre,0  ,SU,PR,M,2026,12138,75741363000187
4112603,Jardim Olinda,0  ,SU,PR,M,2026,1349,76970383000192
4112702,Jataizinho,0  ,SU,PR,M,2026,11996,76245042000154
4112751,Jesuítas,0  ,SU,PR,M,2026,10954,77398154000108
4112801,Joaquim Távora,0  ,SU,PR,M,2026,12341,76966845000106
4112900,Jundiaí do Sul,0  ,SU,PR,M,2026,3372,76408061000154
4112959,Juranda,0  ,SU,PR,M,2026,7899,78196755000109
4113007,Jussara,0  ,SU,PR,M,2026,6786,75789552000120
4113106,Kaloré,0  ,SU,PR,M,2026,4666,75771238000110
4113205,Lapa,0  ,SU,PR,M,2026,45878,76020452000105
4113254,Laranjal,0  ,SU,PR,M,2026,5525,95684536000180
4113304,Laranjeiras do Sul,0  ,SU,PR,M,2026,33179,76205970000195
4113403,Leópolis,0  ,SU,PR,M,2026,3725,75388850000108
4113429,Lidianópolis,0  ,SU,PR,M,2026,3987,95680831000168
4113452,Lindoeste,0  ,SU,PR,M,2026,5217,80881915000192
4113502,Loanda,0  ,SU,PR,M,2026,23966,76972074000151
4113601,Lobato,0  ,SU,PR,M,2026,4707,76970367000108
4113700,Londrina,0  ,SU,PR,M,2026,581382,75771477000170
4113734,Luiziana,0  ,SU,PR,M,2026,6659,80888688000127
4113759,Lunardelli,0  ,SU,PR,M,2026,4864,78600491000107
4113809,Lupionópolis,0  ,SU,PR,M,2026,4929,75845511000103
4113908,Mallet,0  ,SU,PR,M,2026,13681,75654566000136
4114005,Mamborê,0  ,SU,PR,M,2026,13551,75368928000122
4114104,Mandaguaçu,0  ,SU,PR,M,2026,34521,76285329000108
4114203,Mandaguari,0  ,SU,PR,M,2026,38313,76285345000109
4114302,Mandirituba,0  ,SU,PR,M,2026,29104,76105550000137
4114351,Manfrinópolis,0  ,SU,PR,M,2026,2790,01614343000109
4114401,Mangueirinha,0  ,SU,PR,M,2026,16737,77774867000129
4114500,Manoel Ribas,0  ,SU,PR,M,2026,14675,75740811000128
4114609,Marechal Cândido Rondon,0  ,SU,PR,M,2026,58734,76205814000124
4114708,Maria Helena,0  ,SU,PR,M,2026,5926,76247386000100
4114807,Marialva,0  ,SU,PR,M,2026,44749,76282680000145
4114906,Marilândia do Sul,0  ,SU,PR,M,2026,8761,75771303000107
4115002,Marilena,0  ,SU,PR,M,2026,7450,75971010000173
4115101,Mariluz,0  ,SU,PR,M,2026,9910,76404136000129
4115200,Maringá,0  ,SU,PR,M,2026,429660,76282656000106
4115309,Mariópolis,0  ,SU,PR,M,2026,6506,76995323000124
4115358,Maripá,0  ,SU,PR,M,2026,6824,95583571000102
4115408,Marmeleiro,0  ,SU,PR,M,2026,16605,76205665000101
4115457,Marquinho,0  ,SU,PR,M,2026,4491,01612552000113
4115507,Marumbi,0  ,SU,PR,M,2026,4780,75771246000166
4115606,Matelândia,0  ,SU,PR,M,2026,19223,76206465000165
4115705,Matinhos,0  ,SU,PR,M,2026,42063,76017466000161
4115739,Mato Rico,0  ,SU,PR,M,2026,3249,95684510000131
4115754,Mauá da Serra,0  ,SU,PR,M,2026,9689,95548400000142
4115804,Medianeira,0  ,SU,PR,M,2026,57910,76206481000158
4115853,Mercedes,0  ,SU,PR,M,2026,6194,95719373000123
4115903,Mirador,0  ,SU,PR,M,2026,2248,75475442000193
4116000,Miraselva,0  ,SU,PR,M,2026,2017,75845529000105
4116059,Missal,0  ,SU,PR,M,2026,11423,78101847000150
4116109,Moreira Sales,0  ,SU,PR,M,2026,11043,76217025000103
4116208,Morretes,0  ,SU,PR,M,2026,19089,76022490000199
4116307,Munhoz de Melo,0  ,SU,PR,M,2026,4057,75352062000161
4116406,Nossa Senhora das Graças,0  ,SU,PR,M,2026,3669,76970300000165
4116505,Nova Aliança do Ivaí,0  ,SU,PR,M,2026,1322,76413061000142
4116604,Nova América da Colina,0  ,SU,PR,M,2026,3286,75827204000108
4116703,Nova Aurora,0  ,SU,PR,M,2026,14331,76208859000152
4116802,Nova Cantu,0  ,SU,PR,M,2026,6739,77845394000103
4116901,Nova Esperança,0  ,SU,PR,M,2026,27142,75730994000109
4116950,Nova Esperança do Sudoeste,0  ,SU,PR,M,2026,5783,95589289000132
4117008,Nova Fátima,0  ,SU,PR,M,2026,7140,75828418000190
4117057,Nova Laranjeiras,0  ,SU,PR,M,2026,12298,95587648000112
4117107,Nova Londrina,0  ,SU,PR,M,2026,13074,81044984000104
4117206,Nova Olímpia,0  ,SU,PR,M,2026,5982,75799577000104
4117214,Nova Santa Bárbara,0  ,SU,PR,M,2026,4308,95561080000160
4117222,Nova Santa Rosa,0  ,SU,PR,M,2026,8581,77116663000109
4117255,Nova Prata do Iguaçu,0  ,SU,PR,M,2026,13340,78103884000105
4117271,Nova Tebas,0  ,SU,PR,M,2026,6852,80620172000105
4117297,Novo Itacolomi,0  ,SU,PR,M,2026,3227,95639472000103
4117305,Ortigueira,0  ,SU,PR,M,2026,24706,77721363000140
4117404,Ourizona,0  ,SU,PR,M,2026,3193,76282672000107
4117453,Ouro Verde do Oeste,0  ,SU,PR,M,2026,7102,80880107000100
4117503,Paiçandu,0  ,SU,PR,M,2026,48695,76282664000152
4117602,Palmas,0  ,SU,PR,M,2026,50238,76161181000108
4117701,Palmeira,0  ,SU,PR,M,2026,34948,76179829000165
4117800,Palmital,0  ,SU,PR,M,2026,12879,75680025000182
4117909,Palotina,0  ,SU,PR,M,2026,37039,76208487000164
4118006,Paraíso do Norte,0  ,SU,PR,M,2026,13728,75476556000158
4118105,Paranacity,0  ,SU,PR,M,2026,9549,76970334000150
4118204,Paranaguá,0  ,SU,PR,M,2026,150104,76017458000115
4118303,Paranapoema,0  ,SU,PR,M,2026,2352,76970391000139
4118402,Paranavaí,0  ,SU,PR,M,2026,96209,76977768000181
4118451,Pato Bragado,0  ,SU,PR,M,2026,6004,95719472000105
4118501,Pato Branco,0  ,SU,PR,M,2026,97821,76995448000154
4118600,Paula Freitas,0  ,SU,PR,M,2026,5706,75687954000113
4118709,Paulo Frontin,0  ,SU,PR,M,2026,6414,77007474000190
4118808,Peabiru,0  ,SU,PR,M,2026,13494,75370148000117
4118857,Perobal,0  ,SU,PR,M,2026,7599,01612444000140
4118907,Pérola,0  ,SU,PR,M,2026,12389,81478133000170
4119004,Pérola d'Oeste,0  ,SU,PR,M,2026,6218,75924290000169
4119103,Piên,0  ,SU,PR,M,2026,14409,76002666000140
4119152,Pinhais,0  ,SU,PR,M,2026,131255,95423000000100
4119202,Pinhalão,0  ,SU,PR,M,2026,6676,76167717000194
4119251,Pinhal de São Bento,0  ,SU,PR,M,2026,2805,95590832000111
4119301,Pinhão,0  ,SU,PR,M,2026,30451,76178011000128
4119400,Piraí do Sul,0  ,SU,PR,M,2026,23977,77001329000100
4119509,Piraquara,0  ,SU,PR,M,2026,127433,76105675000167
4119608,Pitanga,0  ,SU,PR,M,2026,34527,76172907000108
4119657,Pitangueiras,0  ,SU,PR,M,2026,3141,95543427000142
4119707,Planaltina do Paraná,0  ,SU,PR,M,2026,4125,75461442000134
4119806,Planalto,0  ,SU,PR,M,2026,14722,76460526000116
4119905,Ponta Grossa,0  ,SU,PR,M,2026,375632,76175884000187
4119954,Pontal do Paraná,0  ,SU,PR,M,2026,33131,01609843000152
4120002,Porecatu,0  ,SU,PR,M,2026,11271,80542764000148
4120101,Porto Amazonas,0  ,SU,PR,M,2026,4072,76179837000101
4120150,Porto Barreiro,0  ,SU,PR,M,2026,3057,01591618000136
4120200,Porto Rico,0  ,SU,PR,M,2026,3370,75461970000193
4120309,Porto Vitória,0  ,SU,PR,M,2026,3515,75688366000102
4120333,Prado Ferreira,0  ,SU,PR,M,2026,3816,01613136000130
4120358,Pranchita,0  ,SU,PR,M,2026,5831,78113834000109
4120408,Presidente Castelo Branco,0  ,SU,PR,M,2026,4304,76279959000170
4120507,Primeiro de Maio,0  ,SU,PR,M,2026,10064,76245059000101
4120606,Prudentópolis,0  ,SU,PR,M,2026,50946,77003424000134
4120655,Quarto Centenário,0  ,SU,PR,M,2026,4127,01619104000141
4120705,Quatiguá,0  ,SU,PR,M,2026,8426,76966852000108
4120804,Quatro Barras,0  ,SU,PR,M,2026,25397,76105568000139
4120853,Quatro Pontes,0  ,SU,PR,M,2026,4672,95719381000170
4120903,Quedas do Iguaçu,0  ,SU,PR,M,2026,31423,76205962000149
4121000,Querência do Norte,0  ,SU,PR,M,2026,10625,76973692000116
4121109,Quinta do Sol,0  ,SU,PR,M,2026,5052,76950047000188
4121208,Quitandinha,0  ,SU,PR,M,2026,18882,76002674000197
4121257,Ramilândia,0  ,SU,PR,M,2026,4279,95725024000114
4121307,Rancho Alegre,0  ,SU,PR,M,2026,3472,75829416000116
4121356,Rancho Alegre D'Oeste,0  ,SU,PR,M,2026,2623,95640132000194
4121406,Realeza,0  ,SU,PR,M,2026,20097,76205673000140
4121505,Rebouças,0  ,SU,PR,M,2026,14825,77774859000182
4121604,Renascença,0  ,SU,PR,M,2026,6945,76205681000196
4121703,Reserva,0  ,SU,PR,M,2026,24878,76169879000161
4121752,Reserva do Iguaçu,0  ,SU,PR,M,2026,6493,01612911000132
4121802,Ribeirão Claro,0  ,SU,PR,M,2026,12856,75449579000173
4121901,Ribeirão do Pinhal,0  ,SU,PR,M,2026,13158,76968064000142
4122008,Rio Azul,0  ,SU,PR,M,2026,14174,75963256000101
4122107,Rio Bom,0  ,SU,PR,M,2026,3214,75771212000171
4122156,Rio Bonito do Iguaçu,0  ,SU,PR,M,2026,14297,95587770000199
4122172,Rio Branco do Ivaí,0  ,SU,PR,M,2026,3841,01612413000190
4122206,Rio Branco do Sul,0  ,SU,PR,M,2026,40308,76105576000185
4122305,Rio Negro,0  ,SU,PR,M,2026,31951,76002641000147
4122404,Rolândia,0  ,SU,PR,M,2026,75818,76288760000108
4122503,Roncador,0  ,SU,PR,M,2026,11339,75371401000157
4122602,Rondon,0  ,SU,PR,M,2026,9255,75380071000166
4122651,Rosário do Ivaí,0  ,SU,PR,M,2026,5484,80059264000150
4122701,Sabáudia,0  ,SU,PR,M,2026,9511,76958974000144
4122800,Salgado Filho,0  ,SU,PR,M,2026,4090,76205699000198
4122909,Salto do Itararé,0  ,SU,PR,M,2026,5214,76920834000187
4123006,Salto do Lontra,0  ,SU,PR,M,2026,15706,76205707000104
4123105,Santa Amélia,0  ,SU,PR,M,2026,3358,76235746000146
4123204,Santa Cecília do Pavão,0  ,SU,PR,M,2026,3357,76290691000177
4123303,Santa Cruz de Monte Castelo,0  ,SU,PR,M,2026,8840,75462820000102
4123402,Santa Fé,0  ,SU,PR,M,2026,11730,76291418000167
4123501,Santa Helena,0  ,SU,PR,M,2026,26461,76206457000119
4123600,Santa Inês,0  ,SU,PR,M,2026,1745,78092293000171
4123709,Santa Isabel do Ivaí,0  ,SU,PR,M,2026,9043,76974823000180
4123808,Santa Izabel do Oeste,0  ,SU,PR,M,2026,14462,76205715000142
4123824,Santa Lúcia,0  ,SU,PR,M,2026,3638,95594776000193
4123857,Santa Maria do Oeste,0  ,SU,PR,M,2026,9869,95684544000126
4123907,Santa Mariana,0  ,SU,PR,M,2026,10941,75392019000120
4123956,Santa Mônica,0  ,SU,PR,M,2026,3361,95641916000137
4124004,Santana do Itararé,0  ,SU,PR,M,2026,5646,76920826000130
4124020,Santa Tereza do Oeste,0  ,SU,PR,M,2026,13938,80882095000153
4124053,Santa Terezinha de Itaipu,0  ,SU,PR,M,2026,25300,75425314000135
4124103,Santo Antônio da Platina,0  ,SU,PR,M,2026,45628,76968627000100
4124202,Santo Antônio do Caiuá,0  ,SU,PR,M,2026,2474,75483230000158
4124301,Santo Antônio do Paraíso,0  ,SU,PR,M,2026,2088,75832170000131
4124400,Santo Antônio do Sudoeste,0  ,SU,PR,M,2026,24980,75927582000155
4124509,Santo Inácio,0  ,SU,PR,M,2026,6463,76970375000146
4124608,São Carlos do Ivaí,0  ,SU,PR,M,2026,6727,75498576000120
4124707,São Jerônimo da Serra,0  ,SU,PR,M,2026,10884,76290683000120
4124806,São João,0  ,SU,PR,M,2026,12297,76995422000106
4124905,São João do Caiuá,0  ,SU,PR,M,2026,5607,76238435000130
4125001,São João do Ivaí,0  ,SU,PR,M,2026,10639,75741355000130
4125100,São João do Triunfo,0  ,SU,PR,M,2026,13899,75193516000107
4125209,São Jorge d'Oeste,0  ,SU,PR,M,2026,9587,76995380000103
4125308,São Jorge do Ivaí,0  ,SU,PR,M,2026,5170,76282649000104
4125357,São Jorge do Patrocínio,0  ,SU,PR,M,2026,6690,77870475000163
4125407,São José da Boa Vista,0  ,SU,PR,M,2026,6023,76920818000194
4125456,São José das Palmeiras,0  ,SU,PR,M,2026,4031,77819605000133
4125506,São José dos Pinhais,0  ,SU,PR,M,2026,349880,76105543000135
4125555,São Manoel do Paraná,0  ,SU,PR,M,2026,2176,80909617000163
4125605,São Mateus do Sul,0  ,SU,PR,M,2026,43490,76021450000122
4125704,São Miguel do Iguaçu,0  ,SU,PR,M,2026,30416,76206499000150
4125753,São Pedro do Iguaçu,0  ,SU,PR,M,2026,5730,95583597000150
4125803,São Pedro do Ivaí,0  ,SU,PR,M,2026,8514,75771311000153
4125902,São Pedro do Paraná,0  ,SU,PR,M,2026,2726,76975259000110
4126009,São Sebastião da Amoreira,0  ,SU,PR,M,2026,8063,76290659000191
4126108,São Tomé,0  ,SU,PR,M,2026,5282,75381178000129
4126207,Sapopema,0  ,SU,PR,M,2026,6778,76167733000187
4126256,Sarandi,0  ,SU,PR,M,2026,128106,78200482000110
4126272,Saudade do Iguaçu,0  ,SU,PR,M,2026,6413,95585477000192
4126306,Sengés,0  ,SU,PR,M,2026,17256,76911676000107
4126355,Serranópolis do Iguaçu,0  ,SU,PR,M,2026,5161,01613052000104
4126405,Sertaneja,0  ,SU,PR,M,2026,5654,75393082000180
4126504,Sertanópolis,0  ,SU,PR,M,2026,16210,76245034000108
4126603,Siqueira Campos,0  ,SU,PR,M,2026,24031,76919083000189
4126652,Sulina,0  ,SU,PR,M,2026,3498,80869886000143
4126678,Tamarana,0  ,SU,PR,M,2026,10540,01613167000190
4126702,Tamboara,0  ,SU,PR,M,2026,4986,76978519000100
4126801,Tapejara,0  ,SU,PR,M,2026,16326,76247345000106
4126900,Tapira,0  ,SU,PR,M,2026,5807,75801738000157
4127007,Teixeira Soares,0  ,SU,PR,M,2026,9540,75963850000194
4127106,Telêmaco Borba,0  ,SU,PR,M,2026,77479,76170240000104
4127205,Terra Boa,0  ,SU,PR,M,2026,18168,75793786000140
4127304,Terra Rica,0  ,SU,PR,M,2026,14961,76978881000181
4127403,Terra Roxa,0  ,SU,PR,M,2026,18636,75587204000170
4127502,Tibagi,0  ,SU,PR,M,2026,20374,76170257000153
4127601,Tijucas do Sul,0  ,SU,PR,M,2026,18458,76105584000121
4127700,Toledo,0  ,SU,PR,M,2026,160701,76205806000188
4127809,Tomazina,0  ,SU,PR,M,2026,8523,75697094000107
4127858,Três Barras do Paraná,0  ,SU,PR,M,2026,11157,78121936000168
4127882,Tunas do Paraná,0  ,SU,PR,M,2026,6304,68703834000105
4127908,Tuneiras do Oeste,0  ,SU,PR,M,2026,8067,76247329000113
4127957,Tupãssi,0  ,SU,PR,M,2026,8208,77877116000138
4127965,Turvo,0  ,SU,PR,M,2026,14101,78279973000107
4128005,Ubiratã,0  ,SU,PR,M,2026,25732,76950096000110
4128104,Umuarama,0  ,SU,PR,M,2026,123059,76247378000156
4128203,União da Vitória,0  ,SU,PR,M,2026,56560,75967760000171
4128302,Uniflor,0  ,SU,PR,M,2026,2106,76279975000162
4128401,Uraí,0  ,SU,PR,M,2026,10308,75424507000171
4128500,Wenceslau Braz,0  ,SU,PR,M,2026,19398,76920800000192
4128534,Ventania,0  ,SU,PR,M,2026,9760,95685798000169
4128559,Vera Cruz do Oeste,0  ,SU,PR,M,2026,8178,78101821000101
4128609,Verê,0  ,SU,PR,M,2026,8077,75636530000120
4128625,Alto Paraíso,0  ,SU,PR,M,2026,3067,95640736000130
4128633,Doutor Ulysses,0  ,SU,PR,M,2026,5744,95422911000113
4128658,Virmond,0  ,SU,PR,M,2026,3828,95587622000174
4128708,Vitorino,0  ,SU,PR,M,2026,10549,76995463000100
4128807,Xambrê,0  ,SU,PR,M,2026,5835,76247360000154
4200051,Abdon Batista,0  ,SU,SC,M,2026,2629,78511052000110
4200101,Abelardo Luz,0  ,SU,SC,M,2026,17767,83009886000161
4200200,Agrolândia,0  ,SU,SC,M,2026,11646,83102582000144
4200309,Agronômica,0  ,SU,SC,M,2026,6511,83102590000190
4200408,Água Doce,0  ,SU,SC,M,2026,6587,82939398000190
4200507,Águas de Chapecó,0  ,SU,SC,M,2026,6123,82804212000196
4200556,Águas Frias,0  ,SU,SC,M,2026,3000,95990180000102
4200606,Águas Mornas,0  ,SU,SC,M,2026,7193,82892266000150
4200705,Alfredo Wagner,0  ,SU,SC,M,2026,10963,83102608000154
4200754,Alto Bela Vista,0  ,SU,SC,M,2026,1847,01614374000160
4200804,Anchieta,0  ,SU,SC,M,2026,5955,83024687000122
4200903,Angelina,0  ,SU,SC,M,2026,5484,82951195000110
4201000,Anita Garibaldi,0  ,SU,SC,M,2026,8339,82777335000185
4201109,Anitápolis,0  ,SU,SC,M,2026,3761,82892332000192
4201208,Antônio Carlos,0  ,SU,SC,M,2026,12464,82892290000190
4201257,Apiúna,0  ,SU,SC,M,2026,10041,79373767000116
4201273,Arabutã,0  ,SU,SC,M,2026,4505,95995221000153
4201307,Araquari,0  ,SU,SC,M,2026,52079,83102228000110
4201406,Araranguá,0  ,SU,SC,M,2026,76611,82911249000113
4201505,Armazém,0  ,SU,SC,M,2026,9289,82928664000180
4201604,Arroio Trinta,0  ,SU,SC,M,2026,3634,82826462000127
4201653,Arvoredo,0  ,SU,SC,M,2026,2623,95995247000100
4201703,Ascurra,0  ,SU,SC,M,2026,8720,83102772000161
4201802,Atalanta,0  ,SU,SC,M,2026,3265,83102616000109
3516853,Gavião Peixoto,0  ,SE,SP,M,2026,4806,01559766000173
3516903,General Salgado,0  ,SE,SP,M,2026,10437,45660610000150
3517000,Getulina,0  ,SE,SP,M,2026,10337,44528842000196
3517109,Glicério,0  ,SE,SP,M,2026,4158,44441475000199
3517208,Guaiçara,0  ,SE,SP,M,2026,11478,46203469000129
3517307,Guaimbê,0  ,SE,SP,M,2026,5609,44529592000109
3517406,Guaíra,0  ,SE,SP,M,2026,40489,48344014000159
3517505,Guapiaçu,0  ,SE,SP,M,2026,22445,45728326000178
3517604,Guapiara,0  ,SE,SP,M,2026,17225,46634275000188
3517703,Guará,0  ,SE,SP,M,2026,18748,45353299000104
3517802,Guaraçaí,0  ,SE,SP,M,2026,7453,51104552000180
3517901,Guaraci,0  ,SE,SP,M,2026,10554,46596318000188
3518008,Guarani d'Oeste,0  ,SE,SP,M,2026,1999,45115391000128
3518107,Guarantã,0  ,SE,SP,M,2026,6532,46187506000152
3518206,Guararapes,0  ,SE,SP,M,2026,31888,48468284000171
3518305,Guararema,0  ,SE,SP,M,2026,32620,46523262000131
3518404,Guaratinguetá,0  ,SE,SP,M,2026,121916,46680500000112
3518503,Guareí,0  ,SE,SP,M,2026,15285,46634267000131
3518602,Guariba,0  ,SE,SP,M,2026,38678,48664304000180
3518701,Guarujá,0  ,SE,SP,M,2026,294871,44959021000104
3518800,Guarulhos,0  ,SE,SP,M,2026,1349100,46319000000150
3518859,Guatapará,0  ,SE,SP,M,2026,7474,68319748000195
3518909,Guzolândia,0  ,SE,SP,M,2026,4259,45746112000124
3519006,Herculândia,0  ,SE,SP,M,2026,9316,44568277000190
3519055,Holambra,0  ,SE,SP,M,2026,15718,67172437000183
3519071,Hortolândia,0  ,SE,SP,M,2026,248842,67995027000132
3519105,Iacanga,0  ,SE,SP,M,2026,10648,46137477000114
3519204,Iacri,0  ,SE,SP,M,2026,6197,45547395000185
3519253,Iaras,0  ,SE,SP,M,2026,8313,57263949000100
3519303,Ibaté,0  ,SE,SP,M,2026,33160,45355575000165
3519402,Ibirá,0  ,SE,SP,M,2026,11952,45158193000141
3519501,Ibirarema,0  ,SE,SP,M,2026,6450,46211694000107
3519600,Ibitinga,0  ,SE,SP,M,2026,62143,45321460000150
3519709,Ibiúna,0  ,SE,SP,M,2026,77801,46634531000137
3519808,Icém,0  ,SE,SP,M,2026,7982,45726742000137
3519907,Iepê,0  ,SE,SP,M,2026,7739,49345911000140
3520004,Igaraçu do Tietê,0  ,SE,SP,M,2026,23421,44498467000189
3520103,Igarapava,0  ,SE,SP,M,2026,26696,45324290000167
3520202,Igaratá,0  ,SE,SP,M,2026,10984,46694147000120
3520301,Iguape,0  ,SE,SP,M,2026,29891,45550167000164
3520400,Ilhabela,0  ,SE,SP,M,2026,36559,46482865000132
3520426,Ilha Comprida,0  ,SE,SP,M,2026,14104,64037872000107
3520442,Ilha Solteira,0  ,SE,SP,M,2026,26257,59754648000104
3520509,Indaiatuba,0  ,SE,SP,M,2026,269657,44733608000109
3520608,Indiana,0  ,SE,SP,M,2026,5200,49520133000188
3520707,Indiaporã,0  ,SE,SP,M,2026,4113,46947396000180
3520806,Inúbia Paulista,0  ,SE,SP,M,2026,3671,44919611000103
3520905,Ipaussu,0  ,SE,SP,M,2026,13935,44563583000134
3521002,Iperó,0  ,SE,SP,M,2026,38277,46634085000160
3521101,Ipeúna,0  ,SE,SP,M,2026,7027,44660603000195
3521150,Ipiguá,0  ,SE,SP,M,2026,7115,01528506000130
3521200,Iporanga,0  ,SE,SP,M,2026,4083,46634283000124
3521408,Iracemápolis,0  ,SE,SP,M,2026,22500,45786159000111
3521507,Irapuã,0  ,SE,SP,M,2026,6932,45158532000190
3521606,Irapuru,0  ,SE,SP,M,2026,7120,44926723000191
3521705,Itaberá,0  ,SE,SP,M,2026,18263,46634374000160
3521804,Itaí,0  ,SE,SP,M,2026,25979,46634200000105
3521903,Itajobi,0  ,SE,SP,M,2026,17502,45126851000113
3522000,Itaju,0  ,SE,SP,M,2026,3715,44496313000158
3522109,Itanhaém,0  ,SE,SP,M,2026,118495,46578498000175
3522158,Itaóca,0  ,SE,SP,M,2026,3497,67360362000164
3522208,Itapecerica da Serra,0  ,SE,SP,M,2026,163003,46523130000100
3522307,Itapetininga,0  ,SE,SP,M,2026,164256,46634291000170
3522406,Itapeva,0  ,SE,SP,M,2026,92393,46634358000177
3522505,Itapevi,0  ,SE,SP,M,2026,242995,46523031000128
3522604,Itapira,0  ,SE,SP,M,2026,74038,45281144000100
3522653,Itapirapuã Paulista,0  ,SE,SP,M,2026,4420,67360438000151
3522703,Itápolis,0  ,SE,SP,M,2026,40445,49979255000137
3522802,Itaporanga,0  ,SE,SP,M,2026,14245,46634408000116
3522901,Itapuí,0  ,SE,SP,M,2026,14035,46189726000115
3523008,Itapura,0  ,SE,SP,M,2026,4002,44447126000184
3523107,Itaquaquecetuba,0  ,SE,SP,M,2026,382983,46316600000164
3523206,Itararé,0  ,SE,SP,M,2026,45213,46634390000152
3523305,Itariri,0  ,SE,SP,M,2026,15916,46578522000176
3523404,Itatiba,0  ,SE,SP,M,2026,127112,50122571000177
3523503,Itatinga,0  ,SE,SP,M,2026,19462,46634127000163
3523602,Itirapina,0  ,SE,SP,M,2026,16454,46313714000150
3523701,Itirapuã,0  ,SE,SP,M,2026,5857,45317955000105
3523800,Itobi,0  ,SE,SP,M,2026,8227,45735461000140
3523909,Itu,0  ,SE,SP,M,2026,175047,46634440000100
3524006,Itupeva,0  ,SE,SP,M,2026,74994,45780061000157
3524105,Ituverava,0  ,SE,SP,M,2026,38413,46710422000151
3524204,Jaborandi,0  ,SE,SP,M,2026,6280,52382702000180
3524303,Jaboticabal,0  ,SE,SP,M,2026,73473,50387844000105
3524402,Jacareí,0  ,SE,SP,M,2026,250952,46694139000183
3524501,Jaci,0  ,SE,SP,M,2026,7944,45142684000102
3524600,Jacupiranga,0  ,SE,SP,M,2026,16216,46582185000190
3524709,Jaguariúna,0  ,SE,SP,M,2026,62309,46410866000171
3524808,Jales,0  ,SE,SP,M,2026,50078,45131885000104
3524907,Jambeiro,0  ,SE,SP,M,2026,6611,45190824000100
3525003,Jandira,0  ,SE,SP,M,2026,121550,46522991000173
3525102,Jardinópolis,0  ,SE,SP,M,2026,47125,44229821000170
3525201,Jarinu,0  ,SE,SP,M,2026,40007,45780079000159
3525300,Jaú,0  ,SE,SP,M,2026,137409,46195079000154
3525409,Jeriquara,0  ,SE,SP,M,2026,4000,45353315000150
3525508,Joanópolis,0  ,SE,SP,M,2026,13131,45290418000119
3525607,João Ramalho,0  ,SE,SP,M,2026,4464,46444790000103
3525706,José Bonifácio,0  ,SE,SP,M,2026,37992,45141132000171
3525805,Júlio Mesquita,0  ,SE,SP,M,2026,4302,44518496000165
3525854,Jumirim,0  ,SE,SP,M,2026,3132,01612150000119
3525904,Jundiaí,0  ,SE,SP,M,2026,463039,45780103000150
3526001,Junqueirópolis,0  ,SE,SP,M,2026,20939,44881449000181
3526100,Juquiá,0  ,SE,SP,M,2026,17184,46585964000140
3526209,Juquitiba,0  ,SE,SP,M,2026,27969,46523155000103
3526308,Lagoinha,0  ,SE,SP,M,2026,5183,45167111000125
3526407,Laranjal Paulista,0  ,SE,SP,M,2026,27044,46634606000180
3526506,Lavínia,0  ,SE,SP,M,2026,9940,44437820000110
3526605,Lavrinhas,0  ,SE,SP,M,2026,7348,45200029000155
3526704,Leme,0  ,SE,SP,M,2026,101537,46362661000168
3526803,Lençóis Paulista,0  ,SE,SP,M,2026,68568,46200846000176
3526902,Limeira,0  ,SE,SP,M,2026,301292,45132495000140
3527009,Lindóia,0  ,SE,SP,M,2026,7158,45678000000183
3527108,Lins,0  ,SE,SP,M,2026,76844,44531788000138
3527207,Lorena,0  ,SE,SP,M,2026,87468,47563739000175
3527256,Lourdes,0  ,SE,SP,M,2026,1962,59767921000127
3527306,Louveira,0  ,SE,SP,M,2026,54865,46363933000144
3527405,Lucélia,0  ,SE,SP,M,2026,20378,44919918000104
3527504,Lucianópolis,0  ,SE,SP,M,2026,2423,44518504000173
3527603,Luís Antônio,0  ,SE,SP,M,2026,12564,45368016000190
3527702,Luiziânia,0  ,SE,SP,M,2026,4740,44441558000188
3527801,Lupércio,0  ,SE,SP,M,2026,4004,44518397000183
3527900,Lutécia,0  ,SE,SP,M,2026,2697,44544880000132
3528007,Macatuba,0  ,SE,SP,M,2026,17140,46200853000178
3528106,Macaubal,0  ,SE,SP,M,2026,7581,51848943000100
3528205,Macedônia,0  ,SE,SP,M,2026,4058,45115912000147
3528304,Magda,0  ,SE,SP,M,2026,3211,45660628000151
3528403,Mairinque,0  ,SE,SP,M,2026,51888,45944428000120
3528502,Mairiporã,0  ,SE,SP,M,2026,97835,46523163000150
3528601,Manduri,0  ,SE,SP,M,2026,10122,46223749000107
3528700,Marabá Paulista,0  ,SE,SP,M,2026,4619,45725355000186
3528809,Maracaí,0  ,SE,SP,M,2026,12804,44494136000170
3528858,Marapoama,0  ,SE,SP,M,2026,3415,65712580000195
3528908,Mariápolis,0  ,SE,SP,M,2026,3526,51405231000116
3529005,Marília,0  ,SE,SP,M,2026,247348,44477909000100
3529104,Marinópolis,0  ,SE,SP,M,2026,1862,45132719000114
3529203,Martinópolis,0  ,SE,SP,M,2026,25240,44855443000130
3529302,Matão,0  ,SE,SP,M,2026,81075,45270188000126
3529401,Mauá,0  ,SE,SP,M,2026,429014,46522959000198
3529500,Mendonça,0  ,SE,SP,M,2026,6420,46935110000146
3529609,Meridiano,0  ,SE,SP,M,2026,4721,45116092000108
3529658,Mesópolis,0  ,SE,SP,M,2026,1990,65712069000193
3529708,Miguelópolis,0  ,SE,SP,M,2026,19621,45353307000104
3529807,Mineiros do Tietê,0  ,SE,SP,M,2026,11322,46199253000137
3529906,Miracatu,0  ,SE,SP,M,2026,18610,46583654000196
3530003,Mira Estrela,0  ,SE,SP,M,2026,3209,45116290000171
3530102,Mirandópolis,0  ,SE,SP,M,2026,28754,44438968000170
3530201,Mirante do Paranapanema,0  ,SE,SP,M,2026,16031,44937365000112
3530300,Mirassol,0  ,SE,SP,M,2026,65811,46612032000149
3530409,Mirassolândia,0  ,SE,SP,M,2026,4783,45144748000104
3530508,Mococa,0  ,SE,SP,M,2026,69372,44763928000101
3530607,Mogi das Cruzes,0  ,SE,SP,M,2026,470302,46523270000188
3530706,Mogi Guaçu,0  ,SE,SP,M,2026,160318,45301264000113
3530805,Mogi Mirim,0  ,SE,SP,M,2026,95742,45332095000189
3530904,Mombuca,0  ,SE,SP,M,2026,3830,44723765000125
3531001,Monções,0  ,SE,SP,M,2026,1947,59854927000131
3531100,Mongaguá,0  ,SE,SP,M,2026,64845,46578506000183
3531209,Monte Alegre do Sul,0  ,SE,SP,M,2026,8923,52846144000167
3531308,Monte Alto,0  ,SE,SP,M,2026,48758,51816247000111
3531407,Monte Aprazível,0  ,SE,SP,M,2026,22668,53221701000117
3531506,Monte Azul Paulista,0  ,SE,SP,M,2026,18337,52942380000187
3531605,Monte Castelo,0  ,SE,SP,M,2026,4306,44882074000174
3531704,Monteiro Lobato,0  ,SE,SP,M,2026,4205,46643482000107
3531803,Monte Mor,0  ,SE,SP,M,2026,67832,45787652000156
3531902,Morro Agudo,0  ,SE,SP,M,2026,28521,45345899000112
3532009,Morungaba,0  ,SE,SP,M,2026,14147,45755238000165
3532058,Motuca,0  ,SE,SP,M,2026,4071,68319987000145
3532108,Murutinga do Sul,0  ,SE,SP,M,2026,3748,44430221000175
3532157,Nantes,0  ,SE,SP,M,2026,2697,01557530000106
3532207,Narandiba,0  ,SE,SP,M,2026,5956,44857027000170
3532306,Natividade da Serra,0  ,SE,SP,M,2026,7155,45686227000170
3532405,Nazaré Paulista,0  ,SE,SP,M,2026,18675,45279643000154
3532504,Neves Paulista,0  ,SE,SP,M,2026,9953,45145414000147
3532603,Nhandeara,0  ,SE,SP,M,2026,9915,45146271000198
3532702,Nipoã,0  ,SE,SP,M,2026,4876,49107725000172
3532801,Nova Aliança,0  ,SE,SP,M,2026,6885,45094232000194
3532827,Nova Campina,0  ,SE,SP,M,2026,8630,60123072000158
3532843,Nova Canaã Paulista,0  ,SE,SP,M,2026,2055,65711954000158
3532868,Nova Castilho,0  ,SE,SP,M,2026,1072,01613202000171
3532900,Nova Europa,0  ,SE,SP,M,2026,9459,71989982000134
3533007,Nova Granada,0  ,SE,SP,M,2026,19733,45147733000191
3533106,Nova Guataporanga,0  ,SE,SP,M,2026,2188,44882223000103
3533205,Nova Independência,0  ,SE,SP,M,2026,4847,44430429000194
3533254,Novais,0  ,SE,SP,M,2026,4463,65711699000143
3533304,Nova Luzitânia,0  ,SE,SP,M,2026,2817,53099149000136
3533403,Nova Odessa,0  ,SE,SP,M,2026,64596,45781184000102
3533502,Novo Horizonte,0  ,SE,SP,M,2026,39494,45152139000199
3533601,Nuporanga,0  ,SE,SP,M,2026,7570,46754388000117
3533700,Ocauçu,0  ,SE,SP,M,2026,4418,44482248000101
3533809,Óleo,0  ,SE,SP,M,2026,2535,46223764000147
3533908,Olímpia,0  ,SE,SP,M,2026,56874,46596151000155
3534005,Onda Verde,0  ,SE,SP,M,2026,4942,45148699000170
3534104,Oriente,0  ,SE,SP,M,2026,6180,44482552000159
3534203,Orindiúva,0  ,SE,SP,M,2026,6157,45148970000177
3534302,Orlândia,0  ,SE,SP,M,2026,39144,45351749000111
3534401,Osasco,0  ,SE,SP,M,2026,759524,46523171000104
3534500,Oscar Bressane,0  ,SE,SP,M,2026,2502,44544898000134
3534609,Osvaldo Cruz,0  ,SE,SP,M,2026,32112,53300356000107
3534708,Ourinhos,0  ,SE,SP,M,2026,106911,53415717000160
3534757,Ouroeste,0  ,SE,SP,M,2026,10660,01611213000112
3534807,Ouro Verde,0  ,SE,SP,M,2026,7900,44882637000124
3534906,Pacaembu,0  ,SE,SP,M,2026,15273,44927267000102
2410108,Poço Branco,0  ,NE,RN,M,2026,12565,08311904000140
2410207,Portalegre,0  ,NE,RN,M,2026,7859,08358053000190
2410256,Porto do Mangue,0  ,NE,RN,M,2026,5351,01612371000197
2410306,Serra Caiada,0  ,NE,RN,M,2026,11203,08078412000156
2410405,Pureza,0  ,NE,RN,M,2026,9752,08290223000142
2410504,Rafael Fernandes,0  ,NE,RN,M,2026,5682,08357675000102
2410603,Rafael Godeiro,0  ,NE,RN,M,2026,3005,08349037000131
2410702,Riacho da Cruz,0  ,NE,RN,M,2026,2724,08153454000104
2410801,Riacho de Santana,0  ,NE,RN,M,2026,4245,08357634000108
2410900,Riachuelo,0  ,NE,RN,M,2026,7646,08364655000150
2411007,Rodolfo Fernandes,0  ,NE,RN,M,2026,4345,08153819000109
2411056,Tibau,0  ,NE,RN,M,2026,5748,01622882000190
2411106,Ruy Barbosa,0  ,NE,RN,M,2026,3253,08078958000107
2411205,Santa Cruz,0  ,NE,RN,M,2026,39101,08358889000195
2411403,Santana do Matos,0  ,NE,RN,M,2026,12722,08110439000189
2411429,Santana do Seridó,0  ,NE,RN,M,2026,2796,08088247000113
2411502,Santo Antônio,0  ,NE,RN,M,2026,22793,08144800000198
2411601,São Bento do Norte,0  ,NE,RN,M,2026,3442,08114514000180
2411700,São Bento do Trairí,0  ,NE,RN,M,2026,3890,08160467000100
2411809,São Fernando,0  ,NE,RN,M,2026,3606,08096612000131
2411908,São Francisco do Oeste,0  ,NE,RN,M,2026,4319,08154015000116
2412005,São Gonçalo do Amarante,0  ,NE,RN,M,2026,124495,08079402000135
2412104,São João do Sabugi,0  ,NE,RN,M,2026,6136,08095960000194
2412203,São José de Mipibu,0  ,NE,RN,M,2026,50053,08365850000103
2412302,São José do Campestre,0  ,NE,RN,M,2026,11298,08146425000115
2412401,São José do Seridó,0  ,NE,RN,M,2026,4733,08096083000176
2412500,São Miguel,0  ,NE,RN,M,2026,24422,08355463000188
2412559,São Miguel do Gostoso,0  ,NE,RN,M,2026,10636,01612396000190
2412609,São Paulo do Potengi,0  ,NE,RN,M,2026,17371,08079774000161
2412708,São Pedro,0  ,NE,RN,M,2026,5890,08079915000146
2412807,São Rafael,0  ,NE,RN,M,2026,7889,08085417000106
2412906,São Tomé,0  ,NE,RN,M,2026,10161,08080210000149
2413003,São Vicente,0  ,NE,RN,M,2026,6530,08308470000129
2413102,Senador Elói de Souza,0  ,NE,RN,M,2026,6027,08449571000110
2413201,Senador Georgino Avelino,0  ,NE,RN,M,2026,4202,08168478000137
2413300,Serra de São Bento,0  ,NE,RN,M,2026,5866,08146680000168
2413359,Serra do Mel,0  ,NE,RN,M,2026,13819,12755971000120
2413409,Serra Negra do Norte,0  ,NE,RN,M,2026,7800,08096372000175
2413508,Serrinha,0  ,NE,RN,M,2026,6608,08144792000180
2413557,Serrinha dos Pintos,0  ,NE,RN,M,2026,4810,01613858000194
2413607,Severiano Melo,0  ,NE,RN,M,2026,5616,08358046000199
2413706,Sítio Novo,0  ,NE,RN,M,2026,4746,08160756000100
2413805,Taboleiro Grande,0  ,NE,RN,M,2026,2409,08157810000168
2413904,Taipu,0  ,NE,RN,M,2026,11708,08114753000130
2414001,Tangará,0  ,NE,RN,M,2026,13583,08159089000145
2414100,Tenente Ananias,0  ,NE,RN,M,2026,10610,08357667000158
2414159,Tenente Laurentino Cruz,0  ,NE,RN,M,2026,6152,01612382000177
2414209,Tibau do Sul,0  ,NE,RN,M,2026,18080,08168775000182
2414308,Timbaúba dos Batistas,0  ,NE,RN,M,2026,2424,08096596000187
2414407,Touros,0  ,NE,RN,M,2026,34767,08234155000102
2414456,Triunfo Potiguar,0  ,NE,RN,M,2026,3477,01612376000110
2414506,Umarizal,0  ,NE,RN,M,2026,10655,08348963000192
2414605,Upanema,0  ,NE,RN,M,2026,14048,08085771000130
2414704,Várzea,0  ,NE,RN,M,2026,5387,08168940000104
2414753,Venha-Ver,0  ,NE,RN,M,2026,3005,01612380000188
2414803,Vera Cruz,0  ,NE,RN,M,2026,11053,08362915000159
2414902,Viçosa,0  ,NE,RN,M,2026,1900,08158198000148
2500106,Água Branca,0  ,NE,PB,M,2026,9580,09145368000112
2500205,Aguiar,0  ,NE,PB,M,2026,5026,08939944000130
2500304,Alagoa Grande,0  ,NE,PB,M,2026,26655,08753204000105
2500403,Alagoa Nova,0  ,NE,PB,M,2026,21823,08700684000146
2500502,Alagoinha,0  ,NE,PB,M,2026,14140,08926263000138
2500536,Alcantil,0  ,NE,PB,M,2026,5806,01612470000179
2500577,Algodão de Jandaíra,0  ,NE,PB,M,2026,3143,01612471000113
2612455,Santa Cruz,0  ,NE,PE,M,2026,14342,24301475000186
2612471,Santa Cruz da Baixa Verde,0  ,NE,PE,M,2026,11934,35445485000101
2612505,Santa Cruz do Capibaribe,0  ,NE,PE,M,2026,104854,10091569000163
2612554,Santa Filomena,0  ,NE,PE,M,2026,12360,01613732000110
2612604,Santa Maria da Boa Vista,0  ,NE,PE,M,2026,42782,10358182000120
2612703,Santa Maria do Cambucá,0  ,NE,PE,M,2026,14586,11361730000134
2612802,Santa Terezinha,0  ,NE,PE,M,2026,10487,11358140000152
2612901,São Benedito do Sul,0  ,NE,PE,M,2026,13456,10145803000198
2613008,São Bento do Una,0  ,NE,PE,M,2026,51165,10091577000100
2613107,São Caitano,0  ,NE,PE,M,2026,39243,10091585000156
2613206,São João,0  ,NE,PE,M,2026,24895,10146371000130
2613305,São Joaquim do Monte,0  ,NE,PE,M,2026,20438,10122661000143
2613404,São José da Coroa Grande,0  ,NE,PE,M,2026,19511,10111631000131
2613503,São José do Belmonte,0  ,NE,PE,M,2026,36890,10280055000156
2613602,São José do Egito,0  ,NE,PE,M,2026,32508,11354180000126
2613701,São Lourenço da Mata,0  ,NE,PE,M,2026,118258,11251832000105
2613800,São Vicente Ferrer,0  ,NE,PE,M,2026,17177,11361896000150
2613909,Serra Talhada,0  ,NE,PE,M,2026,98816,10282945000105
2614006,Serrita,0  ,NE,PE,M,2026,18764,11361250000173
2614105,Sertânia,0  ,NE,PE,M,2026,34271,11358116000113
2614204,Sirinhaém,0  ,NE,PE,M,2026,39171,10292209000120
2614303,Moreilândia,0  ,NE,PE,M,2026,10839,11361227000189
2614402,Solidão,0  ,NE,PE,M,2026,5386,10348050000118
2614501,Surubim,0  ,NE,PE,M,2026,67821,11361862000166
2614600,Tabira,0  ,NE,PE,M,2026,29180,10349041000141
2614709,Tacaimbó,0  ,NE,PE,M,2026,14330,10091601000100
2614808,Tacaratu,0  ,NE,PE,M,2026,24898,10106243000162
2614857,Tamandaré,0  ,NE,PE,M,2026,24670,01596018000160
2615003,Taquaritinga do Norte,0  ,NE,PE,M,2026,25511,10091593000100
2615102,Terezinha,0  ,NE,PE,M,2026,6853,11286366000195
2615201,Terra Nova,0  ,NE,PE,M,2026,9231,11361201000130
2615300,Timbaúba,0  ,NE,PE,M,2026,47312,11361904000169
2615409,Toritama,0  ,NE,PE,M,2026,43921,11256054000139
2615508,Tracunhaém,0  ,NE,PE,M,2026,14439,10167310000159
2615607,Trindade,0  ,NE,PE,M,2026,32257,11040912000103
2615706,Triunfo,0  ,NE,PE,M,2026,15141,11350659000194
2615805,Tupanatinga,0  ,NE,PE,M,2026,28141,10106250000164
2615904,Tuparetama,0  ,NE,PE,M,2026,8261,11358124000160
2616001,Venturosa,0  ,NE,PE,M,2026,17563,10106268000166
2616100,Verdejante,0  ,NE,PE,M,2026,9483,11348570000193
2616183,Vertente do Lério,0  ,NE,PE,M,2026,7776,40893646000160
2616209,Vertentes,0  ,NE,PE,M,2026,23127,10296887000160
2616308,Vicência,0  ,NE,PE,M,2026,27151,10168235000140
2616407,Vitória de Santo Antão,0  ,NE,PE,M,2026,144243,11049855000123
2616506,Xexéu,0  ,NE,PE,M,2026,11699,12888517000148
2700102,Água Branca,0  ,NE,AL,M,2026,19550,12350153000148
2309300,Nova Russas,0  ,NE,CE,M,2026,32053,07993439000101
2309409,Novo Oriente,0  ,NE,CE,M,2026,29097,07982010000119
2309458,Ocara,0  ,NE,CE,M,2026,25272,12459616000104
2309508,Orós,0  ,NE,CE,M,2026,19943,07670821000184
2309607,Pacajus,0  ,NE,CE,M,2026,75454,07384407000109
2309706,Pacatuba,0  ,NE,CE,M,2026,86564,07963861000114
2309805,Pacoti,0  ,NE,CE,M,2026,11421,07910755000172
2309904,Pacujá,0  ,NE,CE,M,2026,6348,07734148000107
2310001,Palhano,0  ,NE,CE,M,2026,9709,07488679000159
2310100,Palmácia,0  ,NE,CE,M,2026,10252,07711666000105
2310209,Paracuru,0  ,NE,CE,M,2026,41894,07592298000115
2310258,Paraipaba,0  ,NE,CE,M,2026,34086,10380608000142
2310308,Parambu,0  ,NE,CE,M,2026,32867,07731102000126
2310407,Paramoti,0  ,NE,CE,M,2026,10462,07711963000142
2310506,Pedra Branca,0  ,NE,CE,M,2026,42227,07726540000104
2310605,Penaforte,0  ,NE,CE,M,2026,9357,07414931000185
2310704,Pentecoste,0  ,NE,CE,M,2026,39903,07682651000158
2310803,Pereiro,0  ,NE,CE,M,2026,15858,07570518000100
2310852,Pindoretama,0  ,NE,CE,M,2026,24919,23563448000119
2310902,Piquet Carneiro,0  ,NE,CE,M,2026,17285,07738057000131
2310951,Pires Ferreira,0  ,NE,CE,M,2026,10984,10462208000186
2311009,Poranga,0  ,NE,CE,M,2026,12441,07438187000159
2311108,Porteiras,0  ,NE,CE,M,2026,17877,07654114000102
2311207,Potengi,0  ,NE,CE,M,2026,8854,07658917000127
2311231,Potiretama,0  ,NE,CE,M,2026,6128,12461653000157
2311264,Quiterianópolis,0  ,NE,CE,M,2026,20545,07551179000114
2311306,Quixadá,0  ,NE,CE,M,2026,88846,23444748000189
2311355,Quixelô,0  ,NE,CE,M,2026,16998,06742480000142
2311405,Quixeramobim,0  ,NE,CE,M,2026,86431,07744303000168
2311504,Quixeré,0  ,NE,CE,M,2026,21659,07807191000147
2311603,Redenção,0  ,NE,CE,M,2026,28382,07756646000142
2311702,Reriutaba,0  ,NE,CE,M,2026,19051,07598667000187
2311801,Russas,0  ,NE,CE,M,2026,74834,07535446000160
2311900,Saboeiro,0  ,NE,CE,M,2026,13943,07811946000187
2311959,Salitre,0  ,NE,CE,M,2026,17303,12464491000100
2312007,Santana do Acaraú,0  ,NE,CE,M,2026,32133,07598659000130
2312106,Santana do Cariri,0  ,NE,CE,M,2026,17391,07597347000102
2312205,Santa Quitéria,0  ,NE,CE,M,2026,41569,07725138000105
2312304,São Benedito,0  ,NE,CE,M,2026,50058,07778129000174
2312403,São Gonçalo do Amarante,0  ,NE,CE,M,2026,58191,07533656000119
2312502,São João do Jaguaribe,0  ,NE,CE,M,2026,5683,07891690000165
2312601,São Luís do Curu,0  ,NE,CE,M,2026,10888,07623051000119
2312700,Senador Pompeu,0  ,NE,CE,M,2026,25108,07728421000182
2312809,Senador Sá,0  ,NE,CE,M,2026,7551,07598642000183
2312908,Sobral,0  ,NE,CE,M,2026,216519,07598634000137
2313005,Solonópole,0  ,NE,CE,M,2026,18785,07733256000157
2313104,Tabuleiro do Norte,0  ,NE,CE,M,2026,32122,07891682000119
2313203,Tamboril,0  ,NE,CE,M,2026,25287,07705817000104
2313252,Tarrafas,0  ,NE,CE,M,2026,7574,12464301000155
2313302,Tauá,0  ,NE,CE,M,2026,64655,07849532000147
2313351,Tejuçuoca,0  ,NE,CE,M,2026,17646,23489834000108
2313401,Tianguá,0  ,NE,CE,M,2026,86968,07735178000120
2313500,Trairi,0  ,NE,CE,M,2026,62004,07533946000162
2313559,Tururu,0  ,NE,CE,M,2026,15524,10517878000152
2313609,Ubajara,0  ,NE,CE,M,2026,34424,07735541000107
2313708,Umari,0  ,NE,CE,M,2026,6963,07520372000198
2313757,Umirim,0  ,NE,CE,M,2026,17751,06582464000130
2313807,Uruburetama,0  ,NE,CE,M,2026,21331,07623069000110
2313906,Uruoca,0  ,NE,CE,M,2026,14308,07667926000184
2313955,Varjota,0  ,NE,CE,M,2026,18708,07673114000141
2314003,Várzea Alegre,0  ,NE,CE,M,2026,40878,07539273000158
2314102,Viçosa do Ceará,0  ,NE,CE,M,2026,62972,10462497000113
2400109,Acari,0  ,NE,RN,M,2026,10855,08097008000120
2400208,Açu,0  ,NE,RN,M,2026,59099,08294662000123
2400307,Afonso Bezerra,0  ,NE,RN,M,2026,11158,08294688000171
2400406,Água Nova,0  ,NE,RN,M,2026,3029,08357626000161
2400505,Alexandria,0  ,NE,RN,M,2026,14058,08148462000162
2400604,Almino Afonso,0  ,NE,RN,M,2026,4802,08348997000187
2400703,Alto do Rodrigues,0  ,NE,RN,M,2026,12874,08184111000107
2400802,Angicos,0  ,NE,RN,M,2026,11985,08085409000160
2400901,Antônio Martins,0  ,NE,RN,M,2026,6730,08348989000130
2401008,Apodi,0  ,NE,RN,M,2026,37486,08349011000193
2401107,Areia Branca,0  ,NE,RN,M,2026,24607,08077265000108
2401206,Arês,0  ,NE,RN,M,2026,13681,08161234000122
2401305,Campo Grande,0  ,NE,RN,M,2026,10071,08084014000142
2401404,Baía Formosa,0  ,NE,RN,M,2026,9115,08161341000150
2401453,Baraúna,0  ,NE,RN,M,2026,28415,08546103000163
2401503,Barcelona,0  ,NE,RN,M,2026,4108,08002180000152
2401602,Bento Fernandes,0  ,NE,RN,M,2026,4911,08110884000149
2401651,Bodó,0  ,NE,RN,M,2026,2360,01612374000120
2401701,Bom Jesus,0  ,NE,RN,M,2026,10308,08002404000126
2401800,Brejinho,0  ,NE,RN,M,2026,12638,08161614000167
2401859,Caiçara do Norte,0  ,NE,RN,M,2026,6479,01612375000175
2401909,Caiçara do Rio do Vento,0  ,NE,RN,M,2026,3360,08351819000105
2402006,Caicó,0  ,NE,RN,M,2026,63338,08096570000139
2402105,Campo Redondo,0  ,NE,RN,M,2026,10510,08358723000179
2402204,Canguaretama,0  ,NE,RN,M,2026,30789,08365017000154
2402303,Caraúbas,0  ,NE,RN,M,2026,20182,08349102000129
2402402,Carnaúba dos Dantas,0  ,NE,RN,M,2026,8296,08088254000115
2402501,Carnaubais,0  ,NE,RN,M,2026,10026,08294670000170
2402600,Ceará-Mirim,0  ,NE,RN,M,2026,83543,08004061000139
2402709,Cerro Corá,0  ,NE,RN,M,2026,11334,08173502000126
2402808,Coronel Ezequiel,0  ,NE,RN,M,2026,5233,08158669000118
2402907,Coronel João Pessoa,0  ,NE,RN,M,2026,4297,08355471000124
2403004,Cruzeta,0  ,NE,RN,M,2026,8245,08106510000150
2403103,Currais Novos,0  ,NE,RN,M,2026,42922,08109126000100
2403202,Doutor Severiano,0  ,NE,RN,M,2026,7262,08355489000126
2403251,Parnamirim,0  ,NE,RN,M,2026,271713,08170862000174
2403301,Encanto,0  ,NE,RN,M,2026,6289,08355760000123
2403400,Equador,0  ,NE,RN,M,2026,5461,08086225000114
2403509,Espírito Santo,0  ,NE,RN,M,2026,10951,08362287000101
2403608,Extremoz,0  ,NE,RN,M,2026,68584,08204497000171
2403707,Felipe Guerra,0  ,NE,RN,M,2026,6472,08349086000174
2403756,Fernando Pedroza,0  ,NE,RN,M,2026,3035,01612369000118
2403806,Florânia,0  ,NE,RN,M,2026,10556,08181562000190
2403905,Francisco Dantas,0  ,NE,RN,M,2026,2758,08148439000178
2404002,Frutuoso Gomes,0  ,NE,RN,M,2026,4230,08349052000180
2404101,Galinhos,0  ,NE,RN,M,2026,2159,08110991000177
2404200,Goianinha,0  ,NE,RN,M,2026,28422,08162687000173
2404309,Governador Dix-Sept Rosado,0  ,NE,RN,M,2026,12231,08349094000110
2404408,Grossos,0  ,NE,RN,M,2026,10281,08077273000146
2404507,Guamaré,0  ,NE,RN,M,2026,16076,08184442000147
2404606,Ielmo Marinho,0  ,NE,RN,M,2026,11889,08004525000107
2404705,Ipanguaçu,0  ,NE,RN,M,2026,14560,08085318000124
2404804,Ipueira,0  ,NE,RN,M,2026,2090,08094708000160
2404853,Itajá,0  ,NE,RN,M,2026,7551,01612395000146
5201702,Aragarças,0  ,CO,GO,M,2026,18601,02125227000199
5201801,Aragoiânia,0  ,CO,GO,M,2026,12806,01215474000113
5202155,Araguapaz,0  ,CO,GO,M,2026,7152,00163147000100
5202353,Arenópolis,0  ,CO,GO,M,2026,2904,00007914000184
5202502,Aruanã,0  ,CO,GO,M,2026,8570,01067081000100
5202601,Aurilândia,0  ,CO,GO,M,2026,3237,02320364000184
5202809,Avelinópolis,0  ,CO,GO,M,2026,2993,01215839000100
5203104,Baliza,0  ,CO,GO,M,2026,3306,01067131000159
5203203,Barro Alto,0  ,CO,GO,M,2026,10853,02355675000189
5203302,Bela Vista de Goiás,0  ,CO,GO,M,2026,37305,01005917000141
5203401,Bom Jardim de Goiás,0  ,CO,GO,M,2026,7775,02186708000104
5203500,Bom Jesus de Goiás,0  ,CO,GO,M,2026,24925,01149624000138
5203559,Bonfinópolis,0  ,CO,GO,M,2026,11025,24857096000177
5203575,Bonópolis,0  ,CO,GO,M,2026,3289,01634272000106
5203609,Brazabrantes,0  ,CO,GO,M,2026,4201,01756741000160
5203807,Britânia,0  ,CO,GO,M,2026,5798,02296325000199
5203906,Buriti Alegre,0  ,CO,GO,M,2026,10930,01345909000144
5203939,Buriti de Goiás,0  ,CO,GO,M,2026,2800,26867770000120
5203962,Buritinópolis,0  ,CO,GO,M,2026,3140,24856569000111
5204003,Cabeceiras,0  ,CO,GO,M,2026,7689,01740430000102
5204102,Cachoeira Alta,0  ,CO,GO,M,2026,11854,02056760000146
5204201,Cachoeira de Goiás,0  ,CO,GO,M,2026,1417,02164820000144
5204250,Cachoeira Dourada,0  ,CO,GO,M,2026,7762,00079806000117
5204300,Caçu,0  ,CO,GO,M,2026,14034,01164292000160
5204409,Caiapônia,0  ,CO,GO,M,2026,16628,01164946000156
5204508,Caldas Novas,0  ,CO,GO,M,2026,106820,01787506000155
5204557,Caldazinha,0  ,CO,GO,M,2026,4819,37622149000112
5204607,Campestre de Goiás,0  ,CO,GO,M,2026,3879,02262236000121
5204656,Campinaçu,0  ,CO,GO,M,2026,3760,00145789000179
5204706,Campinorte,0  ,CO,GO,M,2026,12983,02215747000192
5204805,Campo Alegre de Goiás,0  ,CO,GO,M,2026,7807,01763614000198
5204854,Campo Limpo de Goiás,0  ,CO,GO,M,2026,8579,04216593000189
5204904,Campos Belos,0  ,CO,GO,M,2026,18227,01126143000107
5204953,Campos Verdes,0  ,CO,GO,M,2026,3822,01493998000176
5205000,Carmo do Rio Verde,0  ,CO,GO,M,2026,9988,02542538000153
5205059,Castelândia,0  ,CO,GO,M,2026,2871,37275849000188
5205109,Catalão,0  ,CO,GO,M,2026,122760,01505643000150
5205208,Caturaí,0  ,CO,GO,M,2026,5352,01319326000149
5205307,Cavalcante,0  ,CO,GO,M,2026,9730,01738772000198
5205406,Ceres,0  ,CO,GO,M,2026,22570,01131713000157
5205455,Cezarina,0  ,CO,GO,M,2026,8301,25043530000148
5205471,Chapadão do Céu,0  ,CO,GO,M,2026,14321,24859332000194
5205497,Cidade Ocidental,0  ,CO,GO,M,2026,101570,36862621000121
5205513,Cocalzinho de Goiás,0  ,CO,GO,M,2026,27196,36985463000105
5205521,Colinas do Sul,0  ,CO,GO,M,2026,4188,25105255000140
5205703,Córrego do Ouro,0  ,CO,GO,M,2026,2441,02321115000103
5205802,Corumbá de Goiás,0  ,CO,GO,M,2026,10724,01118850000151
5205901,Corumbaíba,0  ,CO,GO,M,2026,9484,01302603000100
5206206,Cristalina,0  ,CO,GO,M,2026,66827,01138122000101
5206305,Cristianópolis,0  ,CO,GO,M,2026,3670,01180645000116
5206404,Crixás,0  ,CO,GO,M,2026,17532,02382067000163
5206503,Cromínia,0  ,CO,GO,M,2026,3999,02073211000180
5206602,Cumari,0  ,CO,GO,M,2026,2951,01302728000130
5206701,Damianópolis,0  ,CO,GO,M,2026,3917,01740505000155
5206800,Damolândia,0  ,CO,GO,M,2026,2753,01067164000107
5206909,Davinópolis,0  ,CO,GO,M,2026,1889,01130277000100
5207105,Diorama,0  ,CO,GO,M,2026,1991,01335363000140
5207253,Doverlândia,0  ,CO,GO,M,2026,6823,00078790000128
5207352,Edealina,0  ,CO,GO,M,2026,4104,24852618000148
5207402,Edéia,0  ,CO,GO,M,2026,11982,01788082000143
5207501,Estrela do Norte,0  ,CO,GO,M,2026,3214,01800465000190
5207535,Faina,0  ,CO,GO,M,2026,7167,25141318000113
5207600,Fazenda Nova,0  ,CO,GO,M,2026,5842,01915313000132
5207808,Firminópolis,0  ,CO,GO,M,2026,10274,02321917000113
5207907,Flores de Goiás,0  ,CO,GO,M,2026,14273,01740497000147
5208004,Formosa,0  ,CO,GO,M,2026,121559,01738780000134
5208103,Formoso,0  ,CO,GO,M,2026,4662,02395812000109
5208152,Gameleira de Goiás,0  ,CO,GO,M,2026,3563,04223461000184
5208301,Divinópolis de Goiás,0  ,CO,GO,M,2026,4405,01067206000100
5208400,Goianápolis,0  ,CO,GO,M,2026,14758,02506012000118
5208509,Goiandira,0  ,CO,GO,M,2026,4962,01303221000100
5208608,Goianésia,0  ,CO,GO,M,2026,78009,01065846000172
5208707,Goiânia,1  ,CO,GO,M,2026,1503256,01612092000123
5208806,Goianira,0  ,CO,GO,M,2026,81495,01291707000167
5208905,Goiás,0  ,CO,GO,M,2026,24172,02295772000123
5209101,Goiatuba,0  ,CO,GO,M,2026,36984,01753722000180
4318101,São Francisco de Assis,0  ,SU,RS,M,2026,17934,87896882000101
4318200,São Francisco de Paula,0  ,SU,RS,M,2026,22388,88756879000147
4318309,São Gabriel,0  ,SU,RS,M,2026,60090,88768080000170
4318408,São Jerônimo,0  ,SU,RS,M,2026,21412,88117700000101
4318424,São João da Urtiga,0  ,SU,RS,M,2026,4547,90483082000165
4318432,São João do Polêsine,0  ,SU,RS,M,2026,2708,94444247000140
4318440,São Jorge,0  ,SU,RS,M,2026,2976,91566851000151
4318457,São José das Missões,0  ,SU,RS,M,2026,2399,92410463000140
4318465,São José do Herval,0  ,SU,RS,M,2026,1931,92406511000126
4318481,São José do Hortêncio,0  ,SU,RS,M,2026,4555,92122753000198
4318499,São José do Inhacorá,0  ,SU,RS,M,2026,2466,94187358000119
4318507,São José do Norte,0  ,SU,RS,M,2026,26248,88568902000170
4318606,São José do Ouro,0  ,SU,RS,M,2026,6978,87613550000164
4318614,São José do Sul,0  ,SU,RS,M,2026,2443,04208358000165
4318622,São José dos Ausentes,0  ,SU,RS,M,2026,4295,92868850000124
4318705,São Leopoldo,0  ,SU,RS,M,2026,225737,89814693000160
4318804,São Lourenço do Sul,0  ,SU,RS,M,2026,43278,87893111000152
4318903,São Luiz Gonzaga,0  ,SU,RS,M,2026,35865,87613022000105
4319000,São Marcos,0  ,SU,RS,M,2026,21549,88818299000137
4319109,São Martinho,0  ,SU,RS,M,2026,5587,87613097000196
4319125,São Martinho da Serra,0  ,SU,RS,M,2026,2908,94444403000173
4319158,São Miguel das Missões,0  ,SU,RS,M,2026,7193,89971758000180
4319208,São Nicolau,0  ,SU,RS,M,2026,5243,87612966000168
4319307,São Paulo das Missões,0  ,SU,RS,M,2026,5943,87613642000144
4319356,São Pedro da Serra,0  ,SU,RS,M,2026,3618,93235968000188
4319364,São Pedro das Missões,0  ,SU,RS,M,2026,1790,04229729000195
4319372,São Pedro do Butiá,0  ,SU,RS,M,2026,3142,93592715000161
4319406,São Pedro do Sul,0  ,SU,RS,M,2026,15863,87489910000168
4319505,São Sebastião do Caí,0  ,SU,RS,M,2026,24898,88370879000104
4319604,São Sepé,0  ,SU,RS,M,2026,21551,97229181000164
4319703,São Valentim,0  ,SU,RS,M,2026,3320,87613378000149
4319711,São Valentim do Sul,0  ,SU,RS,M,2026,2255,92902055000105
4319737,São Valério do Sul,0  ,SU,RS,M,2026,2593,94442241000134
4319752,São Vendelino,0  ,SU,RS,M,2026,2309,91984492000152
4319802,São Vicente do Sul,0  ,SU,RS,M,2026,8257,87572079000103
4319901,Sapiranga,0  ,SU,RS,M,2026,77935,87366159000102
4320008,Sapucaia do Sul,0  ,SU,RS,M,2026,136572,88185020000125
4320107,Sarandi,0  ,SU,RS,M,2026,23374,97320030000117
4320206,Seberi,0  ,SU,RS,M,2026,12325,87613196000178
4320230,Sede Nova,0  ,SU,RS,M,2026,2750,91997056000118
4320263,Segredo,0  ,SU,RS,M,2026,6098,92000215000120
4320305,Selbach,0  ,SU,RS,M,2026,5222,87613501000121
4320321,Senador Salgado Filho,0  ,SU,RS,M,2026,2725,01611536000106
4320354,Sentinela do Sul,0  ,SU,RS,M,2026,5424,94068277000108
4320404,Serafina Corrêa,0  ,SU,RS,M,2026,17407,88597984000180
4320453,Sério,0  ,SU,RS,M,2026,2089,94706033000103
4320503,Sertão,0  ,SU,RS,M,2026,5630,87614269000146
4320552,Sertão Santana,0  ,SU,RS,M,2026,5989,94068236000103
4320578,Sete de Setembro,0  ,SU,RS,M,2026,1881,01612776000125
4320602,Severiano de Almeida,0  ,SU,RS,M,2026,3463,87613360000147
4320651,Silveira Martins,0  ,SU,RS,M,2026,2056,92457217000143
4320677,Sinimbu,0  ,SU,RS,M,2026,8685,94577632000166
4320701,Sobradinho,0  ,SU,RS,M,2026,14512,87592861000194
4320800,Soledade,0  ,SU,RS,M,2026,30939,87738530000110
4320859,Tabaí,0  ,SU,RS,M,2026,4569,01615515000169
4320909,Tapejara,0  ,SU,RS,M,2026,25256,87615449000142
4321006,Tapera,0  ,SU,RS,M,2026,10824,87613493000113
4321105,Tapes,0  ,SU,RS,M,2026,14920,88811948000178
4321204,Taquara,0  ,SU,RS,M,2026,54353,97761407000173
4321303,Taquari,0  ,SU,RS,M,2026,25963,88067780000138
4321329,Taquaruçu do Sul,0  ,SU,RS,M,2026,3192,92403567000127
4321352,Tavares,0  ,SU,RS,M,2026,5319,88427018000115
4321402,Tenente Portela,0  ,SU,RS,M,2026,14820,87613089000140
4321436,Terra de Areia,0  ,SU,RS,M,2026,10575,90256660000120
4321451,Teutônia,0  ,SU,RS,M,2026,34023,88661400000199
4321469,Tio Hugo,0  ,SU,RS,M,2026,3358,04207638000159
4321477,Tiradentes do Sul,0  ,SU,RS,M,2026,5188,94726320000177
4321493,Toropi,0  ,SU,RS,M,2026,2594,01539271000182
4321501,Torres,0  ,SU,RS,M,2026,43344,87876801000101
4321600,Tramandaí,0  ,SU,RS,M,2026,56430,88771001000180
4321626,Travesseiro,0  ,SU,RS,M,2026,2192,94706124000130
4321634,Três Arroios,0  ,SU,RS,M,2026,2636,92453810000111
4321667,Três Cachoeiras,0  ,SU,RS,M,2026,11224,91103127000191
4321709,Três Coroas,0  ,SU,RS,M,2026,24428,88199971000153
4321808,Três de Maio,0  ,SU,RS,M,2026,25466,87612800000141
4321832,Três Forquilhas,0  ,SU,RS,M,2026,2813,93317998000133
4321857,Três Palmeiras,0  ,SU,RS,M,2026,4829,92399112000185
4321907,Três Passos,0  ,SU,RS,M,2026,26304,87613188000121
4321956,Trindade do Sul,0  ,SU,RS,M,2026,7785,92399211000167
4322004,Triunfo,0  ,SU,RS,M,2026,28435,88363189000128
4322103,Tucunduva,0  ,SU,RS,M,2026,5646,87612792000133
4322152,Tunas,0  ,SU,RS,M,2026,3732,92406438000192
4322186,Tupanci do Sul,0  ,SU,RS,M,2026,1396,90484320000157
4322202,Tupanciretã,0  ,SU,RS,M,2026,20324,88227764000165
4322251,Tupandi,0  ,SU,RS,M,2026,5172,92122712000100
4322301,Tuparendi,0  ,SU,RS,M,2026,8535,87613634000106
4322327,Turuçu,0  ,SU,RS,M,2026,3488,01613067000164
4322343,Ubiretama,0  ,SU,RS,M,2026,2025,01611538000103
4322350,União da Serra,0  ,SU,RS,M,2026,1183,92902154000197
4322376,Unistalda,0  ,SU,RS,M,2026,2047,01613119000100
4322400,Uruguaiana,0  ,SU,RS,M,2026,120819,88131164000107
4322509,Vacaria,0  ,SU,RS,M,2026,66146,87866745000116
4322525,Vale Verde,0  ,SU,RS,M,2026,3213,01624729000100
4322533,Vale do Sol,0  ,SU,RS,M,2026,10069,94577574000170
4322541,Vale Real,0  ,SU,RS,M,2026,6223,92123918000146
4322558,Vanini,0  ,SU,RS,M,2026,2047,92406206000134
4322608,Venâncio Aires,0  ,SU,RS,M,2026,70842,87334918000155
4322707,Vera Cruz,0  ,SU,RS,M,2026,27670,98661366000106
4322806,Veranópolis,0  ,SU,RS,M,2026,24554,98671597000109
4322855,Vespasiano Corrêa,0  ,SU,RS,M,2026,1851,01611117000174
4322905,Viadutos,0  ,SU,RS,M,2026,4847,87613352000109
4323002,Viamão,0  ,SU,RS,M,2026,231996,88000914000101
4323101,Vicente Dutra,0  ,SU,RS,M,2026,4741,87612883000179
4323200,Victor Graeff,0  ,SU,RS,M,2026,2829,87613485000177
4323309,Vila Flores,0  ,SU,RS,M,2026,3741,91566869000153
4323358,Vila Lângaro,0  ,SU,RS,M,2026,2121,01612386000155
4323408,Vila Maria,0  ,SU,RS,M,2026,4515,92406115000107
4323457,Vila Nova do Sul,0  ,SU,RS,M,2026,3932,94444189000155
4323507,Vista Alegre,0  ,SU,RS,M,2026,2710,92403583000110
4323606,Vista Alegre do Prata,0  ,SU,RS,M,2026,1624,91566877000108
4323705,Vista Gaúcha,0  ,SU,RS,M,2026,2843,91997072000100
4323754,Vitória das Missões,0  ,SU,RS,M,2026,3316,94449030000123
4323770,Westfália,0  ,SU,RS,M,2026,3223,04215147000150
4323804,Xangri-lá,0  ,SU,RS,M,2026,16949,94436474000124
5000203,Água Clara,0  ,CO,MS,M,2026,17901,03184066000177
5000252,Alcinópolis,0  ,CO,MS,M,2026,4649,37226651000104
5000609,Amambai,0  ,CO,MS,M,2026,41751,03568433000136
5000708,Anastácio,0  ,CO,MS,M,2026,24781,03452307000111
5000807,Anaurilândia,0  ,CO,MS,M,2026,7688,03575727000195
5000856,Angélica,0  ,CO,MS,M,2026,11308,03747649000169
5000906,Antônio João,0  ,CO,MS,M,2026,9717,03567930000110
5001003,Aparecida do Taboado,0  ,CO,MS,M,2026,29826,03563335000106
5001102,Aquidauana,0  ,CO,MS,M,2026,48689,03452299000103
5001243,Aral Moreira,0  ,CO,MS,M,2026,11125,03759271000113
5001508,Bandeirantes,0  ,CO,MS,M,2026,8342,03501491000142
5001904,Bataguassu,0  ,CO,MS,M,2026,24222,03576220000156
5002001,Batayporã,0  ,CO,MS,M,2026,10947,03505013000100
5002100,Bela Vista,0  ,CO,MS,M,2026,21881,03217916000196
5002159,Bodoquena,0  ,CO,MS,M,2026,8887,15465016000147
5002209,Bonito,0  ,CO,MS,M,2026,25034,03073673000160
5002308,Brasilândia,0  ,CO,MS,M,2026,11833,03184058000120
5002407,Caarapó,0  ,CO,MS,M,2026,32748,03155900000104
5002605,Camapuã,0  ,CO,MS,M,2026,13928,03501517000152
5002704,Campo Grande,1  ,CO,MS,M,2026,962883,03501509000106
5002803,Caracol,0  ,CO,MS,M,2026,5096,03217924000132
5002902,Cassilândia,0  ,CO,MS,M,2026,21565,03342920000186
5002951,Chapadão do Sul,0  ,CO,MS,M,2026,34606,24651200000172
5003108,Corguinho,0  ,CO,MS,M,2026,4892,03501525000107
5003157,Coronel Sapucaia,0  ,CO,MS,M,2026,14685,01988914000175
5003207,Corumbá,0  ,CO,MS,M,2026,98751,03330461000110
5003256,Costa Rica,0  ,CO,MS,M,2026,28740,15389596000130
5003306,Coxim,0  ,CO,MS,M,2026,33440,03510211000162
5003454,Deodápolis,0  ,CO,MS,M,2026,14317,03903176000141
5003488,Dois Irmãos do Buriti,0  ,CO,MS,M,2026,11521,24616187000110
5003504,Douradina,0  ,CO,MS,M,2026,5768,15479751000100
5003702,Dourados,0  ,CO,MS,M,2026,264017,03155926000144
5003751,Eldorado,0  ,CO,MS,M,2026,11622,03741675000180
5003801,Fátima do Sul,0  ,CO,MS,M,2026,21504,03155751000175
5003900,Figueirão,0  ,CO,MS,M,2026,3751,07158578000110
5004007,Glória de Dourados,0  ,CO,MS,M,2026,10817,03155942000137
5004106,Guia Lopes da Laguna,0  ,CO,MS,M,2026,10116,03403896000148
5004304,Iguatemi,0  ,CO,MS,M,2026,13960,03568318000161
5004403,Inocência,0  ,CO,MS,M,2026,8764,03342938000188
5004502,Itaporã,0  ,CO,MS,M,2026,25263,03156999000150
5004601,Itaquiraí,0  ,CO,MS,M,2026,20060,15403041000104
5004700,Ivinhema,0  ,CO,MS,M,2026,30001,03575875000100
5004809,Japorã,0  ,CO,MS,M,2026,8441,15905342000128
5004908,Jaraguari,0  ,CO,MS,M,2026,7480,03501533000145
5005004,Jardim,0  ,CO,MS,M,2026,24504,03162047000140
5005103,Jateí,0  ,CO,MS,M,2026,3596,03783859000102
5005152,Juti,0  ,CO,MS,M,2026,7067,24644296000141
5005202,Ladário,0  ,CO,MS,M,2026,22425,03330453000174
5005251,Laguna Carapã,0  ,CO,MS,M,2026,7037,01989813000119
5005400,Maracaju,0  ,CO,MS,M,2026,48073,03442597000112
5005608,Miranda,0  ,CO,MS,M,2026,26512,03452315000168
5005681,Mundo Novo,0  ,CO,MS,M,2026,20087,03741683000126
5005707,Naviraí,0  ,CO,MS,M,2026,53014,03155934000190
5005806,Nioaque,0  ,CO,MS,M,2026,13354,03073699000108
5006002,Nova Alvorada do Sul,0  ,CO,MS,M,2026,23409,37212719000104
5006200,Nova Andradina,0  ,CO,MS,M,2026,50848,03173317000118
5006259,Novo Horizonte do Sul,0  ,CO,MS,M,2026,4801,37226644000102
5006309,Paranaíba,0  ,CO,MS,M,2026,42638,03343118000100
5006358,Paranhos,0  ,CO,MS,M,2026,13368,01998335000103
5006408,Pedro Gomes,0  ,CO,MS,M,2026,6910,03352986000157
5006606,Ponta Porã,0  ,CO,MS,M,2026,98598,03434792000109
5006903,Porto Murtinho,0  ,CO,MS,M,2026,12721,03107539000132
5007109,Ribas do Rio Pardo,0  ,CO,MS,M,2026,24152,03501541000191
5007208,Rio Brilhante,0  ,CO,MS,M,2026,40419,03681582000107
5007307,Rio Negro,0  ,CO,MS,M,2026,4921,03501558000149
5007406,Rio Verde de Mato Grosso,0  ,CO,MS,M,2026,20454,03354560000132
5007505,Rochedo,0  ,CO,MS,M,2026,5451,03501566000195
5007554,Santa Rita do Pardo,0  ,CO,MS,M,2026,7165,01561372000150
5007695,São Gabriel do Oeste,0  ,CO,MS,M,2026,32207,15389588000194
5007703,Sete Quedas,0  ,CO,MS,M,2026,11322,03889011000162
5007802,Selvíria,0  ,CO,MS,M,2026,8716,15410665000140
5007901,Sidrolândia,0  ,CO,MS,M,2026,49735,03501574000131
5007935,Sonora,0  ,CO,MS,M,2026,14813,24651234000167
5007950,Tacuru,0  ,CO,MS,M,2026,11205,03888989000100
5007976,Taquarussu,0  ,CO,MS,M,2026,3740,03923703000180
5008008,Terenos,0  ,CO,MS,M,2026,18182,03501582000188
5008305,Três Lagoas,0  ,CO,MS,M,2026,143523,03184041000173
5008404,Vicentina,0  ,CO,MS,M,2026,6505,24644502000113
5100102,Acorizal,0  ,CO,MT,M,2026,4948,03507571000105
5100201,Água Boa,0  ,CO,MT,M,2026,32099,15023898000190
5100250,Alta Floresta,0  ,CO,MT,M,2026,62158,15023906000107
5100300,Alto Araguaia,0  ,CO,MT,M,2026,17751,03579836000180
5100359,Alto Boa Vista,0  ,CO,MT,M,2026,5920,37465143000189
5100409,Alto Garças,0  ,CO,MT,M,2026,13956,03133097000107
5100508,Alto Paraguai,0  ,CO,MT,M,2026,7525,03648532000128
5100607,Alto Taquari,0  ,CO,MT,M,2026,11877,01362680000156
5100805,Apiacás,0  ,CO,MT,M,2026,8693,01321850000154
5101001,Araguaiana,0  ,CO,MT,M,2026,4005,03239035000176
5101209,Araguainha,0  ,CO,MT,M,2026,997,03947926000187
5101258,Araputanga,0  ,CO,MT,M,2026,14805,15023914000145
5101308,Arenápolis,0  ,CO,MT,M,2026,10769,24977654000138
5101407,Aripuanã,0  ,CO,MT,M,2026,26558,03507498000171
5101605,Barão de Melgaço,0  ,CO,MT,M,2026,7137,03507563000169
5101704,Barra do Bugres,0  ,CO,MT,M,2026,29406,03507522000172
5101803,Barra do Garças,0  ,CO,MT,M,2026,73878,03439239000150
5101852,Bom Jesus do Araguaia,0  ,CO,MT,M,2026,7912,04173952000168
5101902,Brasnorte,0  ,CO,MT,M,2026,17645,01375138000138
5102504,Cáceres,0  ,CO,MT,M,2026,91767,03214145000183
5102603,Campinápolis,0  ,CO,MT,M,2026,15808,00965152000129
5102637,Campo Novo do Parecis,0  ,CO,MT,M,2026,51722,24772287000136
5102678,Campo Verde,0  ,CO,MT,M,2026,49053,24950495000188
5102686,Campos de Júlio,0  ,CO,MT,M,2026,9946,01614516000199
5102694,Canabrava do Norte,0  ,CO,MT,M,2026,4451,37465200000120
5102702,Canarana,0  ,CO,MT,M,2026,28324,15023922000191
5102793,Carlinda,0  ,CO,MT,M,2026,10260,01617905000178
5102850,Castanheira,0  ,CO,MT,M,2026,7392,24772154000160
5103007,Chapada dos Guimarães,0  ,CO,MT,M,2026,19458,03507530000119
5103056,Cláudia,0  ,CO,MT,M,2026,9301,01310499000104
5103106,Cocalinho,0  ,CO,MT,M,2026,6495,00965145000127
5103205,Colíder,0  ,CO,MT,M,2026,32054,15023930000138
5103254,Colniza,0  ,CO,MT,M,2026,26026,04213687000102
5103304,Comodoro,0  ,CO,MT,M,2026,18469,01367853000129
5103353,Confresa,0  ,CO,MT,M,2026,38460,37464716000150
5103361,Conquista D'Oeste,0  ,CO,MT,M,2026,3908,04219688000156
5103379,Cotriguaçu,0  ,CO,MT,M,2026,10030,37465309000167
5103403,Cuiabá,1  ,CO,MT,M,2026,691875,03533064000146
5103437,Curvelândia,0  ,CO,MT,M,2026,4970,04217647000120
5103452,Denise,0  ,CO,MT,M,2026,6675,03953718000190
5103502,Diamantino,0  ,CO,MT,M,2026,22623,03648540000174
5103601,Dom Aquino,0  ,CO,MT,M,2026,7890,03347119000123
5103700,Feliz Natal,0  ,CO,MT,M,2026,10523,01614088000102
5103809,Figueirópolis D'Oeste,0  ,CO,MT,M,2026,3056,01367762000193
5103858,Gaúcha do Norte,0  ,CO,MT,M,2026,9397,01614539000101
5103908,General Carneiro,0  ,CO,MT,M,2026,6319,03503612000195
5103957,Glória D'Oeste,0  ,CO,MT,M,2026,2878,37464955000100
5104104,Guarantã do Norte,0  ,CO,MT,M,2026,31209,03239019000183
5104203,Guiratinga,0  ,CO,MT,M,2026,10252,03347127000170
5104500,Indiavaí,0  ,CO,MT,M,2026,2172,03239027000120
5104526,Ipiranga do Norte,0  ,CO,MT,M,2026,8658,07209245000172
5104542,Itanhangá,0  ,CO,MT,M,2026,8257,07209225000100
5104559,Itaúba,0  ,CO,MT,M,2026,5201,03238961000127
5104609,Itiquira,0  ,CO,MT,M,2026,12587,03370251000156
5104807,Jaciara,0  ,CO,MT,M,2026,29803,03347135000116
5104906,Jangada,0  ,CO,MT,M,2026,7413,24772147000168
5105002,Jauru,0  ,CO,MT,M,2026,7881,15023948000130
5105101,Juara,0  ,CO,MT,M,2026,36089,15072663000199
5105150,Juína,0  ,CO,MT,M,2026,48396,15359201000157
5105176,Juruena,0  ,CO,MT,M,2026,10057,24950461000193
5105200,Juscimeira,0  ,CO,MT,M,2026,11622,15023955000131
5105234,Lambari D'Oeste,0  ,CO,MT,M,2026,4662,37465408000149
5105259,Lucas do Rio Verde,0  ,CO,MT,M,2026,95792,24772246000140
5105309,Luciara,0  ,CO,MT,M,2026,2616,03503620000131
5105507,Vila Bela da Santíssima Trindade,0  ,CO,MT,M,2026,17592,03214160000121
5105580,Marcelândia,0  ,CO,MT,M,2026,11355,03238987000175
5105606,Matupá,0  ,CO,MT,M,2026,21959,24772188000154
5105622,Mirassol d'Oeste,0  ,CO,MT,M,2026,27637,03755477000175
5105903,Nobres,0  ,CO,MT,M,2026,15796,03424272000107
5106000,Nortelândia,0  ,CO,MT,M,2026,5890,03425170000106
5106109,Nossa Senhora do Livramento,0  ,CO,MT,M,2026,11658,03507514000126
5106158,Nova Bandeirantes,0  ,CO,MT,M,2026,14340,33683822000173
5106174,Nova Nazaré,0  ,CO,MT,M,2026,4575,04202280000171
5106182,Nova Lacerda,0  ,CO,MT,M,2026,7072,01614519000122
5106190,Nova Santa Helena,0  ,CO,MT,M,2026,4502,04214704000118
5106208,Nova Brasilândia,0  ,CO,MT,M,2026,3791,15023963000188
5106216,Nova Canaã do Norte,0  ,CO,MT,M,2026,11734,03238912000194
5106224,Nova Mutum,0  ,CO,MT,M,2026,63455,24772162000106
5106232,Nova Olímpia,0  ,CO,MT,M,2026,16204,03238920000130
5106240,Nova Ubiratã,0  ,CO,MT,M,2026,9760,01614521000100
5106257,Nova Xavantina,0  ,CO,MT,M,2026,25915,15024045000173
5106265,Novo Mundo,0  ,CO,MT,M,2026,6368,01614517000133
5106273,Novo Horizonte do Norte,0  ,CO,MT,M,2026,3267,03238888000193
5106281,Novo São Joaquim,0  ,CO,MT,M,2026,7239,03238581000192
5106299,Paranaíta,0  ,CO,MT,M,2026,12079,03239043000112
5106307,Paranatinga,0  ,CO,MT,M,2026,28870,15023971000124
5106315,Novo Santo Antônio,0  ,CO,MT,M,2026,2041,04199966000150
5106372,Pedra Preta,0  ,CO,MT,M,2026,18946,03773942000109
5106422,Peixoto de Azevedo,0  ,CO,MT,M,2026,33754,03238631000131
5106455,Planalto da Serra,0  ,CO,MT,M,2026,3328,37465176000129
5106505,Poconé,0  ,CO,MT,M,2026,31203,03162872000144
5106653,Pontal do Araguaia,0  ,CO,MT,M,2026,7441,33000670000167
5106703,Ponte Branca,0  ,CO,MT,M,2026,2098,03503638000133
5106752,Pontes e Lacerda,0  ,CO,MT,M,2026,55762,15023989000126
5106778,Porto Alegre do Norte,0  ,CO,MT,M,2026,12649,03238672000128
5106802,Porto dos Gaúchos,0  ,CO,MT,M,2026,5705,03204187000133
5106828,Porto Esperidião,0  ,CO,MT,M,2026,10088,03238904000148
5106851,Porto Estrela,0  ,CO,MT,M,2026,3141,24740268000128
5107008,Poxoréu,0  ,CO,MT,M,2026,25103,03408911000140
5107040,Primavera do Leste,0  ,CO,MT,M,2026,96006,01974088000105
5107065,Querência,0  ,CO,MT,M,2026,31100,37465002000166
5107107,São José dos Quatro Marcos,0  ,CO,MT,M,2026,17721,15024029000180
5107156,Reserva do Cabaçal,0  ,CO,MT,M,2026,2020,01367788000131
5107180,Ribeirão Cascalheira,0  ,CO,MT,M,2026,10541,24772113000173
5107198,Ribeirãozinho,0  ,CO,MT,M,2026,2733,15943434000100
5107206,Rio Branco,0  ,CO,MT,M,2026,4440,15023997000172
5107248,Santa Carmem,0  ,CO,MT,M,2026,5795,37465283000157
5107263,Santo Afonso,0  ,CO,MT,M,2026,2416,37464161000146
5107297,São José do Povo,0  ,CO,MT,M,2026,2716,32972424000104
5107305,São José do Rio Claro,0  ,CO,MT,M,2026,14455,15024037000127
5107354,São José do Xingu,0  ,CO,MT,M,2026,6234,37465317000103
5107404,São Pedro da Cipa,0  ,CO,MT,M,2026,4250,37464948000108
5107578,Rondolândia,0  ,CO,MT,M,2026,3518,04221486000149
5107602,Rondonópolis,0  ,CO,MT,M,2026,263708,03347101000121
5107701,Rosário Oeste,0  ,CO,MT,M,2026,15041,03180924000105
5107743,Santa Cruz do Xingu,0  ,CO,MT,M,2026,2904,04178518000170
5107750,Salto do Céu,0  ,CO,MT,M,2026,3657,15024011000189
5107768,Santa Rita do Trivelato,0  ,CO,MT,M,2026,3536,04205596000117
5107776,Santa Terezinha,0  ,CO,MT,M,2026,7737,15031669000118
5107792,Santo Antônio do Leste,0  ,CO,MT,M,2026,4244,04217362000190
5107800,Santo Antônio do Leverger,0  ,CO,MT,M,2026,16839,03507555000112
5107859,São Félix do Araguaia,0  ,CO,MT,M,2026,14604,03918869000108
5107875,Sapezal,0  ,CO,MT,M,2026,32514,01614225000109
5107883,Serra Nova Dourada,0  ,CO,MT,M,2026,1941,04204945000186
5107909,Sinop,0  ,CO,MT,M,2026,223780,15024003000132
5107925,Sorriso,0  ,CO,MT,M,2026,124665,03239076000162
5107941,Tabaporã,0  ,CO,MT,M,2026,9895,37464997000140
5107958,Tangará da Serra,0  ,CO,MT,M,2026,114603,03788239000166
5108006,Tapurah,0  ,CO,MT,M,2026,15638,24772253000141
5108055,Terra Nova do Norte,0  ,CO,MT,M,2026,10591,01978212000100
5108105,Tesouro,0  ,CO,MT,M,2026,2935,03543303000149
4302709,Butiá,0  ,SU,RS,M,2026,19421,88117718000103
4302808,Caçapava do Sul,0  ,SU,RS,M,2026,33501,88142302000145
4302907,Cacequi,0  ,SU,RS,M,2026,11300,88604897000103
4303004,Cachoeira do Sul,0  ,SU,RS,M,2026,82222,87530978000143
4303103,Cachoeirinha,0  ,SU,RS,M,2026,141503,87990800000185
4303202,Cacique Doble,0  ,SU,RS,M,2026,4692,87613600000103
4303301,Caibaté,0  ,SU,RS,M,2026,4795,87613006000112
4303400,Caiçara,0  ,SU,RS,M,2026,4931,87612925000171
4303509,Camaquã,0  ,SU,RS,M,2026,63961,88696810000175
4303558,Camargo,0  ,SU,RS,M,2026,3060,92406099000144
4303608,Cambará do Sul,0  ,SU,RS,M,2026,6490,88756929000196
4303673,Campestre da Serra,0  ,SU,RS,M,2026,3311,92868868000126
4303707,Campina das Missões,0  ,SU,RS,M,2026,5999,87612859000130
4303806,Campinas do Sul,0  ,SU,RS,M,2026,5388,87613444000180
4303905,Campo Bom,0  ,SU,RS,M,2026,64719,90832619000155
4304002,Campo Novo,0  ,SU,RS,M,2026,5063,87613162000183
4304101,Campos Borges,0  ,SU,RS,M,2026,3695,92406164000131
4304200,Candelária,0  ,SU,RS,M,2026,29775,87568911000106
4304309,Cândido Godói,0  ,SU,RS,M,2026,6419,87612842000182
4304358,Candiota,0  ,SU,RS,M,2026,11012,94702818000108
4304408,Canela,0  ,SU,RS,M,2026,50715,88585518000185
4304507,Canguçu,0  ,SU,RS,M,2026,50968,88861430000149
4304606,Canoas,0  ,SU,RS,M,2026,359840,88577416000118
4304614,Canudos do Vale,0  ,SU,RS,M,2026,1686,04218263000122
4304622,Capão Bonito do Sul,0  ,SU,RS,M,2026,1769,04215971000100
4304630,Capão da Canoa,0  ,SU,RS,M,2026,66234,90836693000140
4304655,Capão do Cipó,0  ,SU,RS,M,2026,3187,04213779000184
4304663,Capão do Leão,0  ,SU,RS,M,2026,27416,87691507000117
4304671,Capivari do Sul,0  ,SU,RS,M,2026,4080,01610503000141
4304689,Capela de Santana,0  ,SU,RS,M,2026,11424,92122720000148
4304697,Capitão,0  ,SU,RS,M,2026,2994,94706132000187
4304705,Carazinho,0  ,SU,RS,M,2026,63670,87613535000116
4304713,Caraá,0  ,SU,RS,M,2026,7555,01614158000114
4304804,Carlos Barbosa,0  ,SU,RS,M,2026,31585,88587183000134
4304853,Carlos Gomes,0  ,SU,RS,M,2026,1384,93539187000187
4304903,Casca,0  ,SU,RS,M,2026,9698,87596623000157
4304952,Caseiros,0  ,SU,RS,M,2026,3064,90483058000126
4305009,Catuípe,0  ,SU,RS,M,2026,8834,87613063000100
4305108,Caxias do Sul,0  ,SU,RS,M,2026,479599,88830609000139
4305116,Centenário,0  ,SU,RS,M,2026,2777,93539138000144
4305124,Cerrito,0  ,SU,RS,M,2026,5910,01612869000150
4305132,Cerro Branco,0  ,SU,RS,M,2026,3859,92000223000177
4305157,Cerro Grande,0  ,SU,RS,M,2026,2428,92005545000109
4305173,Cerro Grande do Sul,0  ,SU,RS,M,2026,9333,92324748000168
4305207,Cerro Largo,0  ,SU,RS,M,2026,14014,87612990000105
4305306,Chapada,0  ,SU,RS,M,2026,9751,87613220000179
4305355,Charqueadas,0  ,SU,RS,M,2026,36110,88743604000179
4305371,Charrua,0  ,SU,RS,M,2026,2800,92450733000146
4305405,Chiapetta,0  ,SU,RS,M,2026,3991,87613055000155
4305439,Chuí,0  ,SU,RS,M,2026,6409,01606399000111
4305447,Chuvisca,0  ,SU,RS,M,2026,4682,01610869000110
4305454,Cidreira,0  ,SU,RS,M,2026,17583,90256686000179
4305504,Ciríaco,0  ,SU,RS,M,2026,4208,88202437000159
2404903,Itaú,0  ,NE,RN,M,2026,5447,08148553000106
2405009,Jaçanã,0  ,NE,RN,M,2026,8053,08158800000147
2405108,Jandaíra,0  ,NE,RN,M,2026,6752,08309239000150
2405207,Janduís,0  ,NE,RN,M,2026,4813,08349003000147
2405306,Boa Saúde,0  ,NE,RN,M,2026,8843,08142655000106
2405405,Japi,0  ,NE,RN,M,2026,5219,08159071000143
2405504,Jardim de Angicos,0  ,NE,RN,M,2026,2488,08111338000122
2405603,Jardim de Piranhas,0  ,NE,RN,M,2026,14446,08096604000195
2405702,Jardim do Seridó,0  ,NE,RN,M,2026,11942,08086662000138
2405801,João Câmara,0  ,NE,RN,M,2026,34849,08309536000103
2405900,João Dias,0  ,NE,RN,M,2026,2073,08148470000109
2406007,José da Penha,0  ,NE,RN,M,2026,5966,08357642000154
2406106,Jucurutu,0  ,NE,RN,M,2026,18304,08095283000104
2406155,Jundiá,0  ,NE,RN,M,2026,3868,04214217000155
2406205,Lagoa d'Anta,0  ,NE,RN,M,2026,6756,08142887000164
2406304,Lagoa de Pedras,0  ,NE,RN,M,2026,7597,08143026000109
2406403,Lagoa de Velhos,0  ,NE,RN,M,2026,2631,08159162000189
2406502,Lagoa Nova,0  ,NE,RN,M,2026,16203,08182313000110
2406601,Lagoa Salgada,0  ,NE,RN,M,2026,8657,08162869000144
2406700,Lajes,0  ,NE,RN,M,2026,10094,08113466000105
2406809,Lajes Pintadas,0  ,NE,RN,M,2026,4950,08159394000137
2406908,Lucrécia,0  ,NE,RN,M,2026,3576,08349045000188
2407005,Luís Gomes,0  ,NE,RN,M,2026,9271,08357600000113
2407104,Macaíba,0  ,NE,RN,M,2026,87056,08234148000100
2407203,Macau,0  ,NE,RN,M,2026,28350,08184434000109
2407252,Major Sales,0  ,NE,RN,M,2026,4086,01612383000111
2407302,Marcelino Vieira,0  ,NE,RN,M,2026,8083,08357618000115
2407401,Martins,0  ,NE,RN,M,2026,8415,08153462000150
2407500,Maxaranguape,0  ,NE,RN,M,2026,10534,08170540000125
2407609,Messias Targino,0  ,NE,RN,M,2026,4410,08349060000126
2407708,Montanhas,0  ,NE,RN,M,2026,11785,08354383000108
2407807,Monte Alegre,0  ,NE,RN,M,2026,23953,08365900000144
2407906,Monte das Gameleiras,0  ,NE,RN,M,2026,2345,08196941000154
2408003,Mossoró,0  ,NE,RN,M,2026,278587,08348971000139
2408102,Natal,1  ,NE,RN,M,2026,784249,08241747000143
2408201,Nísia Floresta,0  ,NE,RN,M,2026,34325,08167306000149
2408300,Nova Cruz,0  ,NE,RN,M,2026,35523,08144784000133
2408409,Olho-d'Água do Borges,0  ,NE,RN,M,2026,3736,08349029000195
2408508,Ouro Branco,0  ,NE,RN,M,2026,5084,08095473000121
2408607,Paraná,0  ,NE,RN,M,2026,4048,08148454000116
2408706,Paraú,0  ,NE,RN,M,2026,3650,08084691000160
2408805,Parazinho,0  ,NE,RN,M,2026,4945,08113631000129
2408904,Parelhas,0  ,NE,RN,M,2026,22242,08087561000181
2408953,Rio do Fogo,0  ,NE,RN,M,2026,10692,01612393000157
2409100,Passa e Fica,0  ,NE,RN,M,2026,11407,08144982000105
2409209,Passagem,0  ,NE,RN,M,2026,3233,08145153000139
2409308,Patu,0  ,NE,RN,M,2026,11215,08349078000128
2409332,Santa Maria,0  ,NE,RN,M,2026,5000,01612438000193
2409407,Pau dos Ferros,0  ,NE,RN,M,2026,32123,08148421000176
2409506,Pedra Grande,0  ,NE,RN,M,2026,3736,08113896000127
2409605,Pedra Preta,0  ,NE,RN,M,2026,2495,08113995000109
2409704,Pedro Avelino,0  ,NE,RN,M,2026,6312,08294654000187
2409803,Pedro Velho,0  ,NE,RN,M,2026,14197,08354896000119
2409902,Pendências,0  ,NE,RN,M,2026,12499,08122657000133
2410009,Pilões,0  ,NE,RN,M,2026,2992,08148488000100
5209804,Hidrolina,0  ,CO,GO,M,2026,3477,01067230000130
5209903,Iaciara,0  ,CO,GO,M,2026,10289,01740448000104
5209937,Inaciolândia,0  ,CO,GO,M,2026,6076,26923755000151
5209952,Indiara,0  ,CO,GO,M,2026,17985,00005959000110
5210000,Inhumas,0  ,CO,GO,M,2026,53884,01153030000109
5210109,Ipameri,0  ,CO,GO,M,2026,26223,01763606000141
5210158,Ipiranga de Goiás,0  ,CO,GO,M,2026,2968,04215377000119
5210208,Iporá,0  ,CO,GO,M,2026,37283,01157536000188
5210307,Israelândia,0  ,CO,GO,M,2026,2515,01067248000132
5210406,Itaberaí,0  ,CO,GO,M,2026,47603,02451938000153
5210562,Itaguari,0  ,CO,GO,M,2026,5120,24850109000186
5210604,Itaguaru,0  ,CO,GO,M,2026,4837,01067255000134
5210802,Itajá,0  ,CO,GO,M,2026,4276,02186757000147
5210901,Itapaci,0  ,CO,GO,M,2026,21891,01134808000124
5211008,Itapirapuã,0  ,CO,GO,M,2026,8133,02024933000144
5211206,Itapuranga,0  ,CO,GO,M,2026,26553,01146604000103
5211305,Itarumã,0  ,CO,GO,M,2026,6124,01067271000127
5211404,Itauçu,0  ,CO,GO,M,2026,7636,00167437000114
5211503,Itumbiara,0  ,CO,GO,M,2026,113322,02204196000161
5211602,Ivolândia,0  ,CO,GO,M,2026,2731,02321891000103
5211701,Jandaia,0  ,CO,GO,M,2026,6365,02879138000138
5211800,Jaraguá,0  ,CO,GO,M,2026,46633,01223916000173
5211909,Jataí,0  ,CO,GO,M,2026,111634,01165729000180
5212006,Jaupaci,0  ,CO,GO,M,2026,2939,01767342000102
5212055,Jesúpolis,0  ,CO,GO,M,2026,2112,37623501000134
5212105,Joviânia,0  ,CO,GO,M,2026,7247,02029957000196
5212204,Jussara,0  ,CO,GO,M,2026,19926,02922128000138
5212253,Lagoa Santa,0  ,CO,GO,M,2026,1435,04215178000100
5212303,Leopoldo de Bulhões,0  ,CO,GO,M,2026,9123,01067305000183
5212501,Luziânia,0  ,CO,GO,M,2026,221262,01169416000109
5212600,Mairipotaba,0  ,CO,GO,M,2026,2631,01067842000123
5212709,Mambaí,0  ,CO,GO,M,2026,8493,01740463000152
5212808,Mara Rosa,0  ,CO,GO,M,2026,10806,00007468000108
5212907,Marzagão,0  ,CO,GO,M,2026,2942,01174580000104
5212956,Matrinchã,0  ,CO,GO,M,2026,4004,24850216000104
5213004,Maurilândia,0  ,CO,GO,M,2026,10145,02056752000108
5213053,Mimoso de Goiás,0  ,CO,GO,M,2026,2626,25053430000100
5213087,Minaçu,0  ,CO,GO,M,2026,26616,02215275000178
5213103,Mineiros,0  ,CO,GO,M,2026,74999,02316537000190
5213400,Moiporá,0  ,CO,GO,M,2026,1687,02321909000177
5213509,Monte Alegre de Goiás,0  ,CO,GO,M,2026,6534,01126341000170
5213707,Montes Claros de Goiás,0  ,CO,GO,M,2026,9024,01767722000139
5213756,Montividiu,0  ,CO,GO,M,2026,13094,25043571000134
5213772,Montividiu do Norte,0  ,CO,GO,M,2026,3743,25005166000121
5213806,Morrinhos,0  ,CO,GO,M,2026,54326,01789551000149
5213855,Morro Agudo de Goiás,0  ,CO,GO,M,2026,2505,25043621000183
5213905,Mossâmedes,0  ,CO,GO,M,2026,4626,02267698000131
5214002,Mozarlândia,0  ,CO,GO,M,2026,15199,01135227000107
5214051,Mundo Novo,0  ,CO,GO,M,2026,6202,00163055000112
5214101,Mutunópolis,0  ,CO,GO,M,2026,3540,01799683000151
5214408,Nazário,0  ,CO,GO,M,2026,8349,01373620000139
5214507,Nerópolis,0  ,CO,GO,M,2026,34273,01105626000125
5214606,Niquelândia,0  ,CO,GO,M,2026,33890,02215895000107
5214705,Nova América,0  ,CO,GO,M,2026,2380,01135409000188
5214804,Nova Aurora,0  ,CO,GO,M,2026,2132,01303619000138
5214838,Nova Crixás,0  ,CO,GO,M,2026,13153,00236968000111
5214861,Nova Glória,0  ,CO,GO,M,2026,8356,00098095000128
5214879,Nova Iguaçu de Goiás,0  ,CO,GO,M,2026,3084,33331661000159
5214903,Nova Roma,0  ,CO,GO,M,2026,3022,01067925000112
5215009,Nova Veneza,0  ,CO,GO,M,2026,9883,01123678000124
5215207,Novo Brasil,0  ,CO,GO,M,2026,3567,00006874000156
5215231,Novo Gama,0  ,CO,GO,M,2026,107663,01629276000104
5215256,Novo Planalto,0  ,CO,GO,M,2026,3703,25041005000193
5215306,Orizona,0  ,CO,GO,M,2026,17035,02385839000110
5215405,Ouro Verde de Goiás,0  ,CO,GO,M,2026,4109,01485531000184
5215504,Ouvidor,0  ,CO,GO,M,2026,7665,01131010000129
5215603,Padre Bernardo,0  ,CO,GO,M,2026,37207,01170331000132
5215652,Palestina de Goiás,0  ,CO,GO,M,2026,3113,24858102000100
5215702,Palmeiras de Goiás,0  ,CO,GO,M,2026,34375,02394757000132
5215801,Palmelo,0  ,CO,GO,M,2026,2266,01181239000178
5215900,Palminópolis,0  ,CO,GO,M,2026,3959,01178573000172
5216007,Panamá,0  ,CO,GO,M,2026,2432,00079830000156
5216304,Paranaiguara,0  ,CO,GO,M,2026,7356,02056745000106
5216403,Paraúna,0  ,CO,GO,M,2026,10727,02394765000189
5216452,Perolândia,0  ,CO,GO,M,2026,2999,24859324000148
5216809,Petrolina de Goiás,0  ,CO,GO,M,2026,9519,01825413000178
5216908,Pilar de Goiás,0  ,CO,GO,M,2026,2254,02647303000126
5217104,Piracanjuba,0  ,CO,GO,M,2026,25373,01179647000195
5217203,Piranhas,0  ,CO,GO,M,2026,11940,01168145000169
5217302,Pirenópolis,0  ,CO,GO,M,2026,28028,01067941000105
5217401,Pires do Rio,0  ,CO,GO,M,2026,33736,01181585000156
5217609,Planaltina,0  ,CO,GO,M,2026,112304,01740422000166
5217708,Pontalina,0  ,CO,GO,M,2026,18763,01791276000106
5218003,Porangatu,0  ,CO,GO,M,2026,45512,01801612000146
5218052,Porteirão,0  ,CO,GO,M,2026,4276,01617413000182
5218102,Portelândia,0  ,CO,GO,M,2026,3191,02317378000149
5218300,Posse,0  ,CO,GO,M,2026,36291,01743335000162
5218391,Professor Jamil,0  ,CO,GO,M,2026,3750,37388295000125
5218508,Quirinópolis,0  ,CO,GO,M,2026,50329,02056737000151
5218607,Rialma,0  ,CO,GO,M,2026,12665,01135904000197
5218706,Rianápolis,0  ,CO,GO,M,2026,3893,01300094000187
5218789,Rio Quente,0  ,CO,GO,M,2026,4033,24852675000127
5218805,Rio Verde,0  ,CO,GO,M,2026,241494,02056729000105
5218904,Rubiataba,0  ,CO,GO,M,2026,20186,02382836000123
5219001,Sanclerlândia,0  ,CO,GO,M,2026,8085,02164804000151
5219100,Santa Bárbara de Goiás,0  ,CO,GO,M,2026,6306,02264166000140
5219209,Santa Cruz de Goiás,0  ,CO,GO,M,2026,3004,02669976000187
5219258,Santa Fé de Goiás,0  ,CO,GO,M,2026,5047,25107517000105
5219308,Santa Helena de Goiás,0  ,CO,GO,M,2026,39601,02056711000103
5219357,Santa Isabel,0  ,CO,GO,M,2026,3543,00027722000130
5219407,Santa Rita do Araguaia,0  ,CO,GO,M,2026,5765,01067990000148
5219456,Santa Rita do Novo Destino,0  ,CO,GO,M,2026,2611,01612756000154
5219506,Santa Rosa de Goiás,0  ,CO,GO,M,2026,2828,01761113000172
5219605,Santa Tereza de Goiás,0  ,CO,GO,M,2026,3172,02073484000124
5219704,Santa Terezinha de Goiás,0  ,CO,GO,M,2026,10837,01137116000130
5219712,Santo Antônio da Barra,0  ,CO,GO,M,2026,4279,37275823000130
5219738,Santo Antônio de Goiás,0  ,CO,GO,M,2026,8066,37623485000180
5219753,Santo Antônio do Descoberto,0  ,CO,GO,M,2026,75221,00097857000171
5219803,São Domingos,0  ,CO,GO,M,2026,9457,01068014000100
5219902,São Francisco de Goiás,0  ,CO,GO,M,2026,6507,02468437000180
5220009,São João d'Aliança,0  ,CO,GO,M,2026,15026,01313113000100
5220058,São João da Paraúna,0  ,CO,GO,M,2026,1812,25105222000108
5220108,São Luís de Montes Belos,0  ,CO,GO,M,2026,35288,02320406000187
5220157,São Luiz do Norte,0  ,CO,GO,M,2026,4939,25043639000185
5220207,São Miguel do Araguaia,0  ,CO,GO,M,2026,22040,02391654000119
5220264,São Miguel do Passa Quatro,0  ,CO,GO,M,2026,4671,24862864000180
5220280,São Patrício,0  ,CO,GO,M,2026,2200,01616670000108
5220405,São Simão,0  ,CO,GO,M,2026,17181,02056778000148
5220454,Senador Canedo,0  ,CO,GO,M,2026,175042,25107525000151
5220504,Serranópolis,0  ,CO,GO,M,2026,8237,01343086000118
5220603,Silvânia,0  ,CO,GO,M,2026,23150,01068030000100
5220686,Simolândia,0  ,CO,GO,M,2026,5634,24855058000185
5220702,Sítio d'Abadia,0  ,CO,GO,M,2026,2978,01740489000109
5221007,Taquaral de Goiás,0  ,CO,GO,M,2026,4180,01068055000104
5221080,Teresina de Goiás,0  ,CO,GO,M,2026,2660,25105339000183
5221197,Terezópolis de Goiás,0  ,CO,GO,M,2026,8340,36985455000150
5221304,Três Ranchos,0  ,CO,GO,M,2026,2976,01304286000161
5221403,Trindade,0  ,CO,GO,M,2026,153560,01217538000115
5221452,Trombas,0  ,CO,GO,M,2026,3080,25004771000188
5221502,Turvânia,0  ,CO,GO,M,2026,4449,02321883000167
5221551,Turvelândia,0  ,CO,GO,M,2026,5171,25107657000183
5221577,Uirapuru,0  ,CO,GO,M,2026,2798,37622164000160
5221601,Uruaçu,0  ,CO,GO,M,2026,44533,01219807000182
5221700,Uruana,0  ,CO,GO,M,2026,13857,02295640000100
5221809,Urutaí,0  ,CO,GO,M,2026,3700,01763622000134
5221858,Valparaíso de Goiás,0  ,CO,GO,M,2026,218416,01616319000109
5221908,Varjão,0  ,CO,GO,M,2026,3770,01218643000179
5222005,Vianópolis,0  ,CO,GO,M,2026,15644,01299692000183
5222054,Vicentinópolis,0  ,CO,GO,M,2026,9175,00044834000107
5222203,Vila Boa,0  ,CO,GO,M,2026,4145,37388378000114
5222302,Vila Propício,0  ,CO,GO,M,2026,6028,01612817000183
5300108,Brasília,1  ,CO,DF,M,2026,2996899,26994533000120
4314548,Pinto Bandeira,0  ,SU,RS,M,2026,2785,04213671000191
4212650,Pescaria Brava,0  ,SU,SC,M,2026,10615,16780795000138
5006275,Paraíso das Águas,0  ,CO,MS,M,2026,5842,17361639000103
1504752,Mojuí dos Campos,0  ,NO,PA,M,2026,25818,17349848000123
5101837,Boa Esperança do Norte,0  ,CO,MT,M,2026,5877,58673892000171
2902658,Banzaê,0  ,NE,BA,M,2026,12288,16298614000131
2415008,Vila Flor,0  ,NE,RN,M,2026,3304,08169278000107
1101450,Parecis,0  ,NO,RO,M,2026,4372,84745363000146
3521309,Ipuã,0  ,SE,SP,M,2026,14701,49556863000139
17,Tocantins,0  ,NO,BR,E,2026,1584306,01786029000103
4313201,Nova Petrópolis,0  ,SU,RS,M,2026,23934,88572748000100
4313300,Nova Prata,0  ,SU,RS,M,2026,26637,91618439000138
4313334,Nova Ramada,0  ,SU,RS,M,2026,2198,01611828000149
4313359,Nova Roma do Sul,0  ,SU,RS,M,2026,3545,91110296000159
4313375,Nova Santa Rita,0  ,SU,RS,M,2026,30189,94309291000148
4313391,Novo Cabrais,0  ,SU,RS,M,2026,3633,01601856000185
4313409,Novo Hamburgo,0  ,SU,RS,M,2026,235802,88254875000160
4313425,Novo Machado,0  ,SU,RS,M,2026,3239,94187341000161
4313441,Novo Tiradentes,0  ,SU,RS,M,2026,2187,92411172000176
4313466,Novo Xingu,0  ,SU,RS,M,2026,1677,04207526000106
4313490,Novo Barreiro,0  ,SU,RS,M,2026,4375,92410521000135
4313508,Osório,0  ,SU,RS,M,2026,48999,88814181000130
4313607,Paim Filho,0  ,SU,RS,M,2026,3685,87613568000166
4313656,Palmares do Sul,0  ,SU,RS,M,2026,13189,90836701000158
4313706,Palmeira das Missões,0  ,SU,RS,M,2026,34227,88541354000194
4313805,Palmitinho,0  ,SU,RS,M,2026,8042,87612909000189
4313904,Panambi,0  ,SU,RS,M,2026,45102,88702089000189
4313953,Pantano Grande,0  ,SU,RS,M,2026,10443,91342667000128
4314001,Paraí,0  ,SU,RS,M,2026,7362,87502886000150
4314027,Paraíso do Sul,0  ,SU,RS,M,2026,6627,92000207000184
4314035,Pareci Novo,0  ,SU,RS,M,2026,4441,93235950000186
4314050,Parobé,0  ,SU,RS,M,2026,53569,88372883000101
4314068,Passa Sete,0  ,SU,RS,M,2026,4024,01612364000195
4314076,Passo do Sobrado,0  ,SU,RS,M,2026,6155,94577616000173
4314100,Passo Fundo,0  ,SU,RS,M,2026,214811,87612537000190
4314134,Paulo Bento,0  ,SU,RS,M,2026,2188,04215168000175
4314159,Paverama,0  ,SU,RS,M,2026,8146,91693317000106
4314175,Pedras Altas,0  ,SU,RS,M,2026,2099,04219099000178
4314209,Pedro Osório,0  ,SU,RS,M,2026,7631,88859962000141
4314308,Pejuçara,0  ,SU,RS,M,2026,3817,87566188000118
4314407,Pelotas,0  ,SU,RS,M,2026,336150,87455531000157
4314423,Picada Café,0  ,SU,RS,M,2026,5473,92871466000180
4314456,Pinhal,0  ,SU,RS,M,2026,3039,92005586000103
4314464,Pinhal da Serra,0  ,SU,RS,M,2026,2300,04213870000108
4314472,Pinhal Grande,0  ,SU,RS,M,2026,3861,94444346000122
4314498,Pinheirinho do Vale,0  ,SU,RS,M,2026,4638,92411099000132
4314506,Pinheiro Machado,0  ,SU,RS,M,2026,11395,88084942000146
4314555,Pirapó,0  ,SU,RS,M,2026,2255,91553941000108
4314605,Piratini,0  ,SU,RS,M,2026,17770,88861448000140
4314704,Planalto,0  ,SU,RS,M,2026,10624,87612891000115
4314753,Poço das Antas,0  ,SU,RS,M,2026,2224,91693333000107
4314779,Pontão,0  ,SU,RS,M,2026,3345,92451152000129
4314787,Ponte Preta,0  ,SU,RS,M,2026,1602,93539161000139
4314803,Portão,0  ,SU,RS,M,2026,35273,87344016000108
4314902,Porto Alegre,1  ,SU,RS,M,2026,1388794,92963560000160
4315008,Porto Lucena,0  ,SU,RS,M,2026,4414,87613659000100
4315057,Porto Mauá,0  ,SU,RS,M,2026,2173,93845519000151
4315073,Porto Vera Cruz,0  ,SU,RS,M,2026,1582,91105452000193
4315107,Porto Xavier,0  ,SU,RS,M,2026,10127,87613667000148
4315131,Pouso Novo,0  ,SU,RS,M,2026,1771,92454826000149
4315149,Presidente Lucena,0  ,SU,RS,M,2026,3166,94707494000192
4315156,Progresso,0  ,SU,RS,M,2026,5423,92454800000109
4315172,Protásio Alves,0  ,SU,RS,M,2026,2070,91566885000146
4315206,Putinga,0  ,SU,RS,M,2026,3809,88186754000129
4315305,Quaraí,0  ,SU,RS,M,2026,23995,88123492000153
4315313,Quatro Irmãos,0  ,SU,RS,M,2026,1577,04215994000114
4315321,Quevedos,0  ,SU,RS,M,2026,2553,94444122000110
4315354,Quinze de Novembro,0  ,SU,RS,M,2026,4003,91574764000146
4315404,Redentora,0  ,SU,RS,M,2026,9931,87613113000140
4315453,Relvado,0  ,SU,RS,M,2026,1826,92402510000103
4315503,Restinga Sêca,0  ,SU,RS,M,2026,15205,87490306000151
4315552,Rio dos Índios,0  ,SU,RS,M,2026,2866,94704103000186
4315602,Rio Grande,0  ,SU,RS,M,2026,198935,88566872000162
4315701,Rio Pardo,0  ,SU,RS,M,2026,35641,88821079000162
4315750,Riozinho,0  ,SU,RS,M,2026,4574,92401553000174
4315800,Roca Sales,0  ,SU,RS,M,2026,10646,88187935000170
4315909,Rodeio Bonito,0  ,SU,RS,M,2026,6831,87613204000186
4315958,Rolador,0  ,SU,RS,M,2026,2330,04203896000167
4316006,Rolante,0  ,SU,RS,M,2026,21752,90936956000192
4316105,Ronda Alta,0  ,SU,RS,M,2026,9969,87711503000153
4316204,Rondinha,0  ,SU,RS,M,2026,5078,87712212000180
4316303,Roque Gonzales,0  ,SU,RS,M,2026,6693,87612982000150
4316402,Rosário do Sul,0  ,SU,RS,M,2026,37674,88138292000174
4316428,Sagrada Família,0  ,SU,RS,M,2026,2528,92410422000153
4316436,Saldanha Marinho,0  ,SU,RS,M,2026,2619,92399153000171
4316451,Salto do Jacuí,0  ,SU,RS,M,2026,10357,89658025000190
4316477,Salvador das Missões,0  ,SU,RS,M,2026,2955,93592731000154
4316501,Salvador do Sul,0  ,SU,RS,M,2026,7184,87860763000190
4316600,Sananduva,0  ,SU,RS,M,2026,16770,87613543000162
4316709,Santa Bárbara do Sul,0  ,SU,RS,M,2026,8269,88496468000160
4316733,Santa Cecília do Sul,0  ,SU,RS,M,2026,1710,04215090000199
4316758,Santa Clara do Sul,0  ,SU,RS,M,2026,7079,94705936000161
4316808,Santa Cruz do Sul,0  ,SU,RS,M,2026,138270,95440517000108
4316907,Santa Maria,0  ,SU,RS,M,2026,282395,88488366000100
4316956,Santa Maria do Herval,0  ,SU,RS,M,2026,6486,91995373000103
4316972,Santa Margarida do Sul,0  ,SU,RS,M,2026,2661,04219343000100
4317004,Santana da Boa Vista,0  ,SU,RS,M,2026,7128,88141460000180
4317103,Sant'Ana do Livramento,0  ,SU,RS,M,2026,87329,88124961000159
4317202,Santa Rosa,0  ,SU,RS,M,2026,79488,88546890000182
4317251,Santa Tereza,0  ,SU,RS,M,2026,1529,91987719000113
4317301,Santa Vitória do Palmar,0  ,SU,RS,M,2026,31965,88824099000197
4317400,Santiago,0  ,SU,RS,M,2026,50336,87897740000150
4317509,Santo Ângelo,0  ,SU,RS,M,2026,79146,87613071000148
4317558,Santo Antônio do Palma,0  ,SU,RS,M,2026,2134,92412832000133
4317608,Santo Antônio da Patrulha,0  ,SU,RS,M,2026,44431,88814199000132
4317707,Santo Antônio das Missões,0  ,SU,RS,M,2026,10485,87612974000104
4317756,Santo Antônio do Planalto,0  ,SU,RS,M,2026,2138,94704020000197
4317806,Santo Augusto,0  ,SU,RS,M,2026,14196,87613105000102
4317905,Santo Cristo,0  ,SU,RS,M,2026,15667,87612818000143
4317954,Santo Expedito do Sul,0  ,SU,RS,M,2026,2395,90484296000156
4318002,São Borja,0  ,SU,RS,M,2026,61311,88489786000101
4318051,São Domingos do Sul,0  ,SU,RS,M,2026,2806,92406453000130
5108204,Torixoréu,0  ,CO,MT,M,2026,4238,03503646000180
5108303,União do Sul,0  ,CO,MT,M,2026,3904,01614538000159
5108352,Vale de São Domingos,0  ,CO,MT,M,2026,2892,04215993000170
5108402,Várzea Grande,0  ,CO,MT,M,2026,318922,03507548000110
5108501,Vera,0  ,CO,MT,M,2026,10758,00179531000193
5108600,Vila Rica,0  ,CO,MT,M,2026,19686,03238862000145
5108808,Nova Guarita,0  ,CO,MT,M,2026,4546,37465598000102
5108857,Nova Marilândia,0  ,CO,MT,M,2026,3731,37464989000102
5108907,Nova Maringá,0  ,CO,MT,M,2026,5705,37464831000124
5108956,Nova Monte Verde,0  ,CO,MT,M,2026,8470,37465556000163
5200050,Abadia de Goiás,0  ,CO,GO,M,2026,22052,01613940000119
5200100,Abadiânia,0  ,CO,GO,M,2026,17738,01298330000178
5200134,Acreúna,0  ,CO,GO,M,2026,22079,02218683000183
5200159,Adelândia,0  ,CO,GO,M,2026,2282,25108291000167
5200175,Água Fria de Goiás,0  ,CO,GO,M,2026,4979,25141292000103
5200209,Água Limpa,0  ,CO,GO,M,2026,1843,01173053000177
5200258,Águas Lindas de Goiás,0  ,CO,GO,M,2026,245352,01616520000196
5200308,Alexânia,0  ,CO,GO,M,2026,28244,01298975000100
5200506,Aloândia,0  ,CO,GO,M,2026,1977,01345537000156
5200555,Alto Horizonte,0  ,CO,GO,M,2026,6487,33331604000170
5200605,Alto Paraíso de Goiás,0  ,CO,GO,M,2026,11182,01740455000106
5200803,Alvorada do Norte,0  ,CO,GO,M,2026,8619,02367597000132
5200829,Amaralina,0  ,CO,GO,M,2026,3267,01492098000104
5200852,Americano do Brasil,0  ,CO,GO,M,2026,5260,00007344000122
5200902,Amorinópolis,0  ,CO,GO,M,2026,2906,01067073000163
5201108,Anápolis,0  ,CO,GO,M,2026,420300,01067479000146
5201207,Anhanguera,0  ,CO,GO,M,2026,913,01127430000131
5201306,Anicuns,0  ,CO,GO,M,2026,18306,02262368000153
5201405,Aparecida de Goiânia,0  ,CO,GO,M,2026,556021,01005727000124
5201454,Aparecida do Rio Doce,0  ,CO,GO,M,2026,3045,24859316000100
5201504,Aporé,0  ,CO,GO,M,2026,4488,02186336000116
5201603,Araçu,0  ,CO,GO,M,2026,3840,01318898000103
2700201,Anadia,0  ,NE,AL,M,2026,14167,12227351000119
2700300,Arapiraca,0  ,NE,AL,M,2026,243906,12198693000158
2700409,Atalaia,0  ,NE,AL,M,2026,38480,12200143000126
2700508,Barra de Santo Antônio,0  ,NE,AL,M,2026,16756,12262713000102
2700607,Barra de São Miguel,0  ,NE,AL,M,2026,8123,12263869000108
2700706,Batalha,0  ,NE,AL,M,2026,17103,12250056000183
2700805,Belém,0  ,NE,AL,M,2026,4819,12227641000162
2700904,Belo Monte,0  ,NE,AL,M,2026,5895,12250163000101
2701001,Boca da Mata,0  ,NE,AL,M,2026,21479,12264396000163
2701100,Branquinha,0  ,NE,AL,M,2026,9779,12332995000177
2701209,Cacimbinhas,0  ,NE,AL,M,2026,10705,12227971000158
2701308,Cajueiro,0  ,NE,AL,M,2026,16572,12333738000150
2701357,Campestre,0  ,NE,AL,M,2026,6808,01631604000107
2701407,Campo Alegre,0  ,NE,AL,M,2026,32558,12264628000183
2701506,Campo Grande,0  ,NE,AL,M,2026,8285,12198701000166
2701605,Canapi,0  ,NE,AL,M,2026,15730,12367892000142
2701704,Capela,0  ,NE,AL,M,2026,15051,12333753000106
2701803,Carneiros,0  ,NE,AL,M,2026,9206,12250684000169
2701902,Chã Preta,0  ,NE,AL,M,2026,6000,12334629000157
2702009,Coité do Nóia,0  ,NE,AL,M,2026,11036,12198719000168
2702108,Colônia Leopoldina,0  ,NE,AL,M,2026,15915,12332987000120
2702207,Coqueiro Seco,0  ,NE,AL,M,2026,5701,12200325000105
2702306,Coruripe,0  ,NE,AL,M,2026,51784,12264230000147
2702355,Craíbas,0  ,NE,AL,M,2026,26144,08439549000199
2702405,Delmiro Gouveia,0  ,NE,AL,M,2026,52845,12224895000127
2702504,Dois Riachos,0  ,NE,AL,M,2026,9898,12250908000132
2702553,Estrela de Alagoas,0  ,NE,AL,M,2026,15688,24176307000106
2702603,Feira Grande,0  ,NE,AL,M,2026,23204,12207528000115
2702702,Feliz Deserto,0  ,NE,AL,M,2026,4035,12242020000158
2702801,Flexeiras,0  ,NE,AL,M,2026,9745,12262721000159
2702900,Girau do Ponciano,0  ,NE,AL,M,2026,37337,12207536000161
2703007,Ibateguara,0  ,NE,AL,M,2026,13982,12332961000182
2703106,Igaci,0  ,NE,AL,M,2026,24445,12228375000192
2703205,Igreja Nova,0  ,NE,AL,M,2026,22113,12242350000143
2703304,Inhapi,0  ,NE,AL,M,2026,15396,12226197000160
2703403,Jacaré dos Homens,0  ,NE,AL,M,2026,5180,12250999000106
2703502,Jacuípe,0  ,NE,AL,M,2026,5419,12247755000174
2703601,Japaratinga,0  ,NE,AL,M,2026,9457,12247946000136
2703700,Jaramataia,0  ,NE,AL,M,2026,5069,12207544000108
2703759,Jequiá da Praia,0  ,NE,AL,M,2026,9607,02917132000108
2703809,Joaquim Gomes,0  ,NE,AL,M,2026,17342,12262739000150
2703908,Jundiá,0  ,NE,AL,M,2026,4175,12248100000110
2704005,Junqueiro,0  ,NE,AL,M,2026,24382,12265468000197
2704104,Lagoa da Canoa,0  ,NE,AL,M,2026,18836,12207551000100
2704203,Limoeiro de Anadia,0  ,NE,AL,M,2026,25184,12207403000195
2704302,Maceió,1  ,NE,AL,M,2026,994952,12200135000180
2704401,Major Isidoro,0  ,NE,AL,M,2026,17828,12228904000158
2704500,Maragogi,0  ,NE,AL,M,2026,33269,12248522000196
2704609,Maravilha,0  ,NE,AL,M,2026,9709,12251286000167
2704708,Marechal Deodoro,0  ,NE,AL,M,2026,62477,12200275000158
2704807,Maribondo,0  ,NE,AL,M,2026,13970,12236873000187
2704906,Mar Vermelho,0  ,NE,AL,M,2026,3208,12333761000144
2705002,Mata Grande,0  ,NE,AL,M,2026,22126,12226205000179
2705101,Matriz de Camaragibe,0  ,NE,AL,M,2026,24331,12342663000173
2705200,Messias,0  ,NE,AL,M,2026,15706,12200283000102
2705309,Minador do Negrão,0  ,NE,AL,M,2026,4935,12237038000161
2705408,Monteirópolis,0  ,NE,AL,M,2026,7344,12251450000136
2705507,Murici,0  ,NE,AL,M,2026,25926,12332953000136
2705606,Novo Lino,0  ,NE,AL,M,2026,10285,12248878000120
2705705,Olho d'Água das Flores,0  ,NE,AL,M,2026,21135,12251468000138
2705804,Olho d'Água do Casado,0  ,NE,AL,M,2026,8522,12350146000146
2705903,Olho d'Água Grande,0  ,NE,AL,M,2026,4381,12207411000131
2706000,Olivença,0  ,NE,AL,M,2026,11047,12257762000157
2706109,Ouro Branco,0  ,NE,AL,M,2026,11706,12258141000198
2706208,Palestina,0  ,NE,AL,M,2026,4408,12369872000100
2706307,Palmeira dos Índios,0  ,NE,AL,M,2026,73621,12356879000198
2706406,Pão de Açúcar,0  ,NE,AL,M,2026,24291,12369880000157
2706422,Pariconha,0  ,NE,AL,M,2026,10807,35634435000172
2706448,Paripueira,0  ,NE,AL,M,2026,14199,35561471000153
2706505,Passo de Camaragibe,0  ,NE,AL,M,2026,14070,12342655000127
2706604,Paulo Jacinto,0  ,NE,AL,M,2026,6691,12335030000138
2919108,Lamarão,0  ,NE,BA,M,2026,9303,13844071000112
2919157,Lapão,0  ,NE,BA,M,2026,27014,13891528000140
2919207,Lauro de Freitas,0  ,NE,BA,M,2026,219564,13927819000140
2919306,Lençóis,0  ,NE,BA,M,2026,11194,14694400000159
2919405,Licínio de Almeida,0  ,NE,BA,M,2026,12202,14108286000138
2919504,Livramento de Nossa Senhora,0  ,NE,BA,M,2026,46376,13674817000197
2919553,Luís Eduardo Magalhães,0  ,NE,BA,M,2026,118382,04214419000105
2919603,Macajuba,0  ,NE,BA,M,2026,10740,13810841000106
2919702,Macarani,0  ,NE,BA,M,2026,22768,13751540000159
2919801,Macaúbas,0  ,NE,BA,M,2026,43653,13782461000105
2919900,Macururé,0  ,NE,BA,M,2026,7435,14217343000117
2919926,Madre de Deus,0  ,NE,BA,M,2026,19224,33919960000109
2919959,Maetinga,0  ,NE,BA,M,2026,7218,13284641000167
2920007,Maiquinique,0  ,NE,BA,M,2026,9009,13751821000101
2920106,Mairi,0  ,NE,BA,M,2026,18130,14212872000128
2920205,Malhada,0  ,NE,BA,M,2026,15814,14105217000170
2920304,Malhada de Pedras,0  ,NE,BA,M,2026,8982,14106561000184
2920403,Manoel Vitorino,0  ,NE,BA,M,2026,14287,13894886000106
2920452,Mansidão,0  ,NE,BA,M,2026,14542,13348529000142
2920502,Maracás,0  ,NE,BA,M,2026,29330,13910203000167
2920601,Maragogipe,0  ,NE,BA,M,2026,37041,13784384000122
2920700,Maraú,0  ,NE,BA,M,2026,25804,13848973000127
2920809,Marcionílio Souza,0  ,NE,BA,M,2026,9475,13765219000123
2920908,Mascote,0  ,NE,BA,M,2026,13918,13818018000147
2921005,Mata de São João,0  ,NE,BA,M,2026,44962,13805528000180
2921054,Matina,0  ,NE,BA,M,2026,10611,16417800000142
2921104,Medeiros Neto,0  ,NE,BA,M,2026,22801,13786520000113
2921203,Miguel Calmon,0  ,NE,BA,M,2026,25263,13913363000160
2921302,Milagres,0  ,NE,BA,M,2026,11436,13720263000117
2921401,Mirangaba,0  ,NE,BA,M,2026,16167,13913371000106
2921450,Mirante,0  ,NE,BA,M,2026,10526,16416521000164
2921500,Monte Santo,0  ,NE,BA,M,2026,49807,13698766000133
2921609,Morpará,0  ,NE,BA,M,2026,8220,13798574000107
2921708,Morro do Chapéu,0  ,NE,BA,M,2026,35235,13717517000148
2921807,Mortugaba,0  ,NE,BA,M,2026,11477,13677687000146
2921906,Mucugê,0  ,NE,BA,M,2026,12712,13922562000134
2922003,Mucuri,0  ,NE,BA,M,2026,40114,13761705000173
2922052,Mulungu do Morro,0  ,NE,BA,M,2026,13648,16445876000181
2922102,Mundo Novo,0  ,NE,BA,M,2026,17197,13795380000140
2922201,Muniz Ferreira,0  ,NE,BA,M,2026,7453,13796461000164
2922250,Muquém de São Francisco,0  ,NE,BA,M,2026,10803,16440778000151
2922300,Muritiba,0  ,NE,BA,M,2026,30180,13828504000146
2922409,Mutuípe,0  ,NE,BA,M,2026,20590,13827035000140
2922508,Nazaré,0  ,NE,BA,M,2026,28427,13797188000192
2922607,Nilo Peçanha,0  ,NE,BA,M,2026,12399,13758313000155
2922656,Nordestina,0  ,NE,BA,M,2026,19711,13347539000163
2922706,Nova Canaã,0  ,NE,BA,M,2026,13970,13858675000118
2922730,Nova Fátima,0  ,NE,BA,M,2026,8283,16444069000144
2922755,Nova Ibiá,0  ,NE,BA,M,2026,6696,32697583000148
2922805,Nova Itarana,0  ,NE,BA,M,2026,8073,13892187000127
2922854,Nova Redenção,0  ,NE,BA,M,2026,7670,16245334000165
2922904,Nova Soure,0  ,NE,BA,M,2026,24865,13904420000144
2923001,Nova Viçosa,0  ,NE,BA,M,2026,41629,13761531000149
2923035,Novo Horizonte,0  ,NE,BA,M,2026,11586,16255077000142
2923050,Novo Triunfo,0  ,NE,BA,M,2026,11060,16298945000171
2923100,Olindina,0  ,NE,BA,M,2026,22956,13647854000106
2923209,Oliveira dos Brejinhos,0  ,NE,BA,M,2026,21323,13798905000109
2923308,Ouriçangas,0  ,NE,BA,M,2026,7925,13648043000120
2923357,Ourolândia,0  ,NE,BA,M,2026,20141,16444150000124
2923407,Palmas de Monte Alto,0  ,NE,BA,M,2026,20666,13982590000147
2923506,Palmeiras,0  ,NE,BA,M,2026,10894,13922638000121
2923605,Paramirim,0  ,NE,BA,M,2026,21025,13675491000112
2923704,Paratinga,0  ,NE,BA,M,2026,30680,14105225000117
2923803,Paripiranga,0  ,NE,BA,M,2026,27860,14215826000182
2923902,Pau Brasil,0  ,NE,BA,M,2026,9537,13682299000153
2924009,Paulo Afonso,0  ,NE,BA,M,2026,119418,14217327000124
2924058,Pé de Serra,0  ,NE,BA,M,2026,13677,13232913000185
2924108,Pedrão,0  ,NE,BA,M,2026,6403,13648241000193
2924207,Pedro Alexandre,0  ,NE,BA,M,2026,14226,14216238000163
2924306,Piatã,0  ,NE,BA,M,2026,20938,13675681000130
2924405,Pilão Arcado,0  ,NE,BA,M,2026,37388,13692033000191
2924504,Pindaí,0  ,NE,BA,M,2026,15125,13982624000101
2924603,Pindobaçu,0  ,NE,BA,M,2026,19601,13908710000166
2924652,Pintadas,0  ,NE,BA,M,2026,10654,13896725000151
2924678,Piraí do Norte,0  ,NE,BA,M,2026,11481,13071220000158
2924702,Piripá,0  ,NE,BA,M,2026,9143,13694658000192
2924801,Piritiba,0  ,NE,BA,M,2026,17697,13795786000122
2924900,Planaltino,0  ,NE,BA,M,2026,8239,13769021000118
2925006,Planalto,0  ,NE,BA,M,2026,24026,13858907000138
2925105,Poções,0  ,NE,BA,M,2026,50773,14242200000165
2925204,Pojuca,0  ,NE,BA,M,2026,33573,13806237000106
2925253,Ponto Novo,0  ,NE,BA,M,2026,18763,16444143000122
2925303,Porto Seguro,0  ,NE,BA,M,2026,182630,13635016000112
2925402,Potiraguá,0  ,NE,BA,M,2026,10651,13752191000190
2925501,Prado,0  ,NE,BA,M,2026,37533,13761713000110
2925600,Presidente Dutra,0  ,NE,BA,M,2026,15677,13717798000139
2925709,Presidente Jânio Quadros,0  ,NE,BA,M,2026,12963,14120539000199
2925758,Presidente Tancredo Neves,0  ,NE,BA,M,2026,29489,13071253000106
2925808,Queimadas,0  ,NE,BA,M,2026,27429,14218952000190
2925907,Quijingue,0  ,NE,BA,M,2026,26443,13698782000126
2925931,Quixabeira,0  ,NE,BA,M,2026,9839,16443723000103
2925956,Rafael Jambeiro,0  ,NE,BA,M,2026,20081,13195862000169
2926004,Remanso,0  ,NE,BA,M,2026,42855,13909247000177
2926103,Retirolândia,0  ,NE,BA,M,2026,14174,13844220000143
2926202,Riachão das Neves,0  ,NE,BA,M,2026,22329,14100747000126
2926301,Riachão do Jacuípe,0  ,NE,BA,M,2026,35188,14043269000160
2926400,Riacho de Santana,0  ,NE,BA,M,2026,32060,14105191000160
2926509,Ribeira do Amparo,0  ,NE,BA,M,2026,14528,13809405000117
2926608,Ribeira do Pombal,0  ,NE,BA,M,2026,56316,13809397000109
2926657,Ribeirão do Largo,0  ,NE,BA,M,2026,10029,16418683000131
2926707,Rio de Contas,0  ,NE,BA,M,2026,13634,14263859000106
2926806,Rio do Antônio,0  ,NE,BA,M,2026,13495,13678008000153
2926905,Rio do Pires,0  ,NE,BA,M,2026,10781,13783279000179
2927002,Rio Real,0  ,NE,BA,M,2026,36966,15088800000183
2927101,Rodelas,0  ,NE,BA,M,2026,10884,14217350000119
2927200,Ruy Barbosa,0  ,NE,BA,M,2026,29590,13810833000160
2927309,Salinas da Margarida,0  ,NE,BA,M,2026,15629,13743281000114
2706703,Penedo,0  ,NE,AL,M,2026,60185,12243697000100
2706802,Piaçabuçu,0  ,NE,AL,M,2026,16192,12247268000101
2706901,Pilar,0  ,NE,AL,M,2026,36525,12200150000128
2707008,Pindoba,0  ,NE,AL,M,2026,2786,12335436000110
2707107,Piranhas,0  ,NE,AL,M,2026,23053,12225546000120
2707206,Poço das Trincheiras,0  ,NE,AL,M,2026,12965,12259040000131
2707305,Porto Calvo,0  ,NE,AL,M,2026,24509,12366720000154
2707404,Porto de Pedras,0  ,NE,AL,M,2026,9517,08629446000191
2707503,Porto Real do Colégio,0  ,NE,AL,M,2026,20273,12207429000133
2707602,Quebrangulo,0  ,NE,AL,M,2026,11303,12241675000101
2707701,Rio Largo,0  ,NE,AL,M,2026,97658,12200168000120
2707800,Roteiro,0  ,NE,AL,M,2026,6606,12264248000149
2707909,Santa Luzia do Norte,0  ,NE,AL,M,2026,7066,12200317000150
2708006,Santana do Ipanema,0  ,NE,AL,M,2026,47418,12250916000189
2708105,Santana do Mundaú,0  ,NE,AL,M,2026,11572,12332979000184
2708204,São Brás,0  ,NE,AL,M,2026,6557,12207437000180
2708303,São José da Laje,0  ,NE,AL,M,2026,21180,12330916000199
2708402,São José da Tapera,0  ,NE,AL,M,2026,31569,12261228000114
2708501,São Luís do Quitunde,0  ,NE,AL,M,2026,31785,12342671000110
2708600,São Miguel dos Campos,0  ,NE,AL,M,2026,53380,12264222000109
2708709,São Miguel dos Milagres,0  ,NE,AL,M,2026,8700,12364881000109
2708808,São Sebastião,0  ,NE,AL,M,2026,32707,12247631000199
2708907,Satuba,0  ,NE,AL,M,2026,25105,12200333000143
2708956,Senador Rui Palmeira,0  ,NE,AL,M,2026,12545,12421137000107
2709004,Tanque d'Arca,0  ,NE,AL,M,2026,5906,12241865000129
2709103,Taquarana,0  ,NE,AL,M,2026,19428,12207445000126
2709152,Teotônio Vilela,0  ,NE,AL,M,2026,39143,12842829000110
2709202,Traipu,0  ,NE,AL,M,2026,24106,12207452000128
2709301,União dos Palmares,0  ,NE,AL,M,2026,60860,12332946000134
2709400,Viçosa,0  ,NE,AL,M,2026,24414,12333746000104
2800100,Amparo de São Francisco,0  ,NE,SE,M,2026,2202,13110564000129
2800209,Aquidabã,0  ,NE,SE,M,2026,20556,13000609000102
2800308,Aracaju,1  ,NE,SE,M,2026,630932,13128780000100
2800407,Arauá,0  ,NE,SE,M,2026,10464,13095260000130
2800506,Areia Branca,0  ,NE,SE,M,2026,18626,13100995000104
2800605,Barra dos Coqueiros,0  ,NE,SE,M,2026,45175,13128863000190
2800670,Boquim,0  ,NE,SE,M,2026,25007,13097068000182
2800704,Brejo Grande,0  ,NE,SE,M,2026,8025,13110903000177
2801009,Campo do Brito,0  ,NE,SE,M,2026,18719,13134614000108
2801108,Canhoba,0  ,NE,SE,M,2026,3850,13115381000104
2801207,Canindé de São Francisco,0  ,NE,SE,M,2026,33641,13120225000123
2801306,Capela,0  ,NE,SE,M,2026,32783,13119961000161
2801405,Carira,0  ,NE,SE,M,2026,20314,13099882000136
2801504,Carmópolis,0  ,NE,SE,M,2026,14203,13108535000122
2801603,Cedro de São João,0  ,NE,SE,M,2026,5474,13117601000120
2801702,Cristinápolis,0  ,NE,SE,M,2026,17594,13096029000160
2801900,Cumbe,0  ,NE,SE,M,2026,3872,13112289000182
2802007,Divina Pastora,0  ,NE,SE,M,2026,4436,13108733000196
2802106,Estância,0  ,NE,SE,M,2026,67060,13097050000180
2802205,Feira Nova,0  ,NE,SE,M,2026,6358,13112511000147
2802304,Frei Paulo,0  ,NE,SE,M,2026,14921,13100102000120
2802403,Gararu,0  ,NE,SE,M,2026,11294,13112669000117
2802502,General Maynard,0  ,NE,SE,M,2026,3118,13108899000102
2802601,Gracho Cardoso,0  ,NE,SE,M,2026,5910,13112875000127
2802700,Ilha das Flores,0  ,NE,SE,M,2026,8499,13111224000112
2802809,Indiaroba,0  ,NE,SE,M,2026,16991,13097894000121
2802908,Itabaiana,0  ,NE,SE,M,2026,109250,13104740000110
2803005,Itabaianinha,0  ,NE,SE,M,2026,42230,13098181000182
2803104,Itabi,0  ,NE,SE,M,2026,4816,13113063000104
2803203,Itaporanga d'Ajuda,0  ,NE,SE,M,2026,36074,13128889000139
2803302,Japaratuba,0  ,NE,SE,M,2026,16451,13093786000180
2803401,Japoatã,0  ,NE,SE,M,2026,13723,13115910000161
2803500,Lagarto,0  ,NE,SE,M,2026,105957,13124052000111
2803609,Laranjeiras,0  ,NE,SE,M,2026,24047,13120613000104
2803708,Macambira,0  ,NE,SE,M,2026,7048,13103684000107
2803807,Malhada dos Bois,0  ,NE,SE,M,2026,3674,13115993000199
2803906,Malhador,0  ,NE,SE,M,2026,11712,13104757000177
2804003,Maruim,0  ,NE,SE,M,2026,15956,13109350000132
2804102,Moita Bonita,0  ,NE,SE,M,2026,11297,13104112000134
2804201,Monte Alegre de Sergipe,0  ,NE,SE,M,2026,14781,13113287000108
2804300,Muribeca,0  ,NE,SE,M,2026,8059,13094222000162
2804409,Neópolis,0  ,NE,SE,M,2026,16473,13111679000138
2804458,Nossa Senhora Aparecida,0  ,NE,SE,M,2026,9534,13101308000175
2804508,Nossa Senhora da Glória,0  ,NE,SE,M,2026,43686,13113626000156
2804607,Nossa Senhora das Dores,0  ,NE,SE,M,2026,25569,13094446000174
2804706,Nossa Senhora de Lourdes,0  ,NE,SE,M,2026,6409,13113766000124
2804805,Nossa Senhora do Socorro,0  ,NE,SE,M,2026,204081,13128814000158
2804904,Pacatuba,0  ,NE,SE,M,2026,12690,13112222000148
2805000,Pedra Mole,0  ,NE,SE,M,2026,2811,13100482000101
2805109,Pedrinhas,0  ,NE,SE,M,2026,7355,13098736000196
2805208,Pinhão,0  ,NE,SE,M,2026,5759,13100680000167
2805307,Pirambu,0  ,NE,SE,M,2026,8021,13095039000181
2805406,Poço Redondo,0  ,NE,SE,M,2026,29238,13114004000142
2805505,Poço Verde,0  ,NE,SE,M,2026,22217,13106935000107
2805604,Porto da Folha,0  ,NE,SE,M,2026,27348,13131982000100
2805703,Propriá,0  ,NE,SE,M,2026,27213,13117320000178
2805802,Riachão do Dantas,0  ,NE,SE,M,2026,18541,13107180000157
2805901,Riachuelo,0  ,NE,SE,M,2026,8853,13128897000185
2806008,Ribeirópolis,0  ,NE,SE,M,2026,17365,13104427000181
2806107,Rosário do Catete,0  ,NE,SE,M,2026,9507,13109756000115
2806206,Salgado,0  ,NE,SE,M,2026,20825,13107453000163
2806305,Santa Luzia do Itanhy,0  ,NE,SE,M,2026,14003,13098942000104
2806404,Santana do São Francisco,0  ,NE,SE,M,2026,7549,32846347000146
2806503,Santa Rosa de Lima,0  ,NE,SE,M,2026,4049,13109954000189
2806602,Santo Amaro das Brotas,0  ,NE,SE,M,2026,11289,13110218000140
2806701,São Cristóvão,0  ,NE,SE,M,2026,101213,13128855000144
2806800,São Domingos,0  ,NE,SE,M,2026,10559,13104732000173
2806909,São Francisco,0  ,NE,SE,M,2026,3330,13118435000187
2807006,São Miguel do Aleixo,0  ,NE,SE,M,2026,3471,13114533000146
2807105,Simão Dias,0  ,NE,SE,M,2026,44503,13108089000156
2807204,Siriri,0  ,NE,SE,M,2026,7981,13110408000168
2807303,Telha,0  ,NE,SE,M,2026,3389,13118591000148
2807402,Tobias Barreto,0  ,NE,SE,M,2026,52783,13119300000136
2500601,Alhandra,0  ,NE,PB,M,2026,23065,08778318000100
2500700,São João do Rio do Peixe,0  ,NE,PB,M,2026,18500,08924029000171
2500734,Amparo,0  ,NE,PB,M,2026,2328,01612473000102
2500775,Aparecida,0  ,NE,PB,M,2026,8257,01613168000135
2500809,Araçagi,0  ,NE,PB,M,2026,16991,08778029000100
2500908,Arara,0  ,NE,PB,M,2026,12482,08778755000123
2501005,Araruna,0  ,NE,PB,M,2026,17360,08927105000100
2501104,Areia,0  ,NE,PB,M,2026,23031,08754111000103
2501153,Areia de Baraúnas,0  ,NE,PB,M,2026,2027,01612685000190
2501203,Areial,0  ,NE,PB,M,2026,7434,08701062000132
2501302,Aroeiras,0  ,NE,PB,M,2026,19142,08865636000108
2501351,Assunção,0  ,NE,PB,M,2026,4383,01612635000102
2501401,Baía da Traição,0  ,NE,PB,M,2026,9741,08894859000101
2501500,Bananeiras,0  ,NE,PB,M,2026,24134,08927915000159
2501534,Baraúna,0  ,NE,PB,M,2026,5010,01612512000171
2501575,Barra de Santana,0  ,NE,PB,M,2026,8247,01612535000186
2501609,Barra de Santa Rosa,0  ,NE,PB,M,2026,13024,08993925000192
2501708,Barra de São Miguel,0  ,NE,PB,M,2026,6123,08701708000181
2501807,Bayeux,0  ,NE,PB,M,2026,83862,08924581000160
2501906,Belém,0  ,NE,PB,M,2026,16710,08928517000157
2502003,Belém do Brejo do Cruz,0  ,NE,PB,M,2026,6272,08920126000196
2502052,Bernardino Batista,0  ,NE,PB,M,2026,3677,01621539000120
2502102,Boa Ventura,0  ,NE,PB,M,2026,5246,08940702000167
2502151,Boa Vista,0  ,NE,PB,M,2026,6592,01612538000110
2502201,Bom Jesus,0  ,NE,PB,M,2026,2328,08923989000117
2502300,Bom Sucesso,0  ,NE,PB,M,2026,4720,08920571000156
2502409,Bonito de Santa Fé,0  ,NE,PB,M,2026,10433,08924037000118
2502508,Boqueirão,0  ,NE,PB,M,2026,18216,08702573000179
2502607,Igaracy,0  ,NE,PB,M,2026,5719,08885139000171
2502706,Borborema,0  ,NE,PB,M,2026,4185,09070400000148
2603405,Calumbi,0  ,NE,PE,M,2026,5354,10279107000174
2603454,Camaragibe,0  ,NE,PE,M,2026,156112,08260663000157
2603504,Camocim de São Félix,0  ,NE,PE,M,2026,18018,10766129000169
2603603,Camutanga,0  ,NE,PE,M,2026,7962,11362779000101
2603702,Canhotinho,0  ,NE,PE,M,2026,25103,10132777000163
2603801,Capoeiras,0  ,NE,PE,M,2026,18854,11256088000123
2603900,Carnaíba,0  ,NE,PE,M,2026,19533,11367414000170
2603926,Carnaubeira da Penha,0  ,NE,PE,M,2026,12712,35444991000186
2604007,Carpina,0  ,NE,PE,M,2026,83482,11097342000198
2604106,Caruaru,0  ,NE,PE,M,2026,405408,10091536000113
2604155,Casinhas,0  ,NE,PE,M,2026,13468,01618704000195
2604205,Catende,0  ,NE,PE,M,2026,33086,10186138000180
2604304,Cedro,0  ,NE,PE,M,2026,10843,11361219000132
2604403,Chã de Alegria,0  ,NE,PE,M,2026,13496,11049798000182
2604502,Chã Grande,0  ,NE,PE,M,2026,21258,11049806000190
2604601,Condado,0  ,NE,PE,M,2026,25416,10150068000100
2604700,Correntes,0  ,NE,PE,M,2026,17670,11286358000149
2604809,Cortês,0  ,NE,PE,M,2026,10426,10273548000169
2604908,Cumaru,0  ,NE,PE,M,2026,16215,11097391000120
2605004,Cupira,0  ,NE,PE,M,2026,24343,10191799000102
2605103,Custódia,0  ,NE,PE,M,2026,39609,11358165000156
2605152,Dormentes,0  ,NE,PE,M,2026,17850,35667377000183
2605202,Escada,0  ,NE,PE,M,2026,62174,11294303000180
2605301,Exu,0  ,NE,PE,M,2026,33486,11040870000100
2605400,Feira Nova,0  ,NE,PE,M,2026,22222,11097243000106
2605509,Ferreiros,0  ,NE,PE,M,2026,15955,11361870000102
2605608,Flores,0  ,NE,PE,M,2026,20776,10347466000111
2605707,Floresta,0  ,NE,PE,M,2026,31702,10113736000120
2605806,Frei Miguelinho,0  ,NE,PE,M,2026,14055,11361854000110
2605905,Gameleira,0  ,NE,PE,M,2026,17583,11343902000147
2606002,Garanhuns,0  ,NE,PE,M,2026,151803,11303906000100
2606101,Glória do Goitá,0  ,NE,PE,M,2026,30420,11049814000137
2606200,Goiana,0  ,NE,PE,M,2026,85497,10150043000107
2606309,Granito,0  ,NE,PE,M,2026,7217,11040888000102
2606408,Gravatá,0  ,NE,PE,M,2026,92429,11049830000120
2606507,Iati,0  ,NE,PE,M,2026,17570,11286374000131
2606606,Ibimirim,0  ,NE,PE,M,2026,28825,10105971000150
2606705,Ibirajuba,0  ,NE,PE,M,2026,7334,11256062000185
2606804,Igarassu,0  ,NE,PE,M,2026,123017,10359560000190
2606903,Iguaracy,0  ,NE,PE,M,2026,11347,11368966000100
2607000,Inajá,0  ,NE,PE,M,2026,27758,10106219000123
2607109,Ingazeira,0  ,NE,PE,M,2026,4975,10347888000197
2607208,Ipojuca,0  ,NE,PE,M,2026,106539,11294386000108
2607307,Ipubi,0  ,NE,PE,M,2026,30720,11040896000159
2607406,Itacuruba,0  ,NE,PE,M,2026,4491,10114502000105
2607505,Itaíba,0  ,NE,PE,M,2026,33995,11286382000188
2607604,Ilha de Itamaracá,0  ,NE,PE,M,2026,25658,09680315000100
2607653,Itambé,0  ,NE,PE,M,2026,36652,10150050000109
2607703,Itapetim,0  ,NE,PE,M,2026,14236,11358157000100
2607752,Itapissuma,0  ,NE,PE,M,2026,29669,08637399000128
2607802,Itaquitinga,0  ,NE,PE,M,2026,17142,10150076000157
2607901,Jaboatão dos Guararapes,0  ,NE,PE,M,2026,684293,10377679000196
2607950,Jaqueira,0  ,NE,PE,M,2026,10440,01613989000171
2608008,Jataúba,0  ,NE,PE,M,2026,16328,10091544000160
2608057,Jatobá,0  ,NE,PE,M,2026,14477,01614878000180
2608107,João Alfredo,0  ,NE,PE,M,2026,28842,11097359000145
2608206,Joaquim Nabuco,0  ,NE,PE,M,2026,13416,10192441000196
2608255,Jucati,0  ,NE,PE,M,2026,12023,35450790000191
2608305,Jupi,0  ,NE,PE,M,2026,16022,10140978000102
2608404,Jurema,0  ,NE,PE,M,2026,14002,10141489000175
2608453,Lagoa do Carro,0  ,NE,PE,M,2026,18804,40893778000191
2608503,Lagoa de Itaenga,0  ,NE,PE,M,2026,19863,11097250000108
2608602,Lagoa do Ouro,0  ,NE,PE,M,2026,12367,11286267000103
2608701,Lagoa dos Gatos,0  ,NE,PE,M,2026,14333,10192854000170
2608750,Lagoa Grande,0  ,NE,PE,M,2026,24951,01613731000175
2608800,Lajedo,0  ,NE,PE,M,2026,41960,10143246000176
2608909,Limoeiro,0  ,NE,PE,M,2026,59236,11097292000149
2609006,Macaparana,0  ,NE,PE,M,2026,24642,11361888000104
2609105,Machados,0  ,NE,PE,M,2026,11387,11097375000138
2609154,Manari,0  ,NE,PE,M,2026,27046,01626099000102
2609204,Maraial,0  ,NE,PE,M,2026,9322,10193332000193
2609303,Mirandiba,0  ,NE,PE,M,2026,14605,11043312000107
2609402,Moreno,0  ,NE,PE,M,2026,57654,11049822000183
2609501,Nazaré da Mata,0  ,NE,PE,M,2026,32187,10166817000198
2609600,Olinda,0  ,NE,PE,M,2026,364717,10404184000109
2609709,Orobó,0  ,NE,PE,M,2026,22412,10294254000113
2609808,Orocó,0  ,NE,PE,M,2026,14129,10114767000103
2609907,Ouricuri,0  ,NE,PE,M,2026,68489,11040904000167
2610004,Palmares,0  ,NE,PE,M,2026,56475,10212447000188
2610103,Palmeirina,0  ,NE,PE,M,2026,7104,10144038000191
2610202,Panelas,0  ,NE,PE,M,2026,23337,10215176000114
2610301,Paranatama,0  ,NE,PE,M,2026,12778,10144426000172
2610400,Parnamirim,0  ,NE,PE,M,2026,18960,11361235000125
2610509,Passira,0  ,NE,PE,M,2026,29744,11097300000157
2610608,Paudalho,0  ,NE,PE,M,2026,59924,11097383000184
2610707,Paulista,0  ,NE,PE,M,2026,365144,10408839000117
2610806,Pedra,0  ,NE,PE,M,2026,23671,10106227000170
2610905,Pesqueira,0  ,NE,PE,M,2026,65481,10264406000135
2611002,Petrolândia,0  ,NE,PE,M,2026,36104,10106235000116
2611101,Petrolina,0  ,NE,PE,M,2026,418444,10358190000177
2611200,Poção,0  ,NE,PE,M,2026,10792,10265429000164
2611309,Pombos,0  ,NE,PE,M,2026,26942,11049848000121
2611408,Primavera,0  ,NE,PE,M,2026,14380,11294378000161
2611507,Quipapá,0  ,NE,PE,M,2026,17731,10145225000190
2611533,Quixaba,0  ,NE,PE,M,2026,6753,35445527000104
2611606,Recife,1  ,NE,PE,M,2026,1588376,10565000000192
2611705,Riacho das Almas,0  ,NE,PE,M,2026,21490,10091551000161
2611804,Ribeirão,0  ,NE,PE,M,2026,33843,11343910000193
2611903,Rio Formoso,0  ,NE,PE,M,2026,20388,10291177000148
2612000,Sairé,0  ,NE,PE,M,2026,11213,10122307000119
2612109,Salgadinho,0  ,NE,PE,M,2026,5478,11097367000191
2612208,Salgueiro,0  ,NE,PE,M,2026,65946,11361243000171
2612307,Saloá,0  ,NE,PE,M,2026,14125,11455714000100
2612406,Sanharó,0  ,NE,PE,M,2026,18812,11044906000124
2209708,São Francisco do Piauí,0  ,NE,PI,M,2026,5358,06553994000150
2209757,São Gonçalo do Gurguéia,0  ,NE,PI,M,2026,3026,01612607000195
2209807,São Gonçalo do Piauí,0  ,NE,PI,M,2026,4985,06554828000178
2209856,São João da Canabrava,0  ,NE,PI,M,2026,4359,12066973000102
2209872,São João da Fronteira,0  ,NE,PI,M,2026,5608,01612608000130
2209906,São João da Serra,0  ,NE,PI,M,2026,6232,06554331000150
2209955,São João da Varjota,0  ,NE,PI,M,2026,4430,01612676000107
2209971,São João do Arraial,0  ,NE,PI,M,2026,8494,01612609000184
2210003,São João do Piauí,0  ,NE,PI,M,2026,22137,06553655000173
2210052,São José do Divino,0  ,NE,PI,M,2026,5317,41522111000145
2210102,São José do Peixe,0  ,NE,PI,M,2026,3300,06554000000110
2210201,São José do Piauí,0  ,NE,PI,M,2026,6733,06553838000199
2210300,São Julião,0  ,NE,PI,M,2026,6131,06553846000135
2210359,São Lourenço do Piauí,0  ,NE,PI,M,2026,4497,41522095000190
2210375,São Luis do Piauí,0  ,NE,PI,M,2026,2277,01519467000105
2210383,São Miguel da Baixa Grande,0  ,NE,PI,M,2026,2299,01612623000188
2210391,São Miguel do Fidalgo,0  ,NE,PI,M,2026,2864,01612611000153
2210409,São Miguel do Tapuio,0  ,NE,PI,M,2026,17911,06716906000193
2210508,São Pedro do Piauí,0  ,NE,PI,M,2026,14055,06554810000176
2210607,São Raimundo Nonato,0  ,NE,PI,M,2026,41139,06772859000103
2210623,Sebastião Barros,0  ,NE,PI,M,2026,3210,01612805000159
2210631,Sebastião Leal,0  ,NE,PI,M,2026,4590,01612610000109
2210656,Sigefredo Pacheco,0  ,NE,PI,M,2026,9623,41522129000147
2210706,Simões,0  ,NE,PI,M,2026,14664,06553853000137
2210805,Simplício Mendes,0  ,NE,PI,M,2026,14437,06553952000119
2210904,Socorro do Piauí,0  ,NE,PI,M,2026,4165,06553671000166
2210938,Sussuapara,0  ,NE,PI,M,2026,6346,01612755000100
2210953,Tamboril do Piauí,0  ,NE,PI,M,2026,3040,01616855000104
2210979,Tanque do Piauí,0  ,NE,PI,M,2026,2319,01612616000186
2211001,Teresina,1  ,NE,PI,M,2026,905692,06554869000164
2211100,União,0  ,NE,PI,M,2026,47896,06553606000130
2211209,Uruçuí,0  ,NE,PI,M,2026,26779,06985832000190
2211308,Valença do Piauí,0  ,NE,PI,M,2026,23025,06554737000132
2211357,Várzea Branca,0  ,NE,PI,M,2026,5181,41522103000107
2211407,Várzea Grande,0  ,NE,PI,M,2026,4520,06554950000144
2211506,Vera Mendes,0  ,NE,PI,M,2026,3282,01612615000131
2211605,Vila Nova do Piauí,0  ,NE,PI,M,2026,2972,01612614000197
2211704,Wall Ferraz,0  ,NE,PI,M,2026,4195,01612612000106
2300101,Abaiara,0  ,NE,CE,M,2026,10269,07411531000116
2300150,Acarape,0  ,NE,CE,M,2026,14340,23555170000138
2300200,Acaraú,0  ,NE,CE,M,2026,69317,07547821000191
2300309,Acopiara,0  ,NE,CE,M,2026,45937,07847379000119
2300408,Aiuaba,0  ,NE,CE,M,2026,14115,07568231000145
2300507,Alcântaras,0  ,NE,CE,M,2026,11795,07598626000190
2300606,Altaneira,0  ,NE,CE,M,2026,6974,07385503000171
2300705,Alto Santo,0  ,NE,CE,M,2026,14372,07891666000126
2300754,Amontada,0  ,NE,CE,M,2026,44584,06582449000191
2300804,Antonina do Norte,0  ,NE,CE,M,2026,7507,07594500000148
2300903,Apuiarés,0  ,NE,CE,M,2026,13193,07438468000101
2301000,Aquiraz,0  ,NE,CE,M,2026,85316,07911696000157
2301109,Aracati,0  ,NE,CE,M,2026,79205,07684756000146
2301208,Aracoiaba,0  ,NE,CE,M,2026,26752,07387392000132
2301257,Ararendá,0  ,NE,CE,M,2026,11532,23718356000160
2301307,Araripe,0  ,NE,CE,M,2026,20194,07539984000122
2301406,Aratuba,0  ,NE,CE,M,2026,11427,07387525000170
2301505,Arneiroz,0  ,NE,CE,M,2026,7615,06748297000154
2301604,Assaré,0  ,NE,CE,M,2026,22195,07587983000153
2301703,Aurora,0  ,NE,CE,M,2026,24244,07978042000140
2301802,Baixio,0  ,NE,CE,M,2026,5821,07520224000173
2301851,Banabuiú,0  ,NE,CE,M,2026,17667,23444672000191
2301901,Barbalha,0  ,NE,CE,M,2026,81441,06740278000181
2301950,Barreira,0  ,NE,CE,M,2026,23474,12459632000105
2302008,Barro,0  ,NE,CE,M,2026,19569,07620396000119
2302057,Barroquinha,0  ,NE,CE,M,2026,14998,23478597000180
2302107,Baturité,0  ,NE,CE,M,2026,37147,07387343000108
2302206,Beberibe,0  ,NE,CE,M,2026,55977,07528292000189
2302305,Bela Cruz,0  ,NE,CE,M,2026,34613,07566045000177
2302404,Boa Viagem,0  ,NE,CE,M,2026,52133,07963515000136
2302503,Brejo Santo,0  ,NE,CE,M,2026,54192,07620701000172
2302602,Camocim,0  ,NE,CE,M,2026,65251,07660350000123
2302701,Campos Sales,0  ,NE,CE,M,2026,26049,07416704000199
2302800,Canindé,0  ,NE,CE,M,2026,77376,07963259000187
2302909,Capistrano,0  ,NE,CE,M,2026,17795,07063589000116
2303006,Caridade,0  ,NE,CE,M,2026,16234,07707094000182
2303105,Cariré,0  ,NE,CE,M,2026,18074,07598600000142
2303204,Caririaçu,0  ,NE,CE,M,2026,27532,06738132000100
2303303,Cariús,0  ,NE,CE,M,2026,17277,07540180000143
2303402,Carnaubal,0  ,NE,CE,M,2026,17815,07732670000141
2303501,Cascavel,0  ,NE,CE,M,2026,76866,07589369000120
2303600,Catarina,0  ,NE,CE,M,2026,9110,07540925000174
2303659,Catunda,0  ,NE,CE,M,2026,10864,35049097000101
2303709,Caucaia,0  ,NE,CE,M,2026,378406,07616162000106
2303808,Cedro,0  ,NE,CE,M,2026,22564,07812241000184
2303907,Chaval,0  ,NE,CE,M,2026,12811,07146301000177
2303931,Choró,0  ,NE,CE,M,2026,12352,63386627000142
2303956,Chorozinho,0  ,NE,CE,M,2026,20808,23555279000175
2304004,Coreaú,0  ,NE,CE,M,2026,21417,07598618000144
2304103,Crateús,0  ,NE,CE,M,2026,80130,07982036000167
2304202,Crato,0  ,NE,CE,M,2026,139027,07587975000107
2304236,Croatá,0  ,NE,CE,M,2026,18050,10462349000107
2304251,Cruz,0  ,NE,CE,M,2026,32288,07663917000115
2304269,Deputado Irapuan Pinheiro,0  ,NE,CE,M,2026,9173,12464103000191
2304277,Ererê,0  ,NE,CE,M,2026,6381,12465068000125
2304285,Eusébio,0  ,NE,CE,M,2026,82016,23563067000130
2304301,Farias Brito,0  ,NE,CE,M,2026,18498,07595572000100
2304350,Forquilha,0  ,NE,CE,M,2026,25298,07673106000103
2304400,Fortaleza,1  ,NE,CE,M,2026,2578483,07954605000160
2304459,Fortim,0  ,NE,CE,M,2026,18213,35050756000120
2304509,Frecheirinha,0  ,NE,CE,M,2026,16516,07598592000134
2304608,General Sampaio,0  ,NE,CE,M,2026,6929,07438591000122
2304657,Graça,0  ,NE,CE,M,2026,14176,23467889000117
2304707,Granja,0  ,NE,CE,M,2026,55809,07827165000180
2304806,Granjeiro,0  ,NE,CE,M,2026,4955,41342098000142
2304905,Groaíras,0  ,NE,CE,M,2026,11369,07598709000180
2304954,Guaiúba,0  ,NE,CE,M,2026,25158,12359535000132
2305001,Guaraciaba do Norte,0  ,NE,CE,M,2026,44565,07569205000131
2305100,Guaramiranga,0  ,NE,CE,M,2026,5826,07606478000109
2305209,Hidrolândia,0  ,NE,CE,M,2026,18186,07707680000127
2305233,Horizonte,0  ,NE,CE,M,2026,81161,23555196000186
2305266,Ibaretama,0  ,NE,CE,M,2026,12149,23444680000138
2305308,Ibiapina,0  ,NE,CE,M,2026,24689,07523186000102
2305332,Ibicuitinga,0  ,NE,CE,M,2026,12008,12461646000155
2305357,Icapuí,0  ,NE,CE,M,2026,22562,10393593000157
2305407,Icó,0  ,NE,CE,M,2026,64745,07669682000179
2305506,Iguatu,0  ,NE,CE,M,2026,102588,07810468000190
2305605,Independência,0  ,NE,CE,M,2026,24463,07982028000110
2305654,Ipaporanga,0  ,NE,CE,M,2026,11963,10462364000147
2305704,Ipaumirim,0  ,NE,CE,M,2026,12459,07520141000184
2305803,Ipu,0  ,NE,CE,M,2026,43084,07679723000108
2305902,Ipueiras,0  ,NE,CE,M,2026,38287,07680846000169
2306009,Iracema,0  ,NE,CE,M,2026,14440,07891658000180
2306108,Irauçuba,0  ,NE,CE,M,2026,24867,07683188000169
2306207,Itaiçaba,0  ,NE,CE,M,2026,7801,07403769000108
2306256,Itaitinga,0  ,NE,CE,M,2026,72512,41563628000182
2306306,Itapajé,0  ,NE,CE,M,2026,49073,07683956000184
2306405,Itapipoca,0  ,NE,CE,M,2026,138978,07623077000167
2306504,Itapiúna,0  ,NE,CE,M,2026,18197,07387509000188
2306553,Itarema,0  ,NE,CE,M,2026,45852,07663941000154
2306603,Itatira,0  ,NE,CE,M,2026,21160,07963739000148
2306702,Jaguaretama,0  ,NE,CE,M,2026,17604,07442825000105
2306801,Jaguaribara,0  ,NE,CE,M,2026,10668,07442981000176
2306900,Jaguaribe,0  ,NE,CE,M,2026,35143,07443708000166
2307007,Jaguaruana,0  ,NE,CE,M,2026,33115,07615750000117
2307106,Jardim,0  ,NE,CE,M,2026,28801,07391006000186
2307205,Jati,0  ,NE,CE,M,2026,8114,07413255000125
2307254,Jijoca de Jericoacoara,0  ,NE,CE,M,2026,28198,23718034000111
2307304,Juazeiro do Norte,0  ,NE,CE,M,2026,305531,07974082000114
2307403,Jucás,0  ,NE,CE,M,2026,24624,07541279000160
2307502,Lavras da Mangabeira,0  ,NE,CE,M,2026,32163,07609621000116
2307601,Limoeiro do Norte,0  ,NE,CE,M,2026,62623,07891674000172
2307635,Madalena,0  ,NE,CE,M,2026,17235,10508935000137
2307650,Maracanaú,0  ,NE,CE,M,2026,251613,07605850000162
2307700,Maranguape,0  ,NE,CE,M,2026,108622,07963051000168
2307809,Marco,0  ,NE,CE,M,2026,27177,07566516000147
2307908,Martinópole,0  ,NE,CE,M,2026,11280,07661192000126
2308005,Massapê,0  ,NE,CE,M,2026,39840,07598691000116
2308104,Mauriti,0  ,NE,CE,M,2026,47501,07655269000155
2308203,Meruoca,0  ,NE,CE,M,2026,15853,07598683000170
2308302,Milagres,0  ,NE,CE,M,2026,26819,07655277000100
2308351,Milhã,0  ,NE,CE,M,2026,14713,06741565000106
2308377,Miraíma,0  ,NE,CE,M,2026,14826,10517563000105
2308401,Missão Velha,0  ,NE,CE,M,2026,38997,07977044000115
2308500,Mombaça,0  ,NE,CE,M,2026,38451,07736390000101
2308609,Monsenhor Tabosa,0  ,NE,CE,M,2026,17705,07693989000105
2308708,Morada Nova,0  ,NE,CE,M,2026,65390,07782840000100
2308807,Moraújo,0  ,NE,CE,M,2026,8537,07598675000123
2308906,Morrinhos,0  ,NE,CE,M,2026,23747,07566920000110
2309003,Mucambo,0  ,NE,CE,M,2026,13999,07733793000105
2309102,Mulungu,0  ,NE,CE,M,2026,11064,07910730000179
2309201,Nova Olinda,0  ,NE,CE,M,2026,16045,07536444000195
